group_id,state,group_type,num_members,group_age_months,avg_member_age,literacy_rate_pct,avg_monthly_saving_per_member,total_savings_balance,savings_regularity_pct,meeting_attendance_pct,bank_linkage_duration_months,sb_account_active,num_previous_loans,previous_loan_repayment_ontime_pct,num_defaulters_in_group,current_outstanding_loan_amount,purpose_of_loan,requested_loan_amount,group_cohesion_score,internal_lending_active,eligible_for_loan
SHG20000,Tamil Nadu,Mixed SHG,15,40,43.6,49.6,106.34,3507.92,84.1,84.0,35,Yes,2,52.1,0,17090.98,Emergency/Consumption,76000.0,7.0,Yes,0
SHG20001,Tamil Nadu,Women SHG,8,61,59.0,52.0,78.7,2682.31,61.7,90.1,50,Yes,4,75.6,0,13966.45,Education,23000.0,5.4,Yes,1
SHG20002,Karnataka,Women SHG,9,18,42.0,50.2,129.0,1176.73,80.3,67.9,16,Yes,2,67.6,0,26705.45,Small Business,35200.0,6.4,Yes,1
SHG20003,Maharashtra,Women SHG,10,16,33.0,66.9,60.41,486.21,62.1,57.8,11,Yes,3,90.8,0,14090.35,Agriculture,29900.0,3.7,No,1
SHG20004,Karnataka,Women SHG,11,27,41.3,64.6,160.56,2453.06,64.8,76.3,15,Yes,1,86.0,0,15830.47,Agriculture,22000.0,7.4,Yes,0
SHG20005,Karnataka,Mixed SHG,11,61,38.4,73.4,173.17,9462.06,95.5,95.1,48,Yes,2,84.4,0,12112.47,Livestock,44500.0,6.0,Yes,1
SHG20006,West Bengal,Mixed SHG,12,41,55.6,80.8,45.48,1856.28,81.9,76.9,38,Yes,2,57.5,1,20190.91,Agriculture,31300.0,8.3,Yes,1
SHG20007,Uttar Pradesh,Mixed SHG,13,8,38.1,64.5,64.43,490.67,68.5,84.2,5,Yes,1,70.4,0,30911.04,Education,24200.0,6.7,No,1
SHG20008,West Bengal,Women SHG,14,7,36.5,47.1,221.83,1438.81,59.6,78.5,6,Yes,0,,0,0.0,Small Business,44800.0,7.2,Yes,1
SHG20009,Uttar Pradesh,Women SHG,14,33,49.3,40.9,232.02,6959.47,66.1,81.9,22,Yes,3,76.7,0,35994.24,Agriculture,5300.0,6.8,No,1
SHG20010,Karnataka,Women SHG,12,37,40.1,71.4,20.0,579.88,78.2,84.1,27,Yes,1,73.2,1,15105.68,Agriculture,14400.0,7.2,Yes,1
SHG20011,Tamil Nadu,Women SHG,13,43,44.0,90.1,83.66,3719.84,71.0,54.3,33,No,0,,0,0.0,Emergency/Consumption,57900.0,9.2,Yes,0
SHG20012,Tamil Nadu,Women SHG,9,17,37.6,74.7,25.05,227.08,71.4,86.1,12,No,1,47.6,1,17358.9,Home Improvement,67000.0,6.8,No,0
SHG20013,Uttar Pradesh,Mixed SHG,13,23,47.8,79.6,70.99,1569.93,79.4,54.2,14,Yes,0,,0,0.0,Livestock,28300.0,7.4,No,1
SHG20014,Andhra Pradesh,Women SHG,16,38,34.3,43.6,76.64,3392.05,79.5,58.1,32,Yes,1,66.5,0,4568.24,Small Business,46900.0,6.4,No,0
SHG20015,Karnataka,Women SHG,14,69,52.2,35.7,165.19,9553.94,63.7,79.0,46,Yes,2,74.3,0,34444.39,Small Business,36000.0,7.5,Yes,1
SHG20016,Uttar Pradesh,Women SHG,13,14,36.0,53.6,49.16,719.87,57.2,79.1,12,Yes,3,74.6,0,4632.98,Small Business,16400.0,7.1,Yes,1
SHG20017,Maharashtra,Women SHG,16,9,33.4,81.6,103.85,1176.9,82.9,86.8,9,Yes,1,91.2,0,13310.09,Agriculture,50600.0,5.7,Yes,1
SHG20018,Maharashtra,Women SHG,17,107,36.2,70.0,103.8,9581.92,62.7,81.7,91,Yes,0,,0,0.0,Home Improvement,27000.0,8.6,Yes,0
SHG20019,Odisha,Farmer Producer Group,13,58,43.6,59.7,344.6,16334.47,52.6,71.5,45,Yes,1,69.7,0,2201.09,Agriculture,15600.0,8.1,No,1
SHG20020,West Bengal,Women SHG,10,21,30.3,62.3,263.08,4432.57,70.0,68.1,18,Yes,2,94.4,0,29422.82,Education,5000.0,8.6,Yes,1
SHG20021,Telangana,Women SHG,13,15,34.5,48.6,83.08,881.17,90.0,81.8,8,Yes,0,,0,0.0,Small Business,37700.0,6.1,Yes,1
SHG20022,Maharashtra,Women SHG,8,48,55.1,38.5,65.68,1572.78,66.8,95.6,28,Yes,1,67.6,1,12250.86,Agriculture,7000.0,6.4,Yes,1
SHG20023,Karnataka,Women SHG,15,26,39.8,57.6,134.38,4170.43,61.7,40.1,20,Yes,2,80.2,2,20144.55,Agriculture,16200.0,8.8,Yes,1
SHG20024,Tamil Nadu,Mixed SHG,14,11,52.3,61.1,182.23,1602.26,66.2,72.5,10,Yes,4,81.3,1,5591.05,Small Business,36800.0,7.5,Yes,1
SHG20025,Uttar Pradesh,Women SHG,11,6,48.7,63.7,143.05,535.5,63.2,79.7,5,Yes,2,74.2,0,16999.4,Agriculture,27700.0,6.7,Yes,1
SHG20026,Odisha,Women SHG,14,23,41.2,62.7,68.39,1309.87,87.1,75.4,21,No,1,86.4,0,18887.24,Livestock,23400.0,5.7,Yes,0
SHG20027,Tamil Nadu,Mixed SHG,11,94,34.8,33.4,102.21,7813.7,89.9,96.6,72,Yes,2,80.9,0,21801.91,Small Business,14600.0,8.5,No,1
SHG20028,Kerala,Women SHG,14,16,24.3,51.4,182.83,3031.09,84.3,94.6,10,Yes,1,76.6,0,9569.26,Agriculture,15500.0,5.5,No,1
SHG20029,Andhra Pradesh,Women SHG,13,23,24.0,55.3,25.49,630.23,50.4,77.9,14,Yes,0,,0,0.0,Small Business,131300.0,7.5,Yes,1
SHG20030,Tamil Nadu,Farmer Producer Group,15,59,35.5,32.7,90.59,5158.95,56.8,74.3,53,Yes,0,,0,0.0,Small Business,50200.0,7.2,Yes,0
SHG20031,Bihar,Women SHG,13,9,44.4,45.7,161.25,1444.81,51.7,87.7,8,Yes,2,56.0,0,6020.74,Livestock,29100.0,5.0,No,0
SHG20032,West Bengal,Farmer Producer Group,9,20,42.0,70.3,109.14,989.0,68.8,44.1,18,Yes,1,63.9,0,14189.65,Agriculture,5000.0,6.3,No,0
SHG20033,Maharashtra,Women SHG,12,18,31.2,54.6,20.64,331.58,38.1,90.0,16,Yes,0,,0,0.0,Small Business,59200.0,4.9,Yes,0
SHG20034,Maharashtra,Women SHG,20,26,40.4,44.7,87.54,3570.81,49.1,83.9,16,Yes,5,62.1,0,25215.25,Small Business,6100.0,7.6,Yes,1
SHG20035,Bihar,Women SHG,16,31,48.4,42.1,40.54,1563.21,42.4,59.8,19,Yes,1,80.4,0,21792.69,Small Business,25700.0,8.8,Yes,1
SHG20036,West Bengal,Women SHG,9,12,39.8,70.4,174.86,1355.84,71.2,49.9,7,Yes,1,63.9,0,16956.63,Small Business,35200.0,6.0,Yes,1
SHG20037,Karnataka,Women SHG,13,17,40.5,55.9,148.73,2437.07,86.4,63.8,9,Yes,1,79.3,0,9993.61,Emergency/Consumption,38800.0,6.9,No,0
SHG20038,Odisha,Women SHG,9,24,32.3,42.5,67.24,1043.22,60.1,73.2,13,Yes,1,35.6,0,5922.13,Emergency/Consumption,25700.0,8.0,Yes,1
SHG20039,West Bengal,Mixed SHG,12,3,31.8,88.1,288.95,605.83,81.0,83.5,2,No,0,,0,0.0,Emergency/Consumption,38900.0,7.6,Yes,1
SHG20040,Telangana,Women SHG,17,43,36.5,53.5,88.79,4498.99,80.5,60.3,24,Yes,2,87.5,0,2709.5,Small Business,23500.0,8.5,No,1
SHG20041,Tamil Nadu,Women SHG,13,48,51.6,64.0,68.52,3099.12,70.1,74.3,29,Yes,1,89.2,0,7685.83,Emergency/Consumption,55300.0,8.5,No,0
SHG20042,Uttar Pradesh,Farmer Producer Group,9,24,37.4,87.2,188.04,2094.24,75.2,47.3,17,Yes,2,76.5,0,23264.85,Livestock,64100.0,9.1,Yes,1
SHG20043,Tamil Nadu,Mixed SHG,14,53,33.2,73.4,153.64,9277.23,73.4,72.2,34,Yes,1,91.4,0,11011.02,Livestock,29700.0,4.1,Yes,1
SHG20044,Karnataka,Women SHG,8,37,50.3,68.4,20.0,419.17,73.6,95.4,28,Yes,2,45.6,0,17408.53,Small Business,74200.0,7.9,Yes,1
SHG20045,Tamil Nadu,Women SHG,13,67,20.0,65.0,48.78,3298.87,66.2,88.8,37,Yes,2,72.7,0,8869.72,Livestock,65500.0,6.4,Yes,1
SHG20046,Andhra Pradesh,Women SHG,13,47,41.3,50.2,218.16,7225.57,75.5,54.1,30,No,2,49.6,1,25878.32,Livestock,54700.0,8.9,No,1
SHG20047,Bihar,Farmer Producer Group,18,43,47.3,57.4,60.3,3773.57,81.3,77.5,38,No,1,85.0,2,17680.92,Emergency/Consumption,70700.0,7.2,Yes,0
SHG20048,Maharashtra,Farmer Producer Group,15,50,49.2,84.5,65.89,3821.32,73.5,77.4,33,Yes,2,94.1,1,6574.27,Home Improvement,30100.0,8.4,Yes,0
SHG20049,Telangana,Women SHG,14,6,23.8,100.0,133.44,561.5,76.3,58.2,5,Yes,1,59.1,0,16245.61,Agriculture,17500.0,6.4,Yes,1
SHG20050,Kerala,Mixed SHG,14,58,47.0,59.0,110.56,6316.73,52.8,76.5,35,Yes,0,,0,0.0,Small Business,35900.0,5.4,Yes,0
SHG20051,Karnataka,Women SHG,12,5,22.6,78.2,72.06,253.83,36.8,66.0,3,Yes,0,,0,0.0,Agriculture,61300.0,5.7,No,0
SHG20052,Telangana,Women SHG,16,22,40.2,100.0,61.19,1598.49,88.1,77.8,16,No,3,79.6,0,1997.57,Small Business,23500.0,8.1,Yes,1
SHG20053,Odisha,Women SHG,15,25,34.9,62.8,222.27,6448.87,94.3,55.7,15,Yes,1,49.8,0,7717.23,Agriculture,24100.0,6.5,Yes,0
SHG20054,West Bengal,Women SHG,9,8,40.3,48.3,220.22,1082.18,60.0,45.3,5,No,2,79.2,0,5389.55,Home Improvement,29500.0,7.5,Yes,1
SHG20055,Odisha,Women SHG,8,51,40.1,68.7,299.24,8202.16,93.3,83.9,29,Yes,1,64.6,1,14998.97,Small Business,15700.0,7.4,Yes,1
SHG20056,Tamil Nadu,Women SHG,13,11,32.4,39.3,401.18,4277.15,70.4,87.3,9,Yes,3,65.4,0,27161.08,Small Business,38900.0,4.7,Yes,1
SHG20057,Odisha,Women SHG,17,27,39.7,82.9,165.68,4449.06,46.6,92.1,17,Yes,2,77.3,1,4241.88,Education,19900.0,8.4,Yes,1
SHG20058,Tamil Nadu,Women SHG,12,46,31.4,68.8,121.67,3423.3,95.5,74.0,39,Yes,2,90.2,0,14156.26,Livestock,8300.0,7.6,Yes,1
SHG20059,Tamil Nadu,Women SHG,14,65,41.0,55.0,52.57,3850.36,79.6,78.7,59,Yes,0,,0,0.0,Emergency/Consumption,43300.0,8.5,No,1
SHG20060,Tamil Nadu,Women SHG,11,10,29.7,99.8,242.66,1850.08,57.5,88.0,9,Yes,0,,0,0.0,Agriculture,51800.0,8.8,Yes,0
SHG20061,Odisha,Women SHG,13,17,36.9,52.0,222.77,2578.72,70.4,68.8,15,Yes,1,61.2,1,14720.45,Livestock,19300.0,4.2,Yes,1
SHG20062,Karnataka,Mixed SHG,8,29,38.2,53.4,199.08,3834.12,65.6,66.0,16,Yes,1,74.7,0,7517.0,Agriculture,23200.0,7.9,No,1
SHG20063,Karnataka,Women SHG,14,31,25.1,65.2,287.63,8934.58,81.0,91.7,17,Yes,1,74.6,0,7395.17,Agriculture,30000.0,8.8,Yes,1
SHG20064,Odisha,Mixed SHG,16,41,41.1,94.5,139.09,6571.08,90.8,63.7,38,Yes,0,,0,0.0,Livestock,21300.0,8.4,Yes,1
SHG20065,Andhra Pradesh,Farmer Producer Group,14,54,38.2,84.1,115.77,6856.04,94.8,68.7,28,Yes,2,73.2,1,20053.25,Agriculture,53100.0,5.2,Yes,1
SHG20066,Tamil Nadu,Women SHG,10,27,49.9,62.2,485.27,9750.83,48.9,89.8,20,Yes,0,,0,0.0,Agriculture,47600.0,5.6,Yes,1
SHG20067,Maharashtra,Women SHG,15,23,41.0,68.7,87.98,1928.61,65.6,89.4,19,Yes,2,84.9,0,5481.74,Emergency/Consumption,45400.0,6.1,Yes,1
SHG20068,Tamil Nadu,Mixed SHG,11,11,35.1,32.9,221.0,2103.46,39.5,58.7,9,Yes,3,66.4,0,7358.45,Home Improvement,61400.0,8.5,Yes,0
SHG20069,Karnataka,Women SHG,13,17,38.8,68.0,48.89,582.99,83.3,80.0,15,Yes,1,86.6,0,69534.49,Agriculture,18200.0,6.9,Yes,1
SHG20070,Andhra Pradesh,Women SHG,12,38,36.3,62.3,377.12,10062.2,58.2,61.3,31,Yes,2,79.4,0,4702.25,Emergency/Consumption,18200.0,7.6,Yes,0
SHG20071,West Bengal,Women SHG,13,57,31.3,27.4,251.48,12958.02,84.2,86.0,38,No,2,69.3,1,35839.93,Agriculture,20400.0,9.0,No,1
SHG20072,Tamil Nadu,Women SHG,18,44,42.7,47.6,176.26,9817.04,68.8,91.3,41,Yes,4,79.1,0,8111.55,Small Business,5300.0,7.0,No,1
SHG20073,Kerala,Women SHG,13,7,27.5,74.1,341.78,1971.48,75.1,46.8,5,Yes,2,82.1,0,7849.51,Agriculture,48200.0,6.8,No,1
SHG20074,Kerala,Women SHG,14,37,39.8,82.1,76.3,2206.23,81.8,94.2,20,Yes,1,69.9,0,11377.75,Agriculture,22900.0,10.0,No,1
SHG20075,Andhra Pradesh,Women SHG,15,81,44.3,80.2,53.08,4354.29,91.5,50.7,68,Yes,1,92.0,0,6892.27,Small Business,7100.0,8.3,Yes,1
SHG20076,Maharashtra,Women SHG,9,35,36.9,77.3,54.85,1161.86,72.1,79.7,28,Yes,2,72.1,0,8447.98,Small Business,8400.0,6.2,Yes,1
SHG20077,Telangana,Women SHG,17,39,54.2,69.5,20.0,1104.71,93.9,84.2,35,Yes,2,41.6,0,25777.56,Small Business,14200.0,7.4,Yes,1
SHG20078,Andhra Pradesh,Women SHG,15,44,36.0,43.9,143.6,5206.43,58.3,79.4,28,Yes,0,,0,0.0,Emergency/Consumption,9600.0,5.3,Yes,1
SHG20079,Andhra Pradesh,Women SHG,9,21,44.6,43.7,39.65,573.31,44.3,85.9,16,No,2,72.5,1,9983.69,Small Business,18400.0,5.9,Yes,0
SHG20080,Karnataka,Women SHG,9,28,34.4,57.2,157.4,1985.25,92.8,69.4,21,Yes,1,90.9,1,1131.08,Home Improvement,26300.0,6.8,Yes,1
SHG20081,Uttar Pradesh,Women SHG,11,27,42.2,100.0,55.57,906.04,70.0,72.5,25,No,1,78.9,0,8044.29,Home Improvement,25400.0,9.9,Yes,0
SHG20082,Andhra Pradesh,Farmer Producer Group,13,16,53.3,60.6,79.68,979.81,85.2,75.4,10,Yes,1,32.4,0,26767.79,Home Improvement,6200.0,6.1,Yes,1
SHG20083,Kerala,Women SHG,9,55,39.4,50.3,136.73,4561.53,68.5,47.1,34,Yes,1,63.1,0,22802.16,Livestock,32600.0,4.6,No,1
SHG20084,Maharashtra,Women SHG,12,28,40.6,51.7,40.63,904.55,77.3,96.4,25,Yes,0,,0,0.0,Home Improvement,9000.0,7.0,No,1
SHG20085,Kerala,Women SHG,13,22,25.6,48.1,41.85,712.45,89.8,86.2,13,No,0,,0,0.0,Livestock,15200.0,7.7,Yes,0
SHG20086,Uttar Pradesh,Farmer Producer Group,18,15,33.3,12.7,79.85,1593.22,82.4,74.0,13,Yes,0,,0,0.0,Agriculture,29000.0,9.4,No,0
SHG20087,Telangana,Farmer Producer Group,13,16,22.4,73.7,59.56,672.26,55.0,87.1,15,Yes,0,,0,0.0,Livestock,67300.0,6.9,Yes,1
SHG20088,Maharashtra,Women SHG,14,15,43.6,84.6,26.16,309.96,17.3,64.8,13,Yes,0,,0,0.0,Emergency/Consumption,50900.0,8.5,Yes,1
SHG20089,Andhra Pradesh,Mixed SHG,15,17,45.7,42.4,213.09,3119.56,52.5,95.2,11,Yes,2,52.6,1,2681.62,Emergency/Consumption,22300.0,6.5,Yes,1
SHG20090,Uttar Pradesh,Women SHG,9,15,33.4,68.1,20.0,204.29,63.9,58.7,11,Yes,2,71.2,0,21517.02,Emergency/Consumption,13600.0,5.4,Yes,1
SHG20091,Odisha,Women SHG,14,51,28.6,93.8,375.8,22134.36,75.5,75.8,47,No,0,,0,0.0,Small Business,20500.0,5.6,Yes,0
SHG20092,Kerala,Women SHG,15,11,30.2,60.4,182.5,2126.33,97.0,66.3,6,Yes,3,90.7,1,17693.18,Agriculture,17200.0,8.8,Yes,1
SHG20093,Telangana,Women SHG,16,11,40.9,69.7,77.93,719.29,84.8,74.6,9,Yes,1,82.8,0,35207.06,Agriculture,61500.0,7.3,Yes,1
SHG20094,Uttar Pradesh,Women SHG,14,38,35.5,53.6,22.22,652.7,50.5,73.7,36,Yes,0,,0,0.0,Agriculture,14300.0,6.8,Yes,1
SHG20095,Odisha,Women SHG,14,29,50.3,62.2,166.71,4375.35,91.8,83.1,27,Yes,0,,0,0.0,Home Improvement,24100.0,4.7,No,1
SHG20096,West Bengal,Mixed SHG,20,61,36.2,72.1,112.0,6881.85,57.5,29.4,35,No,1,60.2,1,20951.52,Agriculture,23800.0,4.4,Yes,1
SHG20097,Maharashtra,Women SHG,15,14,39.7,45.6,323.26,4249.97,74.3,90.8,8,Yes,2,43.2,1,16890.79,Emergency/Consumption,30600.0,5.8,No,0
SHG20098,Bihar,Women SHG,18,14,31.7,73.9,42.82,670.93,56.4,44.4,7,Yes,1,98.1,0,22235.89,Small Business,28900.0,8.6,No,0
SHG20099,West Bengal,Women SHG,12,21,36.8,44.0,100.66,1561.0,80.4,25.8,16,Yes,4,83.3,0,38601.43,Small Business,5000.0,5.3,Yes,1
SHG20100,Karnataka,Mixed SHG,18,30,42.1,40.3,67.19,1900.2,66.5,64.0,16,Yes,0,,0,0.0,Emergency/Consumption,32100.0,8.6,Yes,1
SHG20101,West Bengal,Women SHG,8,21,41.2,49.8,36.9,510.59,83.2,90.4,17,Yes,2,77.7,0,4703.3,Education,18100.0,7.5,Yes,1
SHG20102,Odisha,Farmer Producer Group,17,23,38.1,57.4,287.92,8942.64,54.7,36.4,13,Yes,1,87.9,1,10898.42,Agriculture,17900.0,5.3,No,1
SHG20103,Bihar,Women SHG,14,21,50.9,36.1,101.88,2045.43,69.9,87.0,11,No,1,92.0,0,13115.86,Agriculture,7200.0,7.9,Yes,1
SHG20104,Kerala,Women SHG,17,7,47.8,80.6,233.0,2309.42,73.3,73.6,5,Yes,1,30.8,2,20323.71,Agriculture,81100.0,6.3,Yes,0
SHG20105,Tamil Nadu,Mixed SHG,14,36,48.3,72.6,277.3,10866.96,94.0,74.5,27,Yes,1,77.9,0,38911.42,Emergency/Consumption,16400.0,5.1,No,1
SHG20106,Tamil Nadu,Farmer Producer Group,17,42,32.2,54.1,127.71,7037.21,93.6,45.5,28,Yes,0,,0,0.0,Agriculture,59800.0,8.2,No,1
SHG20107,Maharashtra,Women SHG,11,22,45.4,67.5,40.92,725.43,67.2,78.4,16,Yes,1,70.0,0,6434.12,Education,8900.0,5.8,No,1
SHG20108,Uttar Pradesh,Women SHG,10,27,30.6,49.9,187.98,2865.67,94.6,62.6,14,Yes,3,69.6,0,16726.03,Small Business,16400.0,8.0,No,1
SHG20109,Bihar,Women SHG,14,32,22.1,36.7,90.32,3235.45,59.1,87.9,23,Yes,6,45.0,1,13400.86,Livestock,37500.0,8.8,No,1
SHG20110,Maharashtra,Women SHG,13,36,33.2,30.8,48.38,1427.57,65.7,86.0,18,Yes,2,72.2,0,2297.63,Livestock,6300.0,4.3,Yes,1
SHG20111,Andhra Pradesh,Women SHG,16,35,42.6,46.9,430.78,17547.47,83.9,89.6,29,Yes,1,66.9,1,11279.9,Agriculture,60500.0,6.1,Yes,1
SHG20112,Bihar,Women SHG,16,42,37.8,73.3,87.04,3943.2,71.7,57.5,32,Yes,1,80.5,0,22221.98,Home Improvement,18400.0,4.6,Yes,1
SHG20113,West Bengal,Women SHG,13,18,37.3,43.0,45.12,861.13,69.0,83.9,15,Yes,0,,0,0.0,Livestock,39000.0,7.8,Yes,0
SHG20114,Andhra Pradesh,Women SHG,12,32,29.7,51.7,112.66,2639.1,57.6,90.6,28,Yes,0,,0,0.0,Livestock,19200.0,7.9,Yes,1
SHG20115,Karnataka,Women SHG,17,13,46.7,79.7,215.71,3170.84,88.0,67.2,9,Yes,3,81.7,0,1689.68,Agriculture,26400.0,9.0,Yes,1
SHG20116,Karnataka,Women SHG,12,59,39.5,31.7,67.5,2890.94,91.5,93.2,47,Yes,1,78.7,0,7545.55,Emergency/Consumption,83100.0,6.3,No,1
SHG20117,Uttar Pradesh,Farmer Producer Group,12,28,45.2,32.0,50.1,1203.85,72.7,85.2,15,Yes,2,55.3,0,24482.88,Small Business,13300.0,5.2,No,0
SHG20118,Tamil Nadu,Women SHG,14,12,38.6,70.3,87.28,819.74,78.0,81.7,11,Yes,1,66.6,1,34096.86,Agriculture,62700.0,7.7,No,1
SHG20119,Uttar Pradesh,Women SHG,13,30,22.9,54.0,27.84,777.97,48.4,90.8,21,Yes,3,90.5,1,19482.49,Agriculture,39100.0,6.6,Yes,1
SHG20120,Tamil Nadu,Women SHG,11,29,35.2,67.9,64.31,1190.97,86.9,71.3,19,Yes,1,96.7,0,24293.35,Small Business,25800.0,5.5,Yes,1
SHG20121,Uttar Pradesh,Women SHG,14,21,44.6,69.8,119.09,2882.18,43.0,77.1,15,Yes,2,82.5,1,9753.49,Livestock,12900.0,7.5,Yes,0
SHG20122,Tamil Nadu,Women SHG,9,37,47.0,93.0,39.32,916.86,79.5,76.3,26,Yes,0,,0,0.0,Small Business,46300.0,6.6,No,1
SHG20123,Maharashtra,Women SHG,13,20,50.8,56.1,103.11,1704.98,74.5,68.2,13,Yes,0,,0,0.0,Emergency/Consumption,17800.0,6.8,Yes,1
SHG20124,Maharashtra,Mixed SHG,12,5,30.7,64.3,64.29,284.58,53.5,92.0,4,No,0,,0,0.0,Small Business,5000.0,7.1,Yes,0
SHG20125,Tamil Nadu,Women SHG,13,19,39.5,86.7,36.04,677.78,77.6,89.8,16,Yes,3,69.8,0,13634.32,Emergency/Consumption,18700.0,7.6,No,1
SHG20126,Karnataka,Women SHG,13,78,38.1,29.3,153.88,11689.79,66.0,79.0,61,Yes,3,78.0,0,6153.84,Agriculture,24400.0,7.9,No,1
SHG20127,Odisha,Mixed SHG,11,32,30.9,91.4,58.24,1411.41,61.0,87.1,18,Yes,3,30.6,1,38939.4,Small Business,15200.0,4.5,No,0
SHG20128,Odisha,Women SHG,15,42,38.7,77.0,293.7,11595.26,86.6,63.1,27,Yes,0,,0,0.0,Emergency/Consumption,173400.0,7.0,No,1
SHG20129,Odisha,Mixed SHG,17,34,47.4,48.4,86.14,2736.29,67.6,91.3,24,Yes,1,61.8,1,40464.23,Livestock,35400.0,5.8,Yes,1
SHG20130,Tamil Nadu,Women SHG,11,17,32.7,61.1,170.33,1896.02,76.9,54.4,16,Yes,2,65.3,0,25852.03,Small Business,39300.0,4.4,Yes,1
SHG20131,Andhra Pradesh,Women SHG,16,15,29.8,55.4,116.24,1761.43,66.0,86.2,9,Yes,3,72.8,1,12249.26,Livestock,9100.0,7.7,Yes,1
SHG20132,Karnataka,Women SHG,16,25,36.6,48.5,115.78,3517.25,79.9,70.9,13,No,2,91.2,1,3924.35,Emergency/Consumption,24500.0,7.5,Yes,1
SHG20133,Uttar Pradesh,Women SHG,11,20,25.0,98.0,333.39,6101.09,60.4,90.1,16,Yes,2,75.2,0,2826.21,Agriculture,77300.0,6.9,Yes,1
SHG20134,Odisha,Women SHG,11,15,36.3,65.3,22.75,215.36,69.3,91.1,14,Yes,1,88.4,0,17467.26,Agriculture,12000.0,8.4,Yes,0
SHG20135,Karnataka,Women SHG,13,45,28.2,57.1,139.84,4850.5,58.0,64.1,23,Yes,3,88.8,0,12441.16,Small Business,17400.0,8.6,Yes,1
SHG20136,West Bengal,Women SHG,15,43,37.9,41.2,307.29,10997.25,68.8,69.3,39,Yes,0,,0,0.0,Education,18100.0,7.0,Yes,1
SHG20137,Tamil Nadu,Farmer Producer Group,13,41,37.0,61.0,62.39,2414.8,55.6,79.1,37,Yes,2,59.3,0,15345.28,Small Business,49500.0,9.8,No,0
SHG20138,Kerala,Women SHG,16,23,42.7,54.7,20.0,607.17,82.3,89.9,16,Yes,2,92.1,0,1467.29,Education,47900.0,6.2,No,1
SHG20139,Telangana,Women SHG,14,35,32.9,75.8,98.04,3224.15,96.5,53.6,19,Yes,2,80.9,1,1760.91,Emergency/Consumption,18900.0,7.3,Yes,1
SHG20140,Kerala,Women SHG,11,29,63.5,39.5,119.09,2619.62,62.1,92.6,19,Yes,3,65.3,0,4306.86,Education,24000.0,6.9,Yes,0
SHG20141,Telangana,Mixed SHG,12,23,47.1,50.6,116.65,1612.52,58.1,57.1,18,Yes,0,,0,0.0,Small Business,32200.0,7.9,Yes,0
SHG20142,Telangana,Women SHG,12,75,50.7,80.4,61.38,4230.43,63.6,71.7,63,Yes,2,72.6,0,12767.22,Livestock,28500.0,10.0,No,1
SHG20143,West Bengal,Women SHG,12,44,33.4,86.0,182.82,6244.67,94.9,77.9,30,Yes,2,34.9,0,18891.25,Education,29900.0,7.4,No,1
SHG20144,Tamil Nadu,Mixed SHG,16,97,30.5,57.8,139.26,11697.02,86.1,57.2,68,Yes,0,,0,0.0,Home Improvement,93700.0,6.5,No,0
SHG20145,Kerala,Farmer Producer Group,15,6,33.8,86.3,107.52,705.92,69.9,89.6,5,Yes,1,93.6,2,5399.09,Agriculture,77500.0,6.7,Yes,1
SHG20146,Uttar Pradesh,Mixed SHG,14,13,35.5,82.1,188.01,1840.93,94.0,73.4,11,Yes,2,86.6,0,9852.98,Emergency/Consumption,36900.0,6.3,No,0
SHG20147,Maharashtra,Women SHG,10,25,49.9,62.2,247.81,5159.45,73.2,71.6,17,Yes,2,65.5,0,2346.83,Education,62900.0,8.0,Yes,1
SHG20148,Telangana,Women SHG,14,20,41.1,48.9,84.21,1373.92,88.6,94.3,13,Yes,3,92.1,0,10752.42,Emergency/Consumption,29600.0,6.4,Yes,1
SHG20149,Tamil Nadu,Women SHG,17,28,36.0,92.2,304.96,8045.01,72.8,53.4,22,Yes,1,29.8,1,42558.23,Small Business,58700.0,6.2,No,0
SHG20150,Kerala,Women SHG,12,54,43.9,33.1,78.53,3531.84,84.7,69.1,39,No,2,50.1,0,1996.43,Home Improvement,22400.0,6.9,Yes,0
SHG20151,Uttar Pradesh,Women SHG,12,39,37.7,64.2,102.94,3691.02,59.8,54.5,34,Yes,1,83.9,0,10197.06,Agriculture,14600.0,6.0,No,0
SHG20152,Karnataka,Women SHG,17,27,42.0,73.9,155.36,4028.48,67.1,47.0,16,Yes,2,72.6,0,5681.43,Small Business,62900.0,8.1,Yes,0
SHG20153,Kerala,Mixed SHG,13,23,28.9,73.7,121.97,2275.43,80.3,55.1,17,Yes,0,,0,0.0,Emergency/Consumption,11000.0,8.7,Yes,1
SHG20154,Tamil Nadu,Women SHG,11,40,21.5,32.7,30.91,922.7,64.8,81.8,32,Yes,2,78.7,1,34120.45,Agriculture,48400.0,6.2,Yes,1
SHG20155,Maharashtra,Women SHG,10,8,44.3,42.3,97.75,516.62,88.0,70.0,5,Yes,2,76.3,0,1959.23,Emergency/Consumption,33400.0,10.0,No,1
SHG20156,Telangana,Women SHG,17,14,42.1,27.2,88.52,1324.06,88.9,40.0,9,Yes,1,79.1,1,4043.96,Small Business,42000.0,6.2,Yes,1
SHG20157,Karnataka,Women SHG,14,55,32.1,43.2,45.92,1865.64,78.3,74.5,38,Yes,2,71.1,0,22030.78,Emergency/Consumption,53300.0,7.4,Yes,1
SHG20158,Tamil Nadu,Women SHG,17,73,32.3,91.8,126.1,9540.43,84.3,89.3,67,Yes,1,95.2,2,10608.97,Livestock,6800.0,7.7,Yes,1
SHG20159,Karnataka,Women SHG,18,10,47.6,99.6,72.33,775.32,58.0,69.9,9,Yes,0,,0,0.0,Livestock,52500.0,9.5,No,0
SHG20160,West Bengal,Women SHG,15,10,61.6,69.0,139.24,1316.97,88.7,78.0,8,Yes,0,,0,0.0,Home Improvement,85000.0,8.9,Yes,1
SHG20161,Telangana,Mixed SHG,18,31,41.7,74.2,55.43,1731.51,93.1,82.8,28,Yes,1,77.9,0,7606.38,Emergency/Consumption,64800.0,6.1,No,1
SHG20162,West Bengal,Women SHG,11,54,37.9,25.3,143.23,6888.55,42.5,44.4,50,Yes,2,89.1,0,39750.0,Livestock,21400.0,9.9,Yes,0
SHG20163,Bihar,Women SHG,12,34,29.1,64.7,51.07,1157.66,71.6,87.1,28,Yes,0,,0,0.0,Home Improvement,41200.0,7.8,Yes,1
SHG20164,Karnataka,Women SHG,10,16,52.1,68.4,74.61,714.14,37.7,88.0,14,Yes,1,47.3,0,32041.74,Emergency/Consumption,48700.0,8.6,No,0
SHG20165,Kerala,Women SHG,15,34,36.9,53.6,20.0,670.15,69.9,74.9,21,Yes,1,65.9,0,18749.28,Home Improvement,33300.0,6.8,Yes,0
SHG20166,Odisha,Mixed SHG,13,24,48.1,63.5,165.23,3277.12,96.6,69.4,21,Yes,1,81.6,0,13398.35,Agriculture,44500.0,7.4,No,0
SHG20167,Karnataka,Mixed SHG,15,18,43.0,46.6,98.53,1798.92,73.2,83.5,16,Yes,4,81.7,0,23679.38,Small Business,7300.0,6.3,Yes,1
SHG20168,Maharashtra,Women SHG,19,60,45.1,66.9,279.4,20926.58,80.0,96.7,46,No,0,,0,0.0,Agriculture,17700.0,6.4,Yes,1
SHG20169,Andhra Pradesh,Farmer Producer Group,11,68,28.9,64.1,255.19,12845.02,82.2,62.6,45,No,2,87.6,2,9423.02,Small Business,34200.0,5.6,No,1
SHG20170,Karnataka,Mixed SHG,12,15,42.3,44.3,61.62,848.84,55.5,79.0,11,Yes,2,46.0,0,8561.04,Emergency/Consumption,44300.0,7.2,Yes,0
SHG20171,Telangana,Farmer Producer Group,18,67,30.9,60.2,40.5,3605.46,65.0,61.5,37,Yes,0,,0,0.0,Small Business,26900.0,7.7,No,1
SHG20172,Bihar,Women SHG,12,68,50.0,78.5,191.91,10225.71,84.2,94.1,45,Yes,0,,0,0.0,Livestock,19500.0,7.9,Yes,1
SHG20173,Odisha,Mixed SHG,13,22,35.7,59.0,72.19,1076.82,81.4,81.2,12,No,0,,0,0.0,Agriculture,24100.0,8.4,No,0
SHG20174,Tamil Nadu,Women SHG,13,18,40.9,71.6,220.92,3486.92,63.6,67.8,16,Yes,3,65.3,0,36135.97,Small Business,45400.0,5.6,Yes,1
SHG20175,Uttar Pradesh,Women SHG,11,25,39.8,65.3,160.01,2451.54,78.0,68.6,18,Yes,1,56.9,1,1988.74,Agriculture,36800.0,6.0,Yes,1
SHG20176,West Bengal,Mixed SHG,12,97,39.3,31.4,93.43,5507.64,61.7,42.9,73,Yes,1,72.7,1,7011.34,Livestock,10600.0,8.0,Yes,1
SHG20177,Uttar Pradesh,Farmer Producer Group,8,37,44.3,41.4,93.6,1926.07,87.0,83.5,34,Yes,2,78.2,0,3791.9,Small Business,23400.0,9.3,Yes,1
SHG20178,Odisha,Women SHG,11,21,57.0,52.7,290.56,5251.19,71.2,88.5,18,No,3,52.2,1,20253.31,Emergency/Consumption,10500.0,7.3,No,1
SHG20179,Tamil Nadu,Women SHG,15,27,44.8,58.4,138.75,2909.14,55.7,56.9,23,Yes,0,,0,0.0,Small Business,49900.0,8.3,Yes,1
SHG20180,Tamil Nadu,Women SHG,15,24,44.6,48.1,218.92,4255.59,61.3,92.1,17,Yes,1,84.8,0,7992.93,Emergency/Consumption,18900.0,3.6,Yes,1
SHG20181,Tamil Nadu,Women SHG,11,30,25.0,64.4,355.91,7144.03,85.3,88.7,27,No,1,65.4,0,17388.26,Agriculture,23300.0,8.0,Yes,1
SHG20182,Kerala,Women SHG,15,17,34.0,90.7,96.76,1292.6,77.8,95.1,12,Yes,2,92.1,0,1569.63,Small Business,20500.0,5.1,Yes,1
SHG20183,Maharashtra,Women SHG,14,9,35.9,83.2,23.15,242.55,76.2,79.3,8,Yes,1,70.1,1,5150.46,Small Business,13200.0,6.1,Yes,1
SHG20184,Tamil Nadu,Women SHG,14,11,33.7,64.0,109.31,1068.4,83.9,92.6,6,Yes,2,77.6,1,19126.74,Home Improvement,40900.0,7.1,Yes,1
SHG20185,Kerala,Farmer Producer Group,15,88,25.6,46.1,31.76,2192.13,72.7,86.9,44,Yes,2,55.1,0,8990.08,Livestock,5000.0,7.1,Yes,1
SHG20186,Kerala,Women SHG,14,9,33.6,39.4,98.62,987.71,95.5,69.3,6,Yes,0,,0,0.0,Agriculture,78900.0,7.0,Yes,1
SHG20187,Telangana,Women SHG,15,50,31.5,66.8,82.78,4296.09,42.7,83.1,28,Yes,1,60.3,2,15718.48,Agriculture,49500.0,5.3,Yes,1
SHG20188,Maharashtra,Farmer Producer Group,14,27,37.4,58.2,134.55,3495.12,31.2,97.3,19,Yes,1,61.2,0,24664.1,Emergency/Consumption,20400.0,6.9,Yes,1
SHG20189,Karnataka,Women SHG,15,87,35.5,56.3,69.75,6658.58,82.6,88.5,77,Yes,3,46.6,0,8339.19,Emergency/Consumption,23000.0,7.8,No,1
SHG20190,Telangana,Women SHG,11,29,47.6,76.3,20.0,528.5,67.3,72.8,18,Yes,1,96.7,0,32648.69,Emergency/Consumption,35100.0,5.4,No,1
SHG20191,Uttar Pradesh,Women SHG,12,32,38.0,72.2,74.13,1871.48,71.8,86.6,24,Yes,1,85.5,1,7818.85,Small Business,23200.0,6.5,Yes,1
SHG20192,Bihar,Women SHG,12,38,38.3,30.3,25.18,600.03,64.1,88.7,21,Yes,3,88.4,0,24230.28,Small Business,34100.0,8.2,Yes,1
SHG20193,West Bengal,Women SHG,15,6,44.8,100.0,87.89,414.92,83.6,87.8,4,Yes,0,,0,0.0,Small Business,53700.0,8.2,No,0
SHG20194,Telangana,Women SHG,8,23,30.0,46.1,155.37,2254.48,64.0,79.0,20,Yes,1,82.1,0,36759.49,Home Improvement,31800.0,7.9,Yes,1
SHG20195,Tamil Nadu,Mixed SHG,15,34,34.3,28.5,143.94,4189.52,76.6,83.2,22,Yes,0,,0,0.0,Agriculture,33700.0,7.0,Yes,0
SHG20196,Odisha,Women SHG,11,28,41.1,67.7,79.47,1235.26,63.5,91.6,16,Yes,0,,0,0.0,Small Business,11300.0,4.1,No,1
SHG20197,Bihar,Women SHG,13,31,20.0,72.4,20.0,436.16,70.5,95.9,27,Yes,2,96.0,0,11396.98,Livestock,29600.0,8.0,No,1
SHG20198,West Bengal,Women SHG,12,9,34.3,40.2,126.72,985.49,61.8,68.2,8,Yes,2,84.6,1,12213.99,Home Improvement,37100.0,7.2,No,0
SHG20199,Odisha,Women SHG,8,62,26.5,54.6,103.0,3358.22,74.7,87.8,50,Yes,0,,0,0.0,Small Business,38700.0,7.2,Yes,1
SHG20200,Andhra Pradesh,Farmer Producer Group,18,30,58.2,49.9,61.36,2748.69,78.8,66.3,24,Yes,1,76.5,0,29346.82,Home Improvement,20700.0,6.5,No,1
SHG20201,Andhra Pradesh,Women SHG,15,70,31.8,50.4,342.64,21321.99,78.9,61.3,59,Yes,2,76.9,0,3526.09,Livestock,11700.0,10.0,Yes,1
SHG20202,West Bengal,Women SHG,14,36,42.4,56.6,35.84,1113.98,64.5,72.3,33,Yes,1,81.9,0,1011.55,Agriculture,13300.0,7.8,Yes,1
SHG20203,Telangana,Mixed SHG,12,48,20.0,57.1,37.87,1295.63,49.1,72.1,29,Yes,1,71.2,0,12646.26,Education,16600.0,6.1,Yes,0
SHG20204,Kerala,Women SHG,13,71,20.0,84.4,283.64,14052.28,69.6,51.4,63,Yes,2,72.1,0,15371.37,Emergency/Consumption,42700.0,6.0,No,1
SHG20205,Karnataka,Women SHG,11,74,36.1,66.0,134.29,5690.39,71.1,83.7,65,No,0,,0,0.0,Livestock,25700.0,8.1,Yes,1
SHG20206,Telangana,Women SHG,16,13,28.3,46.7,129.59,1679.86,83.6,96.0,11,Yes,2,92.3,0,8309.79,Education,37300.0,5.9,No,1
SHG20207,Andhra Pradesh,Women SHG,8,48,37.0,63.3,197.58,4683.03,77.6,70.6,41,Yes,1,54.4,0,5319.77,Home Improvement,16500.0,6.1,Yes,0
SHG20208,Bihar,Mixed SHG,13,14,31.4,42.1,116.89,1395.75,45.8,65.7,10,Yes,3,62.3,0,13599.13,Livestock,21900.0,7.3,Yes,1
SHG20209,Tamil Nadu,Women SHG,12,32,25.6,85.1,103.31,3060.25,67.0,95.2,20,No,3,85.8,1,10524.33,Small Business,12000.0,6.3,No,1
SHG20210,Karnataka,Women SHG,14,10,37.0,27.0,20.0,216.5,74.1,82.1,5,Yes,1,55.6,0,8685.97,Small Business,74300.0,6.5,Yes,0
SHG20211,Karnataka,Women SHG,9,6,40.1,25.4,182.72,627.2,86.3,81.5,4,Yes,0,,0,0.0,Livestock,7500.0,6.6,Yes,0
SHG20212,Odisha,Women SHG,15,42,47.8,90.2,93.54,4696.92,89.7,62.9,24,Yes,0,,0,0.0,Small Business,6800.0,7.4,Yes,1
SHG20213,Telangana,Women SHG,13,57,47.3,38.0,90.51,5012.42,91.2,62.4,35,Yes,0,,0,0.0,Agriculture,33300.0,7.5,No,0
SHG20214,Bihar,Farmer Producer Group,9,69,36.4,57.4,255.43,11529.92,83.5,56.9,60,Yes,1,97.7,0,9376.19,Livestock,33200.0,6.1,Yes,1
SHG20215,Maharashtra,Women SHG,10,10,54.2,37.6,20.0,101.2,73.1,86.0,7,Yes,0,,0,0.0,Agriculture,5700.0,4.0,Yes,0
SHG20216,Karnataka,Women SHG,15,40,29.8,52.5,112.08,5012.39,63.0,58.7,31,Yes,2,71.9,0,17607.56,Agriculture,34400.0,6.9,No,1
SHG20217,Maharashtra,Farmer Producer Group,11,39,32.0,61.6,63.18,1797.27,92.1,70.0,27,Yes,0,,0,0.0,Home Improvement,35600.0,8.1,Yes,1
SHG20218,Maharashtra,Women SHG,14,29,39.7,66.4,36.48,800.31,73.5,76.6,18,Yes,0,,0,0.0,Emergency/Consumption,14200.0,6.5,No,0
SHG20219,Tamil Nadu,Mixed SHG,14,12,36.2,75.5,90.85,958.06,88.6,87.7,9,Yes,0,,0,0.0,Livestock,40500.0,6.3,Yes,1
SHG20220,Odisha,Women SHG,8,51,41.8,41.0,111.04,2961.68,41.4,84.3,41,Yes,4,65.8,0,8583.61,Agriculture,72300.0,4.9,No,0
SHG20221,Maharashtra,Women SHG,15,41,25.7,70.4,107.8,5283.52,47.5,59.4,36,Yes,3,96.1,1,14333.85,Emergency/Consumption,5300.0,5.4,Yes,1
SHG20222,Karnataka,Mixed SHG,13,7,36.5,73.2,67.85,422.66,67.5,45.1,7,Yes,2,72.1,0,47131.75,Education,58400.0,6.6,Yes,0
SHG20223,Maharashtra,Farmer Producer Group,15,17,62.1,72.5,88.52,1798.94,36.7,66.1,12,Yes,1,66.8,0,17439.58,Agriculture,33700.0,4.6,No,0
SHG20224,Tamil Nadu,Women SHG,19,42,39.4,62.8,615.02,32219.76,91.2,94.4,39,Yes,2,53.6,0,457.43,Livestock,16500.0,7.7,Yes,1
SHG20225,Tamil Nadu,Women SHG,12,24,52.8,10.0,201.1,4397.31,46.2,82.1,15,Yes,1,49.9,0,6280.55,Agriculture,25500.0,6.0,Yes,1
SHG20226,Andhra Pradesh,Women SHG,12,40,42.3,62.9,370.79,10904.7,59.0,42.4,37,Yes,0,,0,0.0,Small Business,34700.0,7.3,Yes,1
SHG20227,Telangana,Women SHG,8,32,35.8,47.4,67.12,1087.09,74.6,70.5,16,Yes,2,84.3,0,17125.93,Small Business,40500.0,4.7,Yes,1
SHG20228,West Bengal,Mixed SHG,16,41,56.1,52.5,129.12,5040.77,77.4,95.8,30,Yes,0,,0,0.0,Emergency/Consumption,29900.0,7.0,Yes,1
SHG20229,Telangana,Women SHG,13,24,45.5,57.9,26.43,559.42,74.9,92.5,18,Yes,1,69.8,0,7128.64,Agriculture,33600.0,5.5,Yes,1
SHG20230,Andhra Pradesh,Mixed SHG,13,16,45.9,63.3,144.18,2471.58,84.0,80.3,11,Yes,1,89.8,0,19664.11,Small Business,13800.0,5.5,No,1
SHG20231,Uttar Pradesh,Farmer Producer Group,10,4,22.3,89.9,31.09,100.07,40.5,87.8,3,Yes,0,,0,0.0,Small Business,39100.0,6.4,Yes,0
SHG20232,Tamil Nadu,Women SHG,18,66,41.1,53.3,60.51,3618.73,90.1,66.7,61,Yes,2,73.2,0,1968.32,Livestock,16800.0,8.6,Yes,1
SHG20233,West Bengal,Women SHG,12,51,39.7,35.2,73.81,3387.33,71.4,86.1,47,Yes,0,,0,0.0,Small Business,23000.0,5.8,No,1
SHG20234,West Bengal,Women SHG,14,3,28.2,71.0,141.89,311.48,43.2,60.5,3,No,0,,0,0.0,Home Improvement,5000.0,6.6,No,0
SHG20235,Telangana,Women SHG,14,53,31.6,80.3,334.79,17515.44,82.4,65.0,50,Yes,2,70.4,0,14445.17,Agriculture,20600.0,5.6,No,1
SHG20236,Uttar Pradesh,Mixed SHG,10,48,35.0,86.8,215.59,6742.19,88.3,88.3,39,Yes,0,,0,0.0,Agriculture,33500.0,8.4,No,1
SHG20237,Telangana,Women SHG,12,15,51.6,64.5,93.1,1240.21,90.6,86.0,13,Yes,1,85.8,1,20458.34,Small Business,59000.0,6.9,Yes,0
SHG20238,Uttar Pradesh,Women SHG,8,28,38.2,47.8,67.49,991.5,43.0,69.9,16,Yes,0,,0,0.0,Home Improvement,25400.0,7.4,No,1
SHG20239,Tamil Nadu,Women SHG,15,34,34.6,25.8,71.96,3004.64,75.8,97.7,22,No,0,,0,0.0,Home Improvement,35700.0,5.3,No,0
SHG20240,Bihar,Women SHG,13,34,39.8,55.0,191.9,4515.8,75.0,85.7,22,No,1,55.0,1,10786.63,Livestock,15600.0,7.6,No,1
SHG20241,Tamil Nadu,Women SHG,12,38,47.8,76.9,73.86,2187.88,49.5,49.3,29,No,1,83.4,0,18745.04,Emergency/Consumption,15500.0,8.8,Yes,0
SHG20242,Maharashtra,Mixed SHG,16,23,21.8,47.3,52.91,1537.06,68.6,58.7,21,Yes,1,60.9,0,14983.77,Agriculture,14600.0,6.9,Yes,1
SHG20243,Kerala,Women SHG,15,60,44.6,45.1,234.05,10634.19,68.0,93.9,52,Yes,1,42.2,0,4985.18,Small Business,45000.0,8.4,Yes,1
SHG20244,Karnataka,Women SHG,10,24,37.2,86.2,157.24,2814.45,51.3,71.7,13,Yes,1,69.1,0,4782.2,Agriculture,16000.0,6.4,Yes,1
SHG20245,Karnataka,Women SHG,16,22,34.4,50.2,93.9,2741.34,43.8,66.5,11,Yes,0,,0,0.0,Education,12300.0,8.0,Yes,0
SHG20246,Uttar Pradesh,Women SHG,15,15,34.1,61.6,211.21,2448.48,48.5,43.8,8,Yes,0,,0,0.0,Emergency/Consumption,28500.0,7.1,No,0
SHG20247,Odisha,Women SHG,17,61,41.0,22.4,144.63,11247.94,53.8,68.0,57,Yes,1,88.5,1,10767.2,Livestock,24500.0,8.6,Yes,1
SHG20248,Bihar,Women SHG,15,42,48.0,92.8,173.63,6770.86,90.5,89.4,38,Yes,1,85.8,1,9913.68,Livestock,5900.0,6.2,Yes,1
SHG20249,Andhra Pradesh,Farmer Producer Group,14,16,39.9,82.7,122.88,2140.2,50.0,56.0,14,Yes,2,80.3,1,20828.92,Agriculture,84300.0,4.9,Yes,1
SHG20250,Bihar,Women SHG,17,47,48.2,88.9,43.52,2402.65,82.2,88.8,28,Yes,2,40.1,0,20843.85,Agriculture,24600.0,5.8,Yes,1
SHG20251,Bihar,Women SHG,11,27,39.1,28.0,223.36,3784.97,86.5,49.0,17,Yes,0,,0,0.0,Livestock,14500.0,5.7,Yes,1
SHG20252,Telangana,Women SHG,16,49,54.4,54.1,197.98,8172.32,96.2,68.1,34,Yes,1,92.0,0,11773.43,Small Business,53300.0,5.9,Yes,1
SHG20253,Bihar,Women SHG,8,59,37.5,42.4,197.62,5268.11,72.8,54.0,53,Yes,2,89.3,0,10199.21,Agriculture,19100.0,8.9,Yes,1
SHG20254,Karnataka,Women SHG,15,60,30.8,78.6,98.12,4844.62,66.7,61.5,43,Yes,0,,0,0.0,Small Business,37000.0,7.8,Yes,1
SHG20255,Andhra Pradesh,Women SHG,20,22,45.5,51.4,120.84,3085.69,65.8,79.9,15,Yes,2,48.5,1,31421.26,Small Business,26400.0,8.2,Yes,1
SHG20256,Karnataka,Farmer Producer Group,12,60,51.6,51.7,523.52,28939.07,65.7,81.3,39,Yes,1,84.9,2,27303.55,Home Improvement,18700.0,5.3,No,1
SHG20257,Odisha,Farmer Producer Group,14,17,49.2,49.9,157.22,2057.92,58.9,71.4,15,No,1,63.5,1,12367.79,Agriculture,31800.0,7.7,No,0
SHG20258,Odisha,Women SHG,13,22,37.7,15.7,311.64,5049.9,68.2,89.9,12,No,1,79.6,0,13112.69,Small Business,5400.0,5.5,Yes,1
SHG20259,Maharashtra,Farmer Producer Group,14,60,47.9,64.5,31.58,1999.96,72.8,73.4,49,Yes,0,,0,0.0,Small Business,38800.0,7.5,No,0
SHG20260,Telangana,Farmer Producer Group,11,33,42.5,48.3,151.86,3333.17,46.9,67.5,28,Yes,0,,0,0.0,Agriculture,11500.0,7.5,No,1
SHG20261,Kerala,Mixed SHG,17,28,35.6,73.6,252.31,8517.25,34.3,96.6,21,Yes,0,,0,0.0,Education,30400.0,6.7,No,1
SHG20262,Karnataka,Women SHG,8,18,43.9,74.9,26.21,299.62,63.7,94.1,12,Yes,0,,0,0.0,Small Business,61800.0,4.9,Yes,0
SHG20263,Odisha,Women SHG,14,85,39.7,82.9,159.4,13270.9,46.6,52.5,78,Yes,2,76.0,1,19638.12,Education,27400.0,6.5,No,1
SHG20264,Telangana,Mixed SHG,14,61,31.2,58.0,37.91,2502.95,43.8,83.3,43,Yes,3,87.9,0,18156.74,Home Improvement,7700.0,7.2,Yes,1
SHG20265,Karnataka,Women SHG,15,58,38.0,88.0,89.3,4978.98,89.3,82.5,36,Yes,0,,0,0.0,Small Business,23900.0,9.7,Yes,1
SHG20266,Andhra Pradesh,Women SHG,16,76,31.6,34.1,199.93,15160.99,63.0,49.8,60,Yes,1,65.5,0,11607.02,Small Business,50100.0,6.5,Yes,1
SHG20267,Tamil Nadu,Women SHG,13,22,46.3,74.7,236.23,4091.4,87.0,76.7,19,Yes,0,,0,0.0,Emergency/Consumption,11800.0,8.0,Yes,1
SHG20268,Odisha,Women SHG,16,31,46.1,70.8,113.84,4592.52,72.3,71.8,20,Yes,0,,0,0.0,Small Business,29400.0,7.2,No,1
SHG20269,Maharashtra,Women SHG,16,19,44.4,52.2,44.6,916.21,67.3,53.9,18,Yes,0,,0,0.0,Home Improvement,51100.0,5.3,No,0
SHG20270,Odisha,Women SHG,16,11,28.1,87.2,59.94,627.46,62.3,95.3,9,Yes,0,,0,0.0,Small Business,28300.0,6.9,No,1
SHG20271,Telangana,Women SHG,12,39,28.8,80.3,258.87,9227.54,48.1,68.8,26,Yes,0,,0,0.0,Agriculture,26600.0,6.5,Yes,1
SHG20272,Tamil Nadu,Mixed SHG,12,38,20.0,86.7,190.23,4642.35,77.8,82.3,29,Yes,0,,0,0.0,Agriculture,24500.0,3.6,No,1
SHG20273,West Bengal,Mixed SHG,13,14,44.1,50.9,174.34,2346.27,70.8,87.9,8,Yes,2,94.2,0,11325.55,Livestock,19500.0,7.0,Yes,1
SHG20274,Odisha,Women SHG,15,7,28.1,52.7,266.35,1474.32,71.4,83.2,5,No,1,97.8,0,9222.03,Livestock,26600.0,6.8,No,0
SHG20275,Tamil Nadu,Women SHG,17,16,34.6,61.8,108.97,1947.83,87.0,97.6,15,Yes,3,84.3,1,11464.22,Emergency/Consumption,31000.0,7.1,Yes,1
SHG20276,Karnataka,Farmer Producer Group,15,65,24.3,79.2,122.21,9430.77,79.4,97.1,52,Yes,1,52.3,0,15183.73,Education,19900.0,6.3,Yes,1
SHG20277,Uttar Pradesh,Mixed SHG,20,32,36.8,52.2,109.93,5163.94,88.5,76.9,21,Yes,4,73.7,1,25292.9,Small Business,42300.0,7.8,Yes,1
SHG20278,Bihar,Women SHG,15,15,27.7,65.4,37.54,686.92,83.0,81.1,8,Yes,0,,0,0.0,Home Improvement,64500.0,8.2,No,1
SHG20279,Andhra Pradesh,Women SHG,18,71,46.6,75.1,56.64,4159.36,59.7,70.0,58,Yes,3,77.9,2,8449.02,Small Business,96500.0,8.1,Yes,0
SHG20280,Kerala,Women SHG,14,24,35.8,59.8,74.1,2010.07,64.8,70.8,21,Yes,0,,0,0.0,Small Business,8700.0,7.6,No,1
SHG20281,Odisha,Women SHG,10,11,36.3,100.0,21.04,149.03,66.3,92.7,8,Yes,2,97.8,0,17788.48,Agriculture,15600.0,7.7,Yes,1
SHG20282,Andhra Pradesh,Farmer Producer Group,20,12,28.3,72.0,200.32,3976.56,43.0,90.6,7,Yes,1,83.6,0,5109.67,Agriculture,20300.0,5.8,Yes,1
SHG20283,Telangana,Women SHG,17,35,21.9,62.9,107.84,5245.7,64.9,75.5,19,Yes,0,,0,0.0,Livestock,43900.0,5.9,Yes,0
SHG20284,Odisha,Women SHG,10,3,29.2,84.6,33.31,59.97,89.7,75.6,3,Yes,0,,0,0.0,Agriculture,15700.0,7.4,Yes,0
SHG20285,Bihar,Women SHG,10,32,52.0,54.0,185.13,3512.53,66.9,70.1,18,Yes,0,,0,0.0,Small Business,44500.0,7.0,No,0
SHG20286,Karnataka,Farmer Producer Group,16,33,39.9,58.2,43.67,1618.17,74.9,58.9,18,Yes,1,63.5,0,4055.77,Emergency/Consumption,55800.0,6.7,No,1
SHG20287,Karnataka,Women SHG,11,24,42.6,58.3,235.16,3641.07,55.1,68.1,20,Yes,0,,0,0.0,Education,52700.0,5.3,Yes,0
SHG20288,Karnataka,Women SHG,9,14,36.9,50.7,158.95,1571.64,51.4,72.3,8,Yes,1,44.6,0,3906.41,Small Business,69600.0,8.2,Yes,0
SHG20289,Karnataka,Women SHG,13,17,34.5,31.7,25.48,371.26,85.2,73.9,14,Yes,0,,0,0.0,Emergency/Consumption,41600.0,8.0,No,0
SHG20290,Maharashtra,Women SHG,12,23,34.7,52.9,59.27,1145.41,67.3,79.4,14,No,1,43.4,1,27020.44,Home Improvement,9800.0,5.9,Yes,0
SHG20291,Maharashtra,Women SHG,14,14,28.6,66.3,117.45,1784.06,75.6,61.6,7,Yes,2,72.7,1,16113.48,Small Business,34800.0,8.0,Yes,1
SHG20292,Odisha,Women SHG,12,13,28.8,100.0,31.13,351.98,78.9,65.1,11,Yes,1,74.9,1,10825.07,Small Business,32900.0,5.1,No,1
SHG20293,Maharashtra,Women SHG,12,25,34.6,61.6,166.86,3314.0,83.8,90.4,19,Yes,1,83.9,2,16381.54,Agriculture,22000.0,7.9,No,0
SHG20294,Maharashtra,Women SHG,13,28,33.4,59.8,61.1,1638.99,51.7,87.4,23,Yes,2,64.2,0,8464.13,Home Improvement,14000.0,5.5,No,1
SHG20295,Bihar,Women SHG,18,60,31.8,54.6,36.7,2296.98,62.2,75.8,49,Yes,1,81.4,0,4930.16,Agriculture,59800.0,8.9,Yes,1
SHG20296,Bihar,Mixed SHG,8,34,44.0,52.4,115.87,1842.58,80.2,76.9,30,Yes,1,48.4,0,23930.13,Livestock,60600.0,4.2,Yes,1
SHG20297,Karnataka,Women SHG,11,9,45.9,45.3,72.05,409.6,56.6,72.0,8,Yes,0,,0,0.0,Small Business,49100.0,5.3,Yes,1
SHG20298,Kerala,Women SHG,12,107,41.0,47.5,232.22,17513.47,39.4,73.8,88,Yes,4,91.9,0,21982.42,Education,13400.0,9.2,No,1
SHG20299,Tamil Nadu,Women SHG,14,56,48.4,68.7,52.19,3150.16,82.4,57.6,39,Yes,0,,0,0.0,Education,17900.0,9.1,Yes,1
SHG20300,Bihar,Women SHG,12,8,39.3,78.2,170.82,1024.0,31.9,86.9,4,Yes,0,,0,0.0,Home Improvement,28500.0,8.7,Yes,1
SHG20301,Karnataka,Women SHG,9,14,26.5,67.7,76.43,772.66,55.1,67.8,12,Yes,1,80.0,0,50739.89,Agriculture,23500.0,7.4,No,0
SHG20302,Uttar Pradesh,Farmer Producer Group,8,20,32.8,63.6,87.78,1160.65,78.2,74.2,18,Yes,0,,0,0.0,Education,18400.0,6.8,No,1
SHG20303,Telangana,Women SHG,15,43,54.8,39.7,257.35,11470.4,46.8,75.2,31,No,0,,0,0.0,Agriculture,103700.0,4.8,No,0
SHG20304,West Bengal,Women SHG,12,12,24.8,45.4,168.93,1368.51,66.0,88.0,10,Yes,1,97.9,1,20055.56,Education,24800.0,7.3,No,1
SHG20305,Bihar,Women SHG,13,18,47.2,60.8,99.08,1795.07,61.8,42.2,10,Yes,1,69.6,0,10677.53,Agriculture,28000.0,6.9,No,1
SHG20306,Uttar Pradesh,Women SHG,13,68,22.4,50.2,303.22,15295.91,80.6,92.6,42,Yes,2,71.6,0,17366.96,Agriculture,10700.0,5.2,No,0
SHG20307,Tamil Nadu,Farmer Producer Group,10,44,34.9,54.7,308.38,7239.32,66.4,53.1,29,Yes,1,49.4,0,46716.47,Education,23300.0,10.0,Yes,1
SHG20308,Karnataka,Women SHG,15,15,39.0,61.7,130.46,2322.35,45.9,58.2,10,No,1,51.1,0,43510.09,Small Business,22500.0,5.6,Yes,1
SHG20309,Karnataka,Women SHG,13,16,22.2,73.4,130.39,1622.96,55.7,86.2,8,Yes,1,79.3,2,31260.34,Emergency/Consumption,29000.0,9.0,Yes,0
SHG20310,Maharashtra,Women SHG,12,15,51.4,45.3,33.89,416.09,51.6,81.4,10,Yes,0,,0,0.0,Agriculture,24900.0,6.5,Yes,0
SHG20311,Uttar Pradesh,Women SHG,16,13,26.1,57.7,166.86,2387.81,83.6,93.6,7,Yes,2,93.5,1,22359.34,Home Improvement,39800.0,8.0,Yes,1
SHG20312,Maharashtra,Women SHG,20,22,34.0,98.9,138.7,3859.28,75.5,95.8,12,No,2,64.7,1,10764.36,Livestock,45200.0,7.2,Yes,1
SHG20313,Uttar Pradesh,Women SHG,16,17,34.6,60.0,96.29,1313.23,69.8,59.2,10,Yes,2,76.6,0,18798.53,Livestock,14000.0,5.8,Yes,1
SHG20314,Bihar,Women SHG,9,24,33.2,45.0,61.2,932.81,65.6,80.3,22,Yes,1,56.3,0,13200.64,Home Improvement,48100.0,6.8,Yes,0
SHG20315,Bihar,Women SHG,12,26,46.8,43.8,20.0,322.37,85.0,69.6,15,Yes,2,80.8,0,17447.76,Small Business,18400.0,7.7,Yes,1
SHG20316,Telangana,Women SHG,13,20,35.1,51.0,206.42,3714.78,85.1,65.9,16,Yes,1,85.1,0,8866.57,Livestock,60400.0,6.7,No,1
SHG20317,Uttar Pradesh,Mixed SHG,12,105,44.3,49.7,114.44,11021.37,92.2,75.9,63,Yes,0,,0,0.0,Livestock,33000.0,8.6,Yes,1
SHG20318,Uttar Pradesh,Women SHG,11,14,32.2,48.4,331.14,3725.5,46.1,59.8,9,Yes,2,67.2,0,18394.09,Agriculture,17900.0,6.0,Yes,0
SHG20319,Karnataka,Women SHG,8,16,32.8,75.5,60.47,519.14,55.0,79.9,14,Yes,3,79.6,0,13310.32,Emergency/Consumption,25000.0,8.1,No,1
SHG20320,West Bengal,Mixed SHG,12,27,30.6,49.3,226.87,3917.37,59.2,85.3,24,Yes,0,,0,0.0,Small Business,27700.0,7.5,No,1
SHG20321,Telangana,Women SHG,20,70,34.2,83.5,108.97,11048.05,93.4,87.2,50,No,2,77.1,3,23269.38,Education,13100.0,8.4,Yes,0
SHG20322,Tamil Nadu,Women SHG,13,32,41.6,65.5,46.92,1537.31,66.5,77.7,21,Yes,0,,0,0.0,Small Business,42600.0,8.8,No,1
SHG20323,Andhra Pradesh,Women SHG,15,5,35.1,78.5,39.55,185.13,63.2,78.4,4,Yes,0,,0,0.0,Small Business,53000.0,7.2,Yes,0
SHG20324,Andhra Pradesh,Women SHG,13,70,43.2,74.1,71.86,5022.97,86.4,85.1,56,Yes,1,95.2,1,10884.53,Small Business,28400.0,5.8,No,1
SHG20325,West Bengal,Women SHG,13,14,50.3,82.3,184.36,1685.01,94.6,76.1,13,Yes,1,76.5,0,39588.98,Agriculture,66300.0,8.5,No,1
SHG20326,Karnataka,Women SHG,10,9,31.5,99.3,38.19,281.89,65.0,74.2,6,Yes,1,92.6,1,23388.87,Small Business,37100.0,4.4,No,1
SHG20327,Maharashtra,Women SHG,13,6,39.9,57.3,58.16,344.32,72.9,58.1,4,Yes,0,,0,0.0,Home Improvement,47600.0,8.7,Yes,1
SHG20328,Andhra Pradesh,Women SHG,8,12,44.8,80.9,178.56,1372.7,82.6,65.2,9,Yes,1,88.4,0,15708.95,Agriculture,30800.0,5.2,No,1
SHG20329,Karnataka,Mixed SHG,15,86,41.5,51.4,125.96,10015.63,61.9,60.2,59,Yes,1,76.3,1,17777.33,Agriculture,14600.0,6.0,Yes,1
SHG20330,Tamil Nadu,Women SHG,12,36,34.9,63.3,76.58,1822.97,85.2,53.1,22,Yes,0,,0,0.0,Agriculture,39200.0,7.4,No,0
SHG20331,Tamil Nadu,Women SHG,15,11,28.9,49.8,52.83,683.33,62.1,21.6,8,No,0,,0,0.0,Small Business,27500.0,4.5,No,0
SHG20332,Uttar Pradesh,Women SHG,16,54,49.6,67.4,89.51,4750.35,91.6,72.3,43,Yes,1,78.6,1,10548.02,Agriculture,75000.0,6.5,Yes,1
SHG20333,Bihar,Women SHG,11,40,35.6,50.8,232.81,5531.55,85.9,76.4,24,No,1,91.5,0,22876.28,Agriculture,29500.0,8.4,Yes,1
SHG20334,West Bengal,Farmer Producer Group,17,4,45.9,51.0,27.94,130.94,89.4,69.8,2,Yes,0,,0,0.0,Emergency/Consumption,18600.0,7.3,No,0
SHG20335,Bihar,Women SHG,11,15,31.0,60.7,161.81,2063.92,64.9,87.2,10,Yes,4,63.9,0,7843.73,Small Business,15300.0,8.8,Yes,1
SHG20336,Karnataka,Farmer Producer Group,14,58,44.0,68.0,20.0,897.19,89.9,93.4,45,Yes,1,70.2,0,34068.71,Agriculture,52200.0,5.6,Yes,1
SHG20337,Tamil Nadu,Women SHG,11,31,34.1,67.8,43.53,931.08,60.3,51.8,26,Yes,3,97.1,0,32146.12,Agriculture,12700.0,7.2,Yes,1
SHG20338,Maharashtra,Women SHG,11,22,42.7,92.6,102.76,1641.09,82.2,87.3,17,Yes,3,62.6,0,18503.78,Livestock,5000.0,6.8,Yes,1
SHG20339,Telangana,Mixed SHG,16,11,37.8,73.2,293.84,2924.56,86.1,61.8,7,No,0,,0,0.0,Livestock,36600.0,8.4,Yes,1
SHG20340,Uttar Pradesh,Women SHG,17,33,40.4,86.0,98.95,4083.51,91.3,89.5,22,Yes,0,,0,0.0,Livestock,31400.0,6.7,Yes,0
SHG20341,Tamil Nadu,Mixed SHG,18,14,38.2,56.6,96.03,1728.28,89.4,47.6,10,Yes,1,44.8,1,1635.9,Small Business,22000.0,7.8,No,0
SHG20342,Uttar Pradesh,Women SHG,14,47,38.3,59.4,55.72,2156.37,87.5,65.0,30,Yes,2,88.7,0,13745.71,Home Improvement,51900.0,9.4,Yes,1
SHG20343,Uttar Pradesh,Women SHG,8,61,50.5,28.7,242.87,7512.61,76.3,60.5,46,Yes,3,73.3,1,5926.75,Small Business,40400.0,8.6,Yes,1
SHG20344,Maharashtra,Mixed SHG,12,32,41.9,60.1,104.54,2940.94,85.3,46.9,23,No,0,,0,0.0,Agriculture,5700.0,9.1,No,1
SHG20345,Tamil Nadu,Women SHG,13,10,20.0,42.7,136.19,899.57,83.8,92.8,6,Yes,2,90.2,0,12691.14,Small Business,7300.0,7.7,Yes,1
SHG20346,Telangana,Women SHG,18,27,30.7,59.0,132.76,3956.77,66.3,94.7,19,Yes,0,,0,0.0,Agriculture,50800.0,8.7,Yes,1
SHG20347,West Bengal,Women SHG,15,19,33.2,72.5,40.47,582.29,63.4,52.8,16,Yes,1,66.4,0,19735.35,Livestock,5000.0,7.6,No,1
SHG20348,Karnataka,Farmer Producer Group,11,74,35.8,31.5,70.26,4075.8,59.8,79.6,67,Yes,2,82.8,0,15099.78,Small Business,75700.0,7.2,No,0
SHG20349,Kerala,Women SHG,14,30,44.9,81.3,81.34,2474.95,82.8,87.2,20,Yes,1,69.0,0,13768.04,Education,79300.0,7.4,Yes,1
SHG20350,Tamil Nadu,Mixed SHG,8,26,43.3,48.7,75.05,1022.19,74.2,69.3,16,Yes,1,65.0,0,13247.58,Livestock,28700.0,6.1,Yes,1
SHG20351,Uttar Pradesh,Mixed SHG,14,22,34.5,46.0,20.0,375.77,82.7,68.2,19,Yes,3,56.4,0,22984.89,Livestock,49500.0,6.5,Yes,1
SHG20352,Karnataka,Mixed SHG,12,8,21.3,62.8,174.69,1081.11,69.2,61.9,7,Yes,1,90.1,0,11231.9,Livestock,21400.0,5.6,Yes,1
SHG20353,Bihar,Women SHG,15,88,57.2,42.8,236.97,22293.29,70.3,79.5,77,Yes,2,87.9,2,15289.07,Livestock,20000.0,10.0,Yes,1
SHG20354,Uttar Pradesh,Women SHG,11,40,36.7,53.9,73.49,2585.25,72.2,95.3,21,Yes,1,82.8,1,9996.8,Agriculture,56500.0,5.5,Yes,1
SHG20355,Odisha,Women SHG,13,20,34.5,60.8,312.13,4828.87,87.9,86.4,14,Yes,2,94.4,1,16901.55,Livestock,23100.0,7.8,Yes,1
SHG20356,Tamil Nadu,Women SHG,15,22,39.6,58.5,54.63,1256.13,67.2,80.6,12,Yes,2,65.7,0,15780.93,Agriculture,30700.0,6.9,No,1
SHG20357,Kerala,Mixed SHG,13,16,33.0,47.1,166.95,2351.37,58.3,76.4,9,Yes,1,81.5,0,34991.65,Livestock,40800.0,4.9,Yes,0
SHG20358,Maharashtra,Women SHG,16,33,32.0,51.1,206.77,6119.56,94.6,90.6,18,Yes,0,,0,0.0,Emergency/Consumption,8400.0,7.7,Yes,1
SHG20359,Kerala,Women SHG,11,5,39.6,73.4,126.06,470.4,39.8,69.2,4,Yes,0,,0,0.0,Agriculture,24500.0,6.6,Yes,0
SHG20360,Maharashtra,Women SHG,20,22,41.6,50.4,37.37,1102.31,26.0,47.5,12,Yes,0,,0,0.0,Livestock,7800.0,9.4,Yes,0
SHG20361,Telangana,Women SHG,20,36,38.2,33.7,53.28,3053.01,64.5,76.8,25,Yes,2,61.7,1,30986.47,Education,59600.0,7.1,Yes,0
SHG20362,Andhra Pradesh,Farmer Producer Group,15,45,29.0,43.7,62.6,3373.2,48.0,76.7,32,Yes,1,89.8,0,33202.78,Emergency/Consumption,37100.0,6.9,Yes,0
SHG20363,Bihar,Mixed SHG,17,14,33.9,50.4,88.52,1472.23,54.2,94.8,11,Yes,2,48.2,0,26304.82,Emergency/Consumption,10700.0,8.2,No,0
SHG20364,Tamil Nadu,Women SHG,17,86,59.1,48.8,225.13,26924.29,56.0,82.2,60,Yes,1,67.7,0,1144.07,Livestock,26400.0,7.8,Yes,1
SHG20365,Kerala,Women SHG,13,11,25.4,67.1,24.88,288.43,94.4,67.0,8,No,2,88.9,0,7409.22,Agriculture,34400.0,7.2,Yes,1
SHG20366,Tamil Nadu,Mixed SHG,11,20,36.9,37.3,111.83,1473.0,75.2,88.2,14,No,3,67.9,0,5871.31,Agriculture,20000.0,6.0,Yes,1
SHG20367,West Bengal,Mixed SHG,16,27,52.9,100.0,58.45,1402.22,94.8,42.2,25,Yes,1,60.2,1,23064.01,Small Business,18600.0,8.5,Yes,1
SHG20368,Kerala,Women SHG,11,5,39.6,61.1,83.06,343.47,87.8,24.7,4,Yes,0,,0,0.0,Emergency/Consumption,8400.0,8.9,No,0
SHG20369,Odisha,Women SHG,8,14,29.4,86.5,107.92,654.34,75.9,89.0,13,Yes,0,,0,0.0,Agriculture,28100.0,7.0,Yes,1
SHG20370,Uttar Pradesh,Women SHG,20,39,27.5,87.4,268.24,13722.28,58.9,60.0,26,Yes,3,80.8,2,45098.73,Small Business,13900.0,5.9,Yes,0
SHG20371,Bihar,Women SHG,15,10,37.1,23.5,81.71,720.49,84.3,83.2,6,Yes,1,90.1,3,10343.14,Livestock,31000.0,9.7,Yes,1
SHG20372,Tamil Nadu,Women SHG,12,17,47.4,41.0,202.13,2066.59,68.4,37.7,16,Yes,2,70.7,0,5882.22,Emergency/Consumption,30900.0,6.6,No,0
SHG20373,Kerala,Women SHG,9,24,41.6,68.5,20.0,224.32,56.2,85.0,15,No,1,91.5,0,25273.1,Livestock,32000.0,6.5,No,1
SHG20374,Karnataka,Mixed SHG,8,22,39.3,70.9,89.87,1026.96,63.5,54.1,14,Yes,0,,0,0.0,Small Business,20200.0,4.1,Yes,1
SHG20375,Bihar,Women SHG,10,52,40.4,55.4,28.22,1187.96,78.2,78.0,45,Yes,4,93.8,0,4695.24,Home Improvement,8000.0,10.0,No,0
SHG20376,Tamil Nadu,Women SHG,15,23,44.2,37.1,124.7,3552.22,59.1,88.8,20,Yes,0,,0,0.0,Agriculture,24000.0,6.8,Yes,1
SHG20377,Tamil Nadu,Women SHG,12,26,38.9,41.5,219.93,4894.39,94.0,75.9,14,Yes,1,81.4,0,7328.1,Home Improvement,25400.0,9.6,Yes,1
SHG20378,Andhra Pradesh,Farmer Producer Group,11,13,37.2,34.3,50.37,523.99,88.0,89.1,7,Yes,2,80.0,0,9677.56,Education,29800.0,7.4,Yes,1
SHG20379,Telangana,Women SHG,10,15,36.4,34.7,20.0,195.6,92.1,73.9,11,Yes,1,81.7,0,21426.68,Agriculture,21600.0,10.0,Yes,1
SHG20380,West Bengal,Women SHG,13,45,42.7,57.0,156.9,6150.4,79.4,83.3,28,Yes,2,93.7,0,8972.49,Small Business,46700.0,10.0,No,0
SHG20381,Andhra Pradesh,Women SHG,12,21,36.8,81.6,85.87,1170.77,80.7,66.2,13,Yes,0,,0,0.0,Small Business,24200.0,8.0,No,1
SHG20382,Andhra Pradesh,Farmer Producer Group,15,20,40.2,75.7,173.38,4310.8,70.5,73.2,14,Yes,1,40.2,1,8048.93,Agriculture,57200.0,9.3,Yes,1
SHG20383,West Bengal,Mixed SHG,13,53,41.6,67.0,29.4,1309.4,99.1,84.5,28,Yes,0,,0,0.0,Livestock,12700.0,7.2,Yes,1
SHG20384,Maharashtra,Mixed SHG,14,45,45.5,62.4,128.29,6022.13,40.3,94.5,40,No,2,66.1,0,1387.58,Agriculture,7800.0,5.5,Yes,0
SHG20385,Bihar,Women SHG,15,22,47.7,68.7,75.83,1277.42,71.5,87.0,13,Yes,1,77.2,0,16013.9,Livestock,38400.0,4.7,Yes,1
SHG20386,Uttar Pradesh,Women SHG,14,30,29.7,41.0,173.2,5598.99,65.3,87.4,20,Yes,2,63.3,0,4142.44,Emergency/Consumption,38600.0,6.9,Yes,1
SHG20387,Andhra Pradesh,Mixed SHG,8,31,40.1,38.6,51.48,676.27,70.5,87.3,21,Yes,1,87.9,1,6722.94,Livestock,5000.0,5.5,Yes,1
SHG20388,Odisha,Women SHG,15,33,38.0,56.2,140.88,4204.1,90.8,58.4,23,Yes,1,75.7,0,22306.85,Agriculture,11300.0,5.0,Yes,1
SHG20389,Bihar,Women SHG,14,70,23.3,16.2,158.73,11853.2,91.1,49.1,40,Yes,1,73.1,1,8349.33,Education,11600.0,7.0,No,1
SHG20390,Kerala,Women SHG,8,9,43.1,85.8,130.26,663.0,56.6,87.7,8,Yes,1,71.0,0,29634.5,Small Business,31800.0,8.2,Yes,0
SHG20391,Telangana,Women SHG,10,5,34.6,81.0,23.53,78.1,84.2,93.3,4,No,0,,0,0.0,Emergency/Consumption,56700.0,9.7,Yes,0
SHG20392,Karnataka,Women SHG,17,16,30.8,60.0,20.0,384.04,61.4,64.1,12,Yes,1,93.5,0,20382.11,Small Business,44500.0,7.5,Yes,1
SHG20393,Odisha,Women SHG,10,11,39.5,58.4,117.21,1071.05,55.5,91.2,8,Yes,0,,0,0.0,Agriculture,16000.0,5.4,No,1
SHG20394,Karnataka,Women SHG,13,34,24.9,54.5,28.79,965.39,80.5,97.6,30,Yes,2,77.5,2,12694.69,Agriculture,11900.0,8.4,No,0
SHG20395,Odisha,Women SHG,14,14,39.8,75.0,94.09,1028.89,72.9,92.9,12,No,1,81.3,0,3813.94,Small Business,29000.0,10.0,No,0
SHG20396,Maharashtra,Women SHG,14,11,34.3,60.9,48.47,383.64,88.7,88.5,6,Yes,5,71.3,2,22064.59,Emergency/Consumption,18100.0,7.0,No,0
SHG20397,Bihar,Women SHG,16,21,44.6,73.8,64.02,1785.95,55.1,81.9,12,Yes,2,79.0,1,17221.5,Small Business,30200.0,6.7,Yes,0
SHG20398,Tamil Nadu,Women SHG,15,51,39.0,76.3,335.78,20601.26,78.1,59.4,43,Yes,3,97.2,1,3974.71,Livestock,41000.0,7.1,No,1
SHG20399,Bihar,Women SHG,17,26,36.8,54.1,133.57,4129.47,72.5,72.9,23,Yes,1,28.7,0,26236.46,Livestock,82500.0,9.4,No,1
SHG20400,West Bengal,Women SHG,13,56,42.1,53.8,50.05,2938.36,58.4,81.5,38,Yes,3,83.1,0,2759.9,Agriculture,23900.0,7.0,No,0
SHG20401,Andhra Pradesh,Mixed SHG,17,13,36.8,33.5,80.09,1443.69,40.0,86.7,11,Yes,1,82.7,0,9221.81,Agriculture,21400.0,8.3,Yes,1
SHG20402,Tamil Nadu,Women SHG,17,30,46.7,73.8,66.64,2602.64,72.4,79.2,26,No,2,58.1,0,5691.72,Home Improvement,25700.0,8.2,Yes,0
SHG20403,West Bengal,Mixed SHG,10,73,37.3,66.1,24.57,964.18,91.1,43.8,66,Yes,2,66.5,1,17467.11,Agriculture,40900.0,8.2,Yes,1
SHG20404,Karnataka,Farmer Producer Group,16,58,39.9,73.7,20.0,1019.22,72.1,79.7,46,Yes,1,90.8,0,21265.86,Small Business,8000.0,5.4,Yes,0
SHG20405,Odisha,Women SHG,13,9,37.0,42.8,129.24,1092.76,78.7,74.6,6,Yes,3,80.6,1,3298.6,Small Business,7800.0,8.3,Yes,0
SHG20406,West Bengal,Women SHG,8,24,38.5,64.9,43.77,578.65,91.4,82.9,20,Yes,1,75.6,0,44226.01,Livestock,24700.0,9.3,Yes,1
SHG20407,Karnataka,Women SHG,12,8,42.6,44.8,20.0,103.79,87.3,92.7,6,No,1,78.4,0,15606.2,Small Business,17900.0,5.4,No,1
SHG20408,Kerala,Women SHG,12,84,39.8,40.4,131.71,6654.85,76.7,85.2,72,Yes,1,72.0,2,3640.87,Emergency/Consumption,40700.0,6.8,No,1
SHG20409,Uttar Pradesh,Women SHG,11,17,37.7,56.2,65.42,994.99,88.1,97.5,9,Yes,3,63.8,0,27302.07,Agriculture,45300.0,6.2,Yes,0
SHG20410,Maharashtra,Women SHG,14,76,31.8,22.8,20.0,1218.79,55.7,75.8,39,Yes,0,,0,0.0,Small Business,16100.0,6.2,Yes,1
SHG20411,Tamil Nadu,Women SHG,13,17,31.1,82.7,45.71,717.96,86.8,65.6,10,Yes,0,,0,0.0,Emergency/Consumption,50900.0,6.3,Yes,1
SHG20412,Telangana,Mixed SHG,10,61,36.8,38.0,255.21,9471.97,76.5,82.1,58,Yes,1,91.4,0,32565.99,Small Business,38400.0,6.0,No,0
SHG20413,Andhra Pradesh,Women SHG,8,10,36.8,68.0,155.59,970.55,81.9,90.6,9,No,4,85.9,0,6523.65,Emergency/Consumption,9100.0,7.5,No,1
SHG20414,Andhra Pradesh,Women SHG,16,11,33.3,45.5,40.87,555.07,71.5,49.6,7,Yes,1,83.2,1,11871.42,Small Business,45200.0,4.6,Yes,0
SHG20415,Tamil Nadu,Farmer Producer Group,12,49,41.7,53.3,62.94,2718.31,69.4,87.2,42,Yes,0,,0,0.0,Education,5200.0,6.0,No,1
SHG20416,Tamil Nadu,Women SHG,18,43,39.0,46.7,197.82,12429.95,77.8,71.8,28,Yes,0,,0,0.0,Education,12400.0,6.1,Yes,1
SHG20417,West Bengal,Women SHG,17,11,30.2,72.3,274.2,3719.21,75.5,89.0,9,Yes,3,75.5,0,4427.91,Agriculture,35100.0,6.4,Yes,1
SHG20418,Telangana,Women SHG,9,13,31.1,10.0,270.2,2305.59,88.2,78.7,9,Yes,0,,0,0.0,Small Business,11500.0,8.8,Yes,0
SHG20419,Telangana,Mixed SHG,12,9,47.4,66.7,140.8,830.45,60.6,22.7,8,No,1,78.3,0,12009.4,Education,48900.0,9.3,Yes,1
SHG20420,Karnataka,Mixed SHG,13,39,32.3,52.3,134.54,5212.28,70.6,67.8,26,No,1,72.6,0,9959.1,Small Business,78800.0,5.3,Yes,1
SHG20421,Karnataka,Farmer Producer Group,14,43,35.8,39.4,66.84,2545.34,62.6,87.4,25,Yes,6,71.8,0,15712.68,Livestock,19500.0,5.7,Yes,0
SHG20422,Karnataka,Women SHG,12,44,38.1,54.4,100.16,2859.75,60.1,69.2,26,Yes,2,66.3,0,4196.88,Small Business,8200.0,8.6,No,1
SHG20423,Andhra Pradesh,Women SHG,14,75,34.6,67.9,189.95,12437.58,76.8,84.8,52,Yes,0,,0,0.0,Livestock,28100.0,5.5,Yes,1
SHG20424,Tamil Nadu,Mixed SHG,17,11,28.0,53.5,163.73,2292.26,54.6,51.8,9,Yes,2,61.6,0,19024.77,Small Business,34600.0,7.7,No,1
SHG20425,Tamil Nadu,Women SHG,10,18,25.6,62.1,230.82,2508.18,41.9,61.4,11,Yes,1,60.5,0,2529.65,Agriculture,35500.0,6.0,Yes,0
SHG20426,Kerala,Women SHG,10,53,52.5,44.2,70.59,2323.76,84.7,87.5,43,Yes,2,88.0,1,14144.24,Agriculture,31900.0,7.4,Yes,1
SHG20427,Telangana,Mixed SHG,13,22,34.3,99.0,94.48,2044.71,74.1,87.3,16,Yes,1,48.6,0,24929.69,Agriculture,14200.0,7.8,Yes,1
SHG20428,Uttar Pradesh,Women SHG,15,23,20.4,89.4,75.39,1542.67,87.7,62.7,12,Yes,2,87.7,0,18559.55,Agriculture,36000.0,5.8,No,1
SHG20429,Bihar,Women SHG,16,13,43.7,58.6,87.77,1391.21,83.9,87.4,7,Yes,0,,0,0.0,Small Business,25700.0,8.3,Yes,1
SHG20430,Odisha,Mixed SHG,11,40,45.0,65.2,168.76,5910.14,89.7,89.1,36,Yes,2,52.5,1,35566.03,Livestock,40600.0,5.8,No,0
SHG20431,Telangana,Women SHG,14,58,35.0,82.3,61.21,3709.73,33.5,78.1,54,Yes,4,80.6,0,7169.06,Agriculture,17800.0,5.3,Yes,1
SHG20432,Telangana,Women SHG,11,5,38.2,80.2,69.66,216.15,77.0,89.5,4,Yes,0,,0,0.0,Livestock,36000.0,6.3,Yes,0
SHG20433,Karnataka,Mixed SHG,13,30,49.0,41.2,89.29,1743.91,75.8,86.3,24,Yes,2,45.3,1,4790.72,Agriculture,17900.0,5.3,No,1
SHG20434,Andhra Pradesh,Women SHG,20,63,42.1,73.1,86.15,6062.53,91.4,92.1,49,Yes,0,,0,0.0,Small Business,55500.0,8.1,Yes,1
SHG20435,Karnataka,Women SHG,17,22,58.2,91.5,104.8,2720.56,44.1,69.4,16,Yes,1,87.2,2,8405.01,Livestock,70100.0,7.1,Yes,1
SHG20436,Tamil Nadu,Women SHG,8,72,45.0,62.4,319.26,14945.74,77.8,66.5,51,Yes,0,,0,0.0,Livestock,19300.0,5.2,No,1
SHG20437,Odisha,Mixed SHG,14,17,46.1,55.7,98.37,1749.65,77.3,54.3,9,No,4,76.6,0,5713.46,Agriculture,36000.0,7.2,Yes,1
SHG20438,Telangana,Mixed SHG,9,15,29.1,68.1,193.07,1318.61,55.4,55.2,9,Yes,1,75.6,1,12594.42,Livestock,26200.0,6.6,Yes,1
SHG20439,Telangana,Mixed SHG,14,6,49.4,68.1,72.73,349.81,68.0,63.5,6,No,0,,0,0.0,Agriculture,27300.0,7.1,Yes,0
SHG20440,Karnataka,Mixed SHG,11,37,40.3,60.7,192.44,5714.1,69.5,69.0,30,Yes,1,51.4,1,7194.26,Small Business,52500.0,6.5,Yes,0
SHG20441,Telangana,Women SHG,13,32,40.9,79.7,33.08,875.57,77.2,91.8,28,Yes,0,,0,0.0,Emergency/Consumption,16400.0,7.7,No,0
SHG20442,Telangana,Farmer Producer Group,10,27,24.7,70.3,45.38,1018.96,88.3,95.5,15,Yes,2,80.3,0,23704.33,Small Business,17900.0,6.5,Yes,0
SHG20443,Uttar Pradesh,Women SHG,9,6,36.9,47.8,154.2,681.62,66.6,73.1,5,Yes,2,92.5,0,8402.55,Emergency/Consumption,71600.0,6.2,Yes,1
SHG20444,Uttar Pradesh,Women SHG,14,25,27.3,55.3,49.28,1300.81,90.2,81.2,23,No,2,54.7,1,17298.18,Small Business,17100.0,8.4,No,0
SHG20445,Tamil Nadu,Mixed SHG,18,95,45.2,55.4,213.67,23049.62,63.4,85.1,64,No,1,57.1,0,33538.13,Home Improvement,11000.0,6.8,Yes,1
SHG20446,Maharashtra,Mixed SHG,11,17,38.9,54.4,253.96,3030.26,65.3,81.9,13,No,2,94.8,1,19128.28,Agriculture,23700.0,10.0,No,0
SHG20447,Bihar,Farmer Producer Group,15,20,43.7,88.4,43.68,824.62,92.7,81.8,10,Yes,1,57.8,0,8311.68,Agriculture,27100.0,6.8,No,0
SHG20448,Tamil Nadu,Women SHG,15,30,26.5,72.4,265.62,6680.07,70.1,57.4,19,Yes,0,,0,0.0,Home Improvement,16400.0,5.7,Yes,1
SHG20449,Karnataka,Women SHG,10,82,30.3,89.6,237.53,15776.78,25.2,66.2,72,Yes,2,87.4,0,17203.2,Agriculture,65900.0,5.8,Yes,1
SHG20450,Maharashtra,Mixed SHG,12,104,22.9,72.8,70.48,7069.6,59.2,58.7,82,No,1,90.2,1,5699.31,Agriculture,79000.0,6.2,Yes,1
SHG20451,Bihar,Women SHG,14,14,48.6,50.3,118.49,1170.88,58.7,50.9,11,Yes,0,,0,0.0,Small Business,34600.0,7.7,No,1
SHG20452,Odisha,Women SHG,12,22,41.0,52.5,109.45,1580.72,70.5,47.1,20,Yes,0,,0,0.0,Home Improvement,42700.0,7.4,No,0
SHG20453,Telangana,Women SHG,14,31,28.4,82.4,104.63,2351.14,62.5,95.3,16,Yes,0,,0,0.0,Agriculture,19300.0,6.9,Yes,1
SHG20454,Odisha,Farmer Producer Group,11,46,31.8,65.9,55.06,1743.78,93.6,95.9,40,Yes,3,71.5,0,12843.16,Agriculture,5800.0,5.5,Yes,1
SHG20455,Karnataka,Women SHG,12,108,37.2,40.0,65.49,6579.33,59.5,70.0,64,Yes,1,70.3,0,11870.91,Livestock,25200.0,6.2,No,1
SHG20456,Telangana,Farmer Producer Group,11,21,27.8,85.5,314.21,4175.44,46.5,49.2,15,Yes,2,73.0,0,13065.47,Livestock,25300.0,5.2,Yes,0
SHG20457,Telangana,Women SHG,14,69,32.9,100.0,93.3,6287.43,83.1,80.2,40,Yes,1,85.2,1,11697.27,Home Improvement,26500.0,7.7,Yes,1
SHG20458,Kerala,Women SHG,14,12,36.4,74.2,21.95,248.62,88.5,66.5,10,Yes,2,50.4,0,14600.89,Livestock,10600.0,6.6,No,0
SHG20459,Andhra Pradesh,Women SHG,11,15,41.9,60.4,330.41,3990.09,85.1,83.9,13,Yes,0,,0,0.0,Agriculture,15600.0,4.1,Yes,1
SHG20460,Andhra Pradesh,Women SHG,14,14,36.3,66.1,90.69,1298.18,56.6,59.9,12,Yes,1,70.0,2,17407.07,Emergency/Consumption,38400.0,9.7,Yes,1
SHG20461,Maharashtra,Women SHG,10,33,31.3,20.4,20.0,368.08,86.6,45.6,27,Yes,2,76.4,0,37902.26,Agriculture,16300.0,8.9,Yes,1
SHG20462,Maharashtra,Mixed SHG,14,197,34.9,71.8,170.9,35391.48,46.8,53.4,155,Yes,1,93.6,1,5258.63,Small Business,28600.0,6.4,Yes,1
SHG20463,Andhra Pradesh,Women SHG,12,61,50.7,57.7,44.64,1917.52,81.8,84.5,38,Yes,2,67.1,0,4069.74,Education,30600.0,7.1,No,1
SHG20464,Telangana,Women SHG,11,44,39.0,34.1,238.75,7165.08,31.7,97.3,35,No,4,79.6,0,9264.07,Agriculture,22900.0,5.9,No,0
SHG20465,Telangana,Farmer Producer Group,15,7,33.9,29.1,270.67,1881.89,79.3,79.1,4,Yes,0,,0,0.0,Livestock,57400.0,6.8,Yes,1
SHG20466,Maharashtra,Women SHG,11,25,32.5,46.3,21.55,355.35,38.0,75.2,23,Yes,0,,0,0.0,Agriculture,13200.0,5.7,Yes,0
SHG20467,Karnataka,Women SHG,14,76,26.9,89.2,20.0,1502.2,81.7,68.5,49,Yes,1,58.7,1,5817.37,Education,18800.0,8.9,Yes,0
SHG20468,Odisha,Farmer Producer Group,11,37,39.9,98.0,283.18,8501.87,73.7,62.6,34,Yes,0,,0,0.0,Small Business,42200.0,8.3,No,1
SHG20469,Kerala,Women SHG,18,39,46.5,71.2,178.76,8102.1,90.0,57.2,30,Yes,1,83.3,1,17038.71,Livestock,80400.0,6.5,No,1
SHG20470,Odisha,Women SHG,13,11,36.9,66.7,90.6,802.87,92.3,67.4,9,Yes,0,,0,0.0,Emergency/Consumption,16000.0,8.9,Yes,1
SHG20471,West Bengal,Women SHG,13,71,32.5,92.5,20.0,1129.74,60.7,65.4,36,Yes,2,80.7,0,4338.12,Small Business,19200.0,6.7,Yes,1
SHG20472,Tamil Nadu,Women SHG,13,24,43.0,45.9,332.42,7238.51,71.0,96.4,15,Yes,0,,0,0.0,Home Improvement,43600.0,6.0,No,1
SHG20473,West Bengal,Women SHG,10,35,31.0,59.4,59.2,1627.73,74.7,69.8,25,Yes,1,55.2,2,26624.05,Small Business,12100.0,6.9,No,0
SHG20474,Odisha,Women SHG,11,7,31.7,29.5,114.99,449.02,44.0,55.2,5,Yes,1,92.4,0,2727.59,Home Improvement,46500.0,7.8,No,0
SHG20475,Tamil Nadu,Farmer Producer Group,13,64,37.1,58.2,37.67,2271.24,73.2,69.5,50,Yes,3,77.2,0,11343.61,Small Business,62500.0,6.7,Yes,0
SHG20476,Telangana,Women SHG,15,37,31.0,72.1,218.04,6874.55,85.0,68.6,33,Yes,3,78.0,0,4416.75,Small Business,15400.0,7.3,Yes,1
SHG20477,Telangana,Women SHG,12,29,48.4,71.1,74.67,1743.83,72.7,92.7,15,No,2,76.3,0,11705.52,Agriculture,34200.0,5.3,No,1
SHG20478,Tamil Nadu,Farmer Producer Group,13,18,33.9,59.2,69.91,1225.45,77.9,78.2,9,No,1,83.9,1,25262.94,Education,30000.0,5.6,No,1
SHG20479,Maharashtra,Women SHG,13,20,33.4,74.1,81.64,1676.12,82.8,64.5,14,Yes,0,,0,0.0,Small Business,12100.0,6.0,Yes,1
SHG20480,Odisha,Women SHG,15,19,31.7,94.5,104.42,1672.12,84.6,55.8,10,Yes,1,86.0,0,26822.79,Small Business,43100.0,5.8,No,1
SHG20481,Maharashtra,Women SHG,15,29,49.5,64.9,152.69,5531.75,84.0,94.8,19,Yes,1,85.3,1,2572.86,Livestock,8000.0,8.2,No,1
SHG20482,Bihar,Mixed SHG,14,45,31.7,26.2,109.09,4879.81,86.4,77.2,40,Yes,3,79.4,1,14745.14,Agriculture,19600.0,5.5,No,1
SHG20483,West Bengal,Women SHG,11,14,37.0,90.1,128.23,1430.07,48.4,88.6,8,Yes,2,85.9,0,10803.94,Small Business,8100.0,6.6,No,1
SHG20484,Karnataka,Mixed SHG,18,7,34.5,70.8,410.1,4182.49,78.4,76.1,5,Yes,4,95.0,0,16666.27,Small Business,40300.0,9.5,Yes,1
SHG20485,Karnataka,Women SHG,16,36,40.4,34.9,70.07,3203.03,85.3,63.9,31,Yes,3,69.2,0,10391.1,Emergency/Consumption,55100.0,6.6,Yes,1
SHG20486,Bihar,Mixed SHG,14,22,46.5,89.1,57.57,946.8,71.3,77.5,13,Yes,1,79.8,0,10681.19,Emergency/Consumption,42200.0,10.0,Yes,0
SHG20487,Uttar Pradesh,Mixed SHG,14,39,48.7,55.7,255.94,9589.34,55.7,91.5,24,Yes,0,,0,0.0,Emergency/Consumption,31700.0,7.0,No,1
SHG20488,Andhra Pradesh,Women SHG,18,46,34.1,69.7,52.98,2642.77,94.7,87.5,27,Yes,2,67.5,0,32501.04,Agriculture,43000.0,7.6,No,0
SHG20489,Maharashtra,Women SHG,11,19,33.5,65.2,68.24,1102.59,87.5,72.2,12,No,0,,0,0.0,Education,13000.0,5.9,Yes,0
SHG20490,Andhra Pradesh,Women SHG,20,24,34.6,19.8,42.82,1582.0,71.4,58.6,17,Yes,1,82.0,1,12780.08,Small Business,32500.0,6.2,Yes,1
SHG20491,Odisha,Women SHG,16,14,32.1,25.2,30.06,463.39,31.3,74.0,8,Yes,1,52.4,0,6324.98,Livestock,26800.0,5.8,Yes,1
SHG20492,Karnataka,Women SHG,13,7,39.4,46.8,33.55,213.76,93.1,78.9,6,Yes,1,85.9,0,8003.04,Small Business,17200.0,4.2,No,1
SHG20493,Andhra Pradesh,Women SHG,13,44,37.9,65.1,104.33,3626.39,71.5,94.7,34,Yes,3,88.4,2,5856.35,Agriculture,11700.0,7.2,Yes,1
SHG20494,Maharashtra,Women SHG,18,50,35.9,71.7,141.6,9572.19,64.3,35.0,47,Yes,2,80.7,1,6466.94,Agriculture,65500.0,5.0,Yes,0
SHG20495,Telangana,Women SHG,8,74,31.5,50.5,109.65,5310.26,42.5,66.3,45,Yes,2,63.4,0,19426.27,Small Business,58700.0,4.2,Yes,0
SHG20496,Telangana,Mixed SHG,11,27,36.0,89.8,96.08,2279.03,67.7,59.6,21,Yes,5,70.8,0,10821.65,Agriculture,43500.0,7.8,Yes,1
SHG20497,Uttar Pradesh,Women SHG,14,7,34.2,37.9,69.22,393.11,56.1,81.2,6,Yes,3,87.1,0,3650.03,Emergency/Consumption,47200.0,7.1,Yes,1
SHG20498,Telangana,Women SHG,15,22,52.1,82.0,108.56,2741.73,79.4,73.4,15,Yes,2,74.2,2,2384.84,Agriculture,63600.0,3.9,Yes,1
SHG20499,Tamil Nadu,Mixed SHG,18,19,25.2,44.2,20.0,567.51,78.8,78.9,10,Yes,0,,0,0.0,Agriculture,5000.0,6.2,Yes,1
SHG20500,Kerala,Women SHG,15,45,50.6,71.5,259.07,10374.0,82.1,59.0,42,Yes,1,69.9,0,13463.08,Agriculture,27600.0,6.8,No,1
SHG20501,Telangana,Women SHG,13,13,48.1,59.6,92.27,871.27,49.3,74.9,12,Yes,4,55.6,0,8167.44,Small Business,15600.0,7.4,Yes,1
SHG20502,Telangana,Mixed SHG,14,24,41.4,38.6,145.36,3602.79,70.9,95.5,16,Yes,0,,0,0.0,Livestock,77200.0,7.0,No,0
SHG20503,West Bengal,Women SHG,13,12,39.2,47.4,263.33,3025.98,73.1,82.4,9,Yes,1,82.7,0,20720.97,Agriculture,42100.0,8.5,Yes,1
SHG20504,Karnataka,Women SHG,14,18,39.8,80.7,47.75,856.33,58.3,77.4,12,Yes,4,87.6,0,6757.99,Agriculture,54000.0,8.6,No,1
SHG20505,Kerala,Women SHG,19,20,44.4,57.3,107.82,2264.09,63.7,91.3,18,No,1,76.9,2,6509.62,Education,25300.0,6.0,No,0
SHG20506,Bihar,Women SHG,19,22,35.3,42.8,36.36,784.11,78.0,69.7,16,Yes,1,72.1,1,14580.44,Education,24500.0,9.4,No,0
SHG20507,Karnataka,Women SHG,15,19,30.1,52.8,186.94,3057.62,63.4,34.6,17,Yes,4,95.9,0,33838.96,Small Business,11100.0,6.7,No,1
SHG20508,Odisha,Women SHG,12,24,41.9,52.3,103.93,1561.93,63.6,86.6,19,Yes,2,80.7,1,6669.77,Education,33300.0,8.8,No,1
SHG20509,Karnataka,Women SHG,17,73,37.8,78.7,65.7,4158.28,83.8,65.4,69,Yes,0,,0,0.0,Small Business,39200.0,5.8,No,0
SHG20510,Maharashtra,Women SHG,14,18,33.9,58.2,72.45,1449.43,39.6,86.2,17,Yes,1,77.7,1,21240.8,Small Business,8200.0,7.3,Yes,1
SHG20511,Andhra Pradesh,Women SHG,12,21,31.6,67.2,112.13,1435.46,64.1,68.0,12,Yes,2,93.6,0,11539.74,Small Business,23500.0,8.6,Yes,1
SHG20512,Bihar,Women SHG,8,10,27.4,60.9,256.24,1458.16,56.9,60.1,9,Yes,4,88.7,0,39929.55,Agriculture,19000.0,5.9,Yes,1
SHG20513,Uttar Pradesh,Women SHG,12,8,36.0,81.3,27.04,199.41,42.5,92.8,7,No,3,88.3,0,1756.3,Home Improvement,65000.0,10.0,No,1
SHG20514,Uttar Pradesh,Mixed SHG,16,44,36.9,55.0,84.46,4395.89,64.9,94.7,24,No,1,84.6,0,14719.59,Agriculture,19100.0,5.3,Yes,1
SHG20515,West Bengal,Women SHG,8,32,31.7,61.6,308.6,5189.27,90.5,66.5,17,Yes,1,72.5,0,12542.8,Livestock,78700.0,6.0,Yes,1
SHG20516,Karnataka,Mixed SHG,8,11,43.8,59.6,45.61,242.14,76.4,76.9,6,No,0,,0,0.0,Livestock,44500.0,6.4,Yes,1
SHG20517,Andhra Pradesh,Farmer Producer Group,13,86,26.6,78.7,229.39,13163.43,71.1,78.9,68,Yes,0,,0,0.0,Home Improvement,19200.0,7.9,Yes,0
SHG20518,Karnataka,Farmer Producer Group,14,34,32.0,79.1,144.18,4699.51,48.7,66.0,28,Yes,1,59.3,0,36857.37,Small Business,5200.0,6.9,Yes,1
SHG20519,Odisha,Mixed SHG,12,14,26.1,71.1,156.75,1428.16,90.5,79.7,13,No,1,87.4,1,9908.59,Livestock,83300.0,6.4,Yes,1
SHG20520,Karnataka,Women SHG,13,26,29.3,57.2,55.96,980.75,91.7,83.4,24,Yes,2,89.0,0,34030.97,Agriculture,38200.0,5.2,Yes,1
SHG20521,Andhra Pradesh,Women SHG,15,29,31.6,89.0,90.18,2238.46,57.9,45.6,20,Yes,1,69.2,0,13891.99,Agriculture,77700.0,6.8,No,1
SHG20522,Tamil Nadu,Women SHG,14,30,25.4,48.8,25.89,748.36,75.5,84.0,17,Yes,0,,0,0.0,Small Business,24500.0,5.6,Yes,0
SHG20523,Bihar,Women SHG,13,38,32.5,65.9,200.97,7183.9,50.6,63.7,31,Yes,3,88.4,1,6393.33,Home Improvement,31300.0,6.5,No,1
SHG20524,Andhra Pradesh,Mixed SHG,11,76,35.9,67.8,20.0,892.25,93.1,84.8,60,Yes,1,84.8,0,17379.78,Livestock,31500.0,6.9,Yes,1
SHG20525,Andhra Pradesh,Women SHG,14,29,32.5,44.6,207.97,4665.12,76.6,45.1,18,Yes,4,83.6,1,1304.34,Small Business,5000.0,5.9,Yes,1
SHG20526,Uttar Pradesh,Women SHG,11,51,40.2,43.3,86.07,2568.63,66.8,75.3,44,Yes,1,75.7,0,10972.98,Emergency/Consumption,7500.0,4.9,Yes,1
SHG20527,Telangana,Women SHG,14,23,37.4,53.5,192.06,5103.7,48.4,84.9,12,No,1,71.8,0,4595.51,Agriculture,26300.0,7.0,Yes,1
SHG20528,Andhra Pradesh,Women SHG,20,22,31.3,62.0,134.75,4085.06,98.2,91.9,14,Yes,3,89.9,0,10610.29,Small Business,121600.0,6.0,Yes,0
SHG20529,Maharashtra,Women SHG,8,29,38.6,57.1,92.28,1257.91,79.6,76.9,21,No,0,,0,0.0,Agriculture,36400.0,7.7,No,1
SHG20530,Tamil Nadu,Mixed SHG,12,6,52.9,90.9,54.7,248.97,93.9,72.0,4,Yes,0,,0,0.0,Small Business,49700.0,9.5,No,1
SHG20531,Uttar Pradesh,Women SHG,13,26,58.2,82.7,171.47,4337.72,85.2,80.5,23,Yes,1,62.6,0,32656.67,Emergency/Consumption,20500.0,3.2,No,1
SHG20532,Odisha,Farmer Producer Group,17,33,46.8,50.9,119.9,5522.06,62.0,64.4,26,Yes,0,,0,0.0,Agriculture,16200.0,7.3,Yes,1
SHG20533,Bihar,Women SHG,16,53,41.4,49.5,63.85,3942.7,52.7,37.0,41,Yes,3,66.3,1,10425.9,Agriculture,9600.0,6.1,Yes,1
SHG20534,Odisha,Women SHG,15,52,32.5,82.3,88.12,4415.06,81.4,67.2,34,Yes,0,,0,0.0,Small Business,10500.0,9.1,Yes,1
SHG20535,Telangana,Women SHG,14,36,30.4,80.5,146.55,6032.61,89.8,89.9,26,Yes,2,95.1,1,68877.21,Livestock,17300.0,6.3,No,1
SHG20536,Tamil Nadu,Mixed SHG,10,37,52.9,54.9,315.27,6908.83,52.9,71.2,19,Yes,1,77.5,1,16351.22,Home Improvement,38300.0,7.5,Yes,1
SHG20537,Andhra Pradesh,Women SHG,15,5,31.5,69.2,41.13,208.7,55.4,79.3,3,Yes,0,,0,0.0,Small Business,12000.0,6.6,No,1
SHG20538,Maharashtra,Women SHG,13,16,22.6,38.1,150.72,1707.68,84.4,80.3,8,No,2,70.6,0,4564.02,Education,48200.0,9.4,Yes,1
SHG20539,Tamil Nadu,Women SHG,14,61,41.4,70.9,107.8,4953.48,86.4,62.9,44,Yes,1,91.9,0,56387.61,Agriculture,24900.0,8.8,Yes,1
SHG20540,Bihar,Women SHG,14,41,47.0,48.7,164.23,4881.28,73.1,53.1,24,Yes,2,83.8,0,19045.28,Agriculture,25600.0,8.8,Yes,1
SHG20541,Bihar,Mixed SHG,15,20,37.1,70.0,165.93,3542.51,57.6,92.2,11,Yes,1,91.0,0,26294.56,Small Business,12800.0,7.1,No,1
SHG20542,Telangana,Women SHG,8,24,38.2,37.3,114.21,1162.81,98.0,30.4,17,Yes,0,,0,0.0,Agriculture,13100.0,4.6,Yes,1
SHG20543,Kerala,Mixed SHG,17,7,41.6,85.6,162.9,1026.66,89.7,70.2,4,Yes,1,86.9,1,2990.06,Livestock,53000.0,5.9,No,1
SHG20544,Kerala,Women SHG,14,49,25.1,57.2,103.51,4563.31,57.8,74.9,37,Yes,0,,0,0.0,Small Business,16100.0,7.0,Yes,1
SHG20545,Tamil Nadu,Women SHG,17,27,23.5,65.6,264.03,6688.59,82.0,59.3,19,Yes,2,66.9,2,9659.04,Livestock,7400.0,6.4,Yes,0
SHG20546,Karnataka,Mixed SHG,9,32,41.1,82.2,23.67,516.03,66.9,73.2,22,Yes,0,,0,0.0,Small Business,69200.0,6.9,Yes,0
SHG20547,Bihar,Women SHG,9,24,26.8,90.1,235.96,4013.98,34.9,90.2,14,Yes,0,,0,0.0,Home Improvement,14100.0,5.7,Yes,1
SHG20548,Bihar,Women SHG,20,28,53.1,67.6,119.33,3920.15,57.5,83.6,21,Yes,1,91.6,0,4874.18,Livestock,10300.0,6.3,Yes,1
SHG20549,Tamil Nadu,Women SHG,13,7,43.3,49.9,114.87,601.19,45.9,88.9,4,Yes,0,,0,0.0,Small Business,8200.0,10.0,Yes,0
SHG20550,Bihar,Mixed SHG,12,57,59.7,57.9,47.25,2105.33,83.2,87.7,49,Yes,1,84.7,0,39331.93,Emergency/Consumption,24800.0,8.6,Yes,1
SHG20551,West Bengal,Women SHG,8,47,44.8,33.9,168.82,5089.48,48.2,69.3,29,No,1,82.8,0,3968.72,Emergency/Consumption,42500.0,7.8,No,0
SHG20552,Bihar,Farmer Producer Group,8,62,47.1,55.1,183.27,7556.31,79.1,69.1,34,Yes,1,45.7,0,11058.38,Livestock,48000.0,4.8,Yes,0
SHG20553,Kerala,Women SHG,11,69,53.1,60.4,70.52,3762.37,82.4,40.3,35,Yes,0,,0,0.0,Home Improvement,16000.0,6.9,No,1
SHG20554,Maharashtra,Women SHG,12,41,29.4,36.0,39.15,1279.41,83.5,60.5,34,Yes,2,36.1,0,25941.25,Small Business,15100.0,6.5,Yes,1
SHG20555,Tamil Nadu,Mixed SHG,9,7,31.8,60.2,91.84,313.95,53.4,80.8,4,No,1,86.2,0,15905.71,Emergency/Consumption,25100.0,8.6,Yes,1
SHG20556,Telangana,Women SHG,13,25,22.0,66.8,75.27,1277.52,56.9,76.8,14,No,0,,0,0.0,Small Business,48500.0,7.2,Yes,1
SHG20557,Tamil Nadu,Women SHG,19,9,45.4,47.1,103.43,983.53,62.6,89.6,5,Yes,1,59.1,0,7260.57,Agriculture,24100.0,8.4,Yes,1
SHG20558,Telangana,Women SHG,12,42,42.3,61.0,61.4,1954.27,62.5,58.4,24,Yes,1,89.2,0,7359.4,Livestock,17800.0,9.8,Yes,0
SHG20559,Andhra Pradesh,Mixed SHG,11,26,41.1,82.8,92.12,1450.71,60.2,51.4,18,Yes,1,69.3,0,23229.66,Small Business,36400.0,5.8,No,0
SHG20560,Tamil Nadu,Women SHG,9,37,40.3,61.6,109.09,2223.6,60.4,61.1,34,Yes,2,72.5,0,30802.83,Livestock,54300.0,6.4,No,0
SHG20561,Kerala,Women SHG,16,62,53.8,67.5,93.24,7493.32,49.5,74.6,53,Yes,2,84.7,0,14666.44,Livestock,5000.0,6.0,Yes,1
SHG20562,Karnataka,Farmer Producer Group,11,5,34.5,62.7,137.43,423.52,87.3,87.0,3,Yes,0,,0,0.0,Emergency/Consumption,37900.0,6.5,No,0
SHG20563,Andhra Pradesh,Farmer Producer Group,13,24,29.9,76.7,161.87,2652.68,72.7,97.3,18,Yes,1,42.0,1,30543.03,Agriculture,11700.0,8.1,Yes,1
SHG20564,Uttar Pradesh,Women SHG,12,19,29.1,25.3,75.83,1261.22,78.8,52.5,18,No,0,,0,0.0,Agriculture,19400.0,7.8,Yes,0
SHG20565,Andhra Pradesh,Women SHG,16,7,47.9,57.8,63.25,355.61,82.3,74.2,6,Yes,0,,0,0.0,Emergency/Consumption,49400.0,8.7,Yes,1
SHG20566,Andhra Pradesh,Women SHG,14,57,36.2,77.0,71.66,3605.14,64.6,65.7,34,Yes,1,80.6,1,6937.52,Livestock,55400.0,8.5,No,1
SHG20567,Odisha,Women SHG,11,83,41.4,41.2,88.63,4135.36,69.9,85.3,59,No,1,69.5,1,8995.67,Emergency/Consumption,41700.0,6.9,No,1
SHG20568,Kerala,Farmer Producer Group,8,14,46.0,100.0,112.51,665.82,66.0,73.0,12,Yes,0,,0,0.0,Small Business,20300.0,6.2,No,0
SHG20569,Bihar,Women SHG,12,14,35.5,88.8,63.05,621.76,87.4,68.1,8,No,1,68.8,0,23267.26,Small Business,17700.0,5.2,Yes,0
SHG20570,Telangana,Women SHG,12,42,20.0,57.6,125.09,3652.73,60.1,82.4,32,Yes,0,,0,0.0,Emergency/Consumption,21800.0,7.5,No,1
SHG20571,Karnataka,Women SHG,13,41,24.7,68.7,59.42,1783.05,87.7,89.6,25,Yes,3,82.7,1,30805.8,Agriculture,14300.0,5.5,Yes,1
SHG20572,Odisha,Women SHG,17,8,36.3,64.1,141.21,1583.63,72.3,74.5,6,Yes,0,,0,0.0,Agriculture,18000.0,7.5,Yes,1
SHG20573,Bihar,Farmer Producer Group,16,32,45.3,67.8,148.4,5261.82,85.0,78.4,19,Yes,1,67.4,1,32113.54,Home Improvement,50700.0,6.6,Yes,1
SHG20574,West Bengal,Women SHG,13,8,37.6,61.2,182.04,974.29,52.9,87.2,4,Yes,0,,0,0.0,Emergency/Consumption,5000.0,7.8,Yes,1
SHG20575,Andhra Pradesh,Women SHG,18,45,35.3,61.2,57.74,2909.15,88.7,40.6,40,Yes,2,84.8,0,7153.0,Agriculture,9500.0,7.6,Yes,1
SHG20576,Odisha,Women SHG,17,89,44.7,88.6,61.74,6576.31,95.1,83.6,63,Yes,0,,0,0.0,Small Business,14900.0,8.6,Yes,1
SHG20577,Uttar Pradesh,Mixed SHG,12,10,35.8,62.9,54.32,463.79,88.8,94.5,9,Yes,1,80.3,0,5422.97,Agriculture,8900.0,6.7,No,0
SHG20578,Bihar,Women SHG,18,67,44.8,62.6,143.07,9285.34,75.5,85.4,58,Yes,0,,0,0.0,Small Business,75900.0,8.7,Yes,0
SHG20579,Kerala,Mixed SHG,15,10,33.1,71.5,89.97,931.53,80.8,75.2,6,Yes,1,81.9,0,1671.12,Livestock,42100.0,8.2,Yes,1
SHG20580,West Bengal,Women SHG,15,7,20.0,56.3,154.74,1332.66,71.3,82.2,6,Yes,0,,0,0.0,Agriculture,37400.0,7.6,No,0
SHG20581,Karnataka,Women SHG,12,50,34.7,63.9,225.61,10405.75,60.0,79.3,41,Yes,0,,0,0.0,Home Improvement,34500.0,7.1,No,0
SHG20582,Andhra Pradesh,Women SHG,14,3,42.8,65.5,70.04,223.56,67.2,75.0,3,Yes,0,,0,0.0,Agriculture,50200.0,7.8,Yes,1
SHG20583,Uttar Pradesh,Farmer Producer Group,10,73,42.2,91.3,66.43,3845.04,54.8,79.1,61,Yes,1,61.7,0,28743.95,Agriculture,8100.0,9.7,Yes,1
SHG20584,Karnataka,Women SHG,12,18,45.7,45.7,227.13,3095.38,54.6,87.2,9,Yes,1,85.8,1,15848.59,Small Business,15300.0,8.0,Yes,1
SHG20585,Odisha,Mixed SHG,12,63,52.8,59.2,103.52,4953.72,94.4,42.7,36,Yes,1,86.2,0,30419.73,Home Improvement,27100.0,6.3,No,1
SHG20586,Tamil Nadu,Women SHG,15,4,41.1,36.3,100.33,451.98,49.7,91.7,3,Yes,0,,0,0.0,Livestock,65000.0,5.0,Yes,1
SHG20587,Odisha,Women SHG,8,81,39.4,100.0,22.29,1102.73,68.0,74.2,55,Yes,1,76.4,0,27597.84,Emergency/Consumption,50100.0,6.0,No,0
SHG20588,Andhra Pradesh,Mixed SHG,12,39,32.8,43.4,49.66,1456.56,81.3,77.2,22,Yes,1,94.1,0,14686.39,Small Business,57000.0,10.0,No,1
SHG20589,Maharashtra,Mixed SHG,8,36,37.0,49.8,104.99,1557.82,37.5,80.0,27,Yes,0,,0,0.0,Agriculture,47400.0,7.9,Yes,1
SHG20590,West Bengal,Women SHG,10,48,35.3,58.9,333.47,11333.69,66.4,69.7,34,Yes,0,,0,0.0,Agriculture,16500.0,5.1,Yes,1
SHG20591,Andhra Pradesh,Mixed SHG,14,26,30.9,68.9,66.64,1417.38,53.8,59.3,13,Yes,2,73.8,1,57220.06,Home Improvement,40000.0,7.0,Yes,1
SHG20592,Telangana,Women SHG,18,34,30.4,62.6,91.64,3091.76,98.6,57.2,19,Yes,2,63.4,0,1265.77,Education,32400.0,7.0,No,1
SHG20593,Bihar,Women SHG,13,24,46.5,60.4,55.84,1145.34,75.4,74.8,12,Yes,0,,0,0.0,Small Business,9200.0,7.6,Yes,1
SHG20594,West Bengal,Women SHG,18,71,42.2,72.7,98.39,7286.44,82.7,64.6,50,Yes,2,87.4,0,9305.83,Small Business,5000.0,5.1,No,1
SHG20595,Karnataka,Women SHG,12,32,28.0,71.2,74.07,1855.63,75.2,77.2,30,Yes,2,83.2,0,1486.28,Agriculture,17400.0,7.1,No,1
SHG20596,Kerala,Women SHG,16,39,44.8,62.3,387.83,12831.29,88.8,81.3,21,Yes,1,61.5,0,7287.27,Small Business,21200.0,10.0,No,1
SHG20597,Uttar Pradesh,Women SHG,16,12,52.0,68.3,196.83,2658.7,53.5,70.3,6,Yes,2,94.0,0,10030.72,Livestock,18800.0,9.4,Yes,1
SHG20598,Telangana,Women SHG,14,9,43.7,67.5,50.89,511.68,50.1,49.5,6,Yes,0,,0,0.0,Small Business,26300.0,6.3,Yes,0
SHG20599,Kerala,Mixed SHG,17,25,38.8,64.8,167.91,4368.52,79.6,95.4,17,Yes,0,,0,0.0,Agriculture,21800.0,7.9,Yes,1
SHG20600,Andhra Pradesh,Women SHG,10,61,50.2,47.0,85.72,3773.89,78.2,70.9,48,Yes,1,99.1,0,14602.92,Agriculture,12900.0,7.2,Yes,1
SHG20601,Bihar,Women SHG,17,31,32.9,51.6,150.49,5302.37,89.6,94.7,16,Yes,0,,0,0.0,Agriculture,82700.0,9.0,Yes,1
SHG20602,Andhra Pradesh,Women SHG,12,25,35.2,34.6,59.59,1052.99,83.6,83.6,14,Yes,1,72.5,1,7274.25,Agriculture,51400.0,5.2,Yes,0
SHG20603,Telangana,Mixed SHG,11,20,36.6,74.6,128.57,1539.86,75.9,74.3,18,Yes,1,94.1,0,24320.08,Emergency/Consumption,11800.0,4.8,No,1
SHG20604,Uttar Pradesh,Women SHG,10,77,36.8,40.1,98.53,5679.81,85.0,71.4,52,Yes,0,,0,0.0,Small Business,29300.0,8.6,Yes,1
SHG20605,Tamil Nadu,Mixed SHG,12,54,43.3,73.8,47.86,2284.22,60.8,74.1,29,Yes,1,69.4,0,13247.53,Agriculture,8300.0,6.3,Yes,1
SHG20606,Andhra Pradesh,Women SHG,14,22,38.1,52.5,20.0,373.48,71.7,75.2,12,No,2,73.2,0,23372.33,Small Business,34300.0,7.6,Yes,1
SHG20607,Karnataka,Women SHG,11,75,32.2,39.8,20.0,1319.4,36.7,69.8,61,No,3,90.1,1,25289.32,Home Improvement,33000.0,8.5,No,0
SHG20608,Odisha,Women SHG,16,34,42.0,46.8,20.0,738.32,93.9,54.1,29,Yes,0,,0,0.0,Education,78400.0,4.7,No,1
SHG20609,Kerala,Women SHG,13,26,32.9,65.0,148.72,4043.09,65.6,67.7,19,Yes,1,94.0,0,56756.81,Livestock,13800.0,6.9,No,1
SHG20610,Bihar,Women SHG,11,8,43.2,24.4,305.24,2219.71,79.6,80.5,7,Yes,3,86.6,0,20941.29,Small Business,46400.0,5.4,No,0
SHG20611,Karnataka,Women SHG,15,24,38.4,61.4,230.12,4776.69,77.0,77.9,16,Yes,3,85.9,0,12124.91,Emergency/Consumption,42000.0,10.0,No,0
SHG20612,Tamil Nadu,Women SHG,13,29,35.4,65.5,56.12,1367.65,62.8,87.3,17,Yes,3,83.5,2,12581.28,Agriculture,10100.0,4.6,No,1
SHG20613,Karnataka,Women SHG,14,42,51.8,86.0,81.64,2915.49,49.0,84.4,29,Yes,3,91.2,0,7620.66,Home Improvement,72500.0,6.0,Yes,1
SHG20614,Andhra Pradesh,Farmer Producer Group,15,6,29.4,67.9,154.8,820.37,56.3,25.8,5,Yes,2,87.8,0,11893.71,Livestock,32900.0,6.7,Yes,1
SHG20615,Karnataka,Women SHG,9,5,47.9,53.2,218.3,496.21,90.9,56.9,4,Yes,0,,0,0.0,Emergency/Consumption,21200.0,6.0,No,1
SHG20616,Kerala,Women SHG,20,33,35.3,92.5,30.33,1226.66,61.8,56.8,22,Yes,2,82.2,0,5658.21,Emergency/Consumption,51000.0,5.5,No,1
SHG20617,Andhra Pradesh,Mixed SHG,9,6,35.7,76.5,255.4,1135.77,73.0,86.6,4,Yes,2,63.7,0,3425.14,Small Business,12600.0,8.5,No,1
SHG20618,Andhra Pradesh,Mixed SHG,12,15,42.9,72.1,27.37,366.2,98.5,62.2,14,Yes,0,,0,0.0,Small Business,35700.0,6.7,Yes,1
SHG20619,Kerala,Women SHG,10,34,44.1,70.7,318.19,8484.11,86.9,67.4,22,Yes,3,80.8,0,24002.07,Livestock,16500.0,8.1,Yes,1
SHG20620,Odisha,Farmer Producer Group,13,8,43.6,38.0,124.9,851.88,82.1,58.5,5,Yes,1,74.4,1,13026.36,Livestock,14600.0,4.5,No,1
SHG20621,Bihar,Farmer Producer Group,13,25,42.8,78.8,252.19,4472.25,59.3,81.3,17,Yes,1,88.3,0,17778.22,Agriculture,65500.0,4.6,No,0
SHG20622,Bihar,Women SHG,16,5,39.3,61.9,41.79,204.16,59.2,67.3,4,Yes,0,,0,0.0,Agriculture,28000.0,8.5,No,0
SHG20623,Bihar,Women SHG,17,45,48.0,61.6,74.14,4260.42,85.5,55.6,31,No,1,77.6,0,32142.62,Education,6300.0,5.6,Yes,1
SHG20624,Maharashtra,Women SHG,14,22,42.8,76.1,20.0,338.24,79.4,61.1,18,Yes,1,84.4,1,12500.27,Small Business,8000.0,6.1,Yes,1
SHG20625,Karnataka,Mixed SHG,14,29,25.4,94.7,93.69,2093.23,53.0,92.9,21,Yes,0,,0,0.0,Small Business,48500.0,6.2,Yes,1
SHG20626,West Bengal,Farmer Producer Group,9,58,24.4,71.1,158.6,6231.64,89.8,81.4,47,Yes,0,,0,0.0,Agriculture,53000.0,5.2,No,1
SHG20627,Uttar Pradesh,Mixed SHG,11,18,40.4,58.8,189.79,2049.48,57.2,79.4,11,Yes,0,,0,0.0,Small Business,65100.0,4.4,Yes,0
SHG20628,Telangana,Women SHG,13,9,27.5,49.3,71.95,585.68,73.5,71.1,7,Yes,0,,0,0.0,Education,29600.0,6.0,Yes,0
SHG20629,Uttar Pradesh,Mixed SHG,18,48,41.9,64.4,74.73,4361.99,55.3,49.0,39,Yes,2,65.9,0,25365.51,Livestock,15800.0,8.9,No,0
SHG20630,Andhra Pradesh,Women SHG,12,26,32.4,29.9,138.92,3432.35,65.2,75.9,19,Yes,2,98.1,0,17188.78,Small Business,8900.0,9.8,Yes,1
SHG20631,Karnataka,Women SHG,13,36,38.2,67.4,157.01,6100.21,81.0,67.8,31,Yes,0,,0,0.0,Emergency/Consumption,10400.0,7.3,Yes,1
SHG20632,Uttar Pradesh,Farmer Producer Group,14,15,48.0,80.0,99.78,1515.13,68.2,64.1,12,Yes,2,83.7,2,2965.83,Agriculture,44400.0,9.5,No,0
SHG20633,Tamil Nadu,Mixed SHG,12,20,53.8,68.2,114.77,1766.74,88.4,83.1,12,Yes,0,,0,0.0,Small Business,15000.0,9.3,Yes,0
SHG20634,Odisha,Farmer Producer Group,14,35,35.1,62.9,180.99,6657.55,77.4,90.8,18,Yes,3,96.6,0,10945.7,Livestock,32600.0,7.8,Yes,1
SHG20635,Andhra Pradesh,Women SHG,12,41,32.1,83.6,174.34,5716.44,82.4,43.8,21,Yes,1,78.7,0,24280.34,Agriculture,22100.0,9.6,Yes,1
SHG20636,Telangana,Women SHG,16,13,36.1,50.1,38.19,618.04,94.3,77.8,9,Yes,0,,0,0.0,Emergency/Consumption,64800.0,5.4,No,1
SHG20637,Kerala,Women SHG,17,57,36.7,69.0,123.11,8643.86,80.4,84.1,36,Yes,1,81.9,1,20608.21,Small Business,51300.0,7.4,No,1
SHG20638,Tamil Nadu,Women SHG,12,45,39.2,76.6,23.22,656.31,49.7,72.7,33,Yes,5,89.3,0,20551.85,Livestock,44500.0,10.0,No,0
SHG20639,Bihar,Women SHG,14,33,51.6,56.0,121.82,3426.29,92.8,78.1,26,Yes,2,89.1,0,9431.27,Livestock,5000.0,8.0,No,1
SHG20640,Bihar,Women SHG,16,21,40.6,96.2,223.26,5319.74,51.2,88.7,13,Yes,3,87.9,1,8446.58,Education,6000.0,6.7,Yes,1
SHG20641,Bihar,Women SHG,10,47,21.4,36.2,30.63,961.37,92.0,86.4,26,Yes,0,,0,0.0,Small Business,5000.0,3.8,Yes,1
SHG20642,West Bengal,Mixed SHG,11,53,36.8,82.0,97.76,3962.24,73.9,88.5,48,Yes,2,80.8,1,17411.66,Agriculture,34600.0,7.0,No,1
SHG20643,Maharashtra,Mixed SHG,18,12,36.5,62.1,234.37,2782.88,96.9,80.9,11,Yes,1,63.5,0,10896.13,Education,14700.0,5.4,No,1
SHG20644,Kerala,Women SHG,11,7,51.3,44.9,344.28,2039.52,73.5,54.6,6,No,3,39.0,0,6996.25,Livestock,18200.0,5.2,Yes,0
SHG20645,Kerala,Women SHG,14,7,42.2,85.4,90.23,560.98,76.4,68.8,6,Yes,3,80.4,0,11497.18,Emergency/Consumption,24300.0,6.0,No,1
SHG20646,Bihar,Women SHG,18,8,53.0,29.3,184.03,1669.51,49.6,68.2,6,No,2,80.1,1,12882.91,Agriculture,29800.0,10.0,Yes,1
SHG20647,Bihar,Farmer Producer Group,15,33,45.0,55.7,189.81,6728.51,93.0,91.0,18,Yes,1,86.7,0,24846.53,Livestock,7200.0,6.2,Yes,1
SHG20648,Andhra Pradesh,Women SHG,8,28,27.2,73.8,74.87,1369.91,87.1,50.3,17,Yes,2,92.0,0,6830.0,Livestock,58500.0,6.6,Yes,1
SHG20649,Karnataka,Women SHG,11,5,42.6,41.1,139.45,403.28,95.5,50.6,4,Yes,0,,0,0.0,Emergency/Consumption,20800.0,8.8,Yes,0
SHG20650,Andhra Pradesh,Women SHG,12,43,42.1,82.0,128.93,3856.14,27.0,65.6,28,Yes,1,85.0,1,10072.07,Small Business,5900.0,6.2,No,1
SHG20651,Maharashtra,Women SHG,18,4,38.2,40.8,354.61,2113.33,67.0,94.2,3,Yes,0,,0,0.0,Agriculture,26100.0,6.2,Yes,0
SHG20652,Telangana,Mixed SHG,15,26,30.8,53.6,50.69,1354.95,87.6,77.1,20,Yes,0,,0,0.0,Emergency/Consumption,41800.0,10.0,Yes,1
SHG20653,West Bengal,Women SHG,17,35,49.5,33.4,96.01,3482.14,78.3,83.8,27,Yes,2,60.8,1,48502.93,Home Improvement,13000.0,3.8,Yes,1
SHG20654,Maharashtra,Women SHG,17,14,37.0,75.3,111.56,2025.62,88.2,52.0,13,Yes,0,,0,0.0,Agriculture,22100.0,4.7,No,0
SHG20655,Uttar Pradesh,Women SHG,15,28,43.6,84.9,69.79,2288.73,43.5,51.3,18,Yes,0,,0,0.0,Small Business,15900.0,7.0,No,1
SHG20656,Maharashtra,Women SHG,16,17,33.1,98.3,45.9,944.26,70.4,91.5,16,Yes,1,80.5,0,7628.59,Agriculture,29400.0,9.1,No,1
SHG20657,Tamil Nadu,Women SHG,8,42,28.5,67.2,69.06,1707.85,69.4,61.6,34,No,0,,0,0.0,Home Improvement,28400.0,6.2,Yes,0
SHG20658,Karnataka,Mixed SHG,9,35,48.4,71.3,73.21,1745.01,69.2,69.5,21,Yes,3,69.0,0,3412.35,Agriculture,28700.0,10.0,Yes,1
SHG20659,Karnataka,Women SHG,11,63,33.8,82.6,94.62,3451.98,89.7,66.4,44,Yes,3,62.8,0,22059.76,Small Business,5000.0,4.1,No,0
SHG20660,Telangana,Women SHG,11,37,49.3,68.2,158.22,3321.68,94.9,92.3,33,Yes,1,80.7,0,23468.21,Home Improvement,19000.0,7.0,Yes,1
SHG20661,Bihar,Women SHG,13,29,35.5,58.8,35.08,744.38,61.7,59.6,22,No,0,,0,0.0,Education,11900.0,7.2,No,0
SHG20662,West Bengal,Women SHG,12,13,53.3,57.9,37.44,335.29,76.2,96.2,11,Yes,0,,0,0.0,Agriculture,22400.0,7.7,Yes,1
SHG20663,Andhra Pradesh,Women SHG,12,25,30.4,53.3,143.39,3382.48,44.3,92.4,22,Yes,1,90.2,0,10821.19,Home Improvement,19200.0,7.4,No,1
SHG20664,West Bengal,Women SHG,18,29,39.7,67.2,67.72,2031.2,70.4,48.3,23,Yes,2,82.8,0,17600.38,Livestock,29700.0,6.8,Yes,1
SHG20665,Andhra Pradesh,Mixed SHG,14,16,38.5,85.3,276.51,4495.61,76.8,77.7,13,Yes,1,85.7,1,4155.0,Small Business,27100.0,7.8,No,0
SHG20666,Uttar Pradesh,Women SHG,15,23,21.4,86.5,35.09,740.04,81.3,75.3,17,No,1,68.3,0,26564.79,Emergency/Consumption,37700.0,4.8,Yes,0
SHG20667,Andhra Pradesh,Women SHG,11,4,43.5,48.9,133.67,398.11,66.9,67.3,4,Yes,0,,0,0.0,Small Business,75600.0,6.0,Yes,1
SHG20668,Uttar Pradesh,Women SHG,16,18,47.6,51.6,238.93,5624.26,61.1,94.2,16,Yes,1,73.5,0,9793.1,Agriculture,59400.0,6.3,Yes,1
SHG20669,Maharashtra,Mixed SHG,18,24,54.6,97.9,114.67,2937.84,94.4,83.6,19,Yes,0,,0,0.0,Agriculture,38500.0,7.3,Yes,1
SHG20670,Tamil Nadu,Women SHG,14,40,44.1,29.6,73.24,2200.96,68.4,94.3,28,No,0,,0,0.0,Small Business,9700.0,8.2,No,1
SHG20671,West Bengal,Women SHG,14,19,34.1,55.5,21.82,383.01,92.7,77.6,10,Yes,1,85.4,1,11533.15,Agriculture,31200.0,5.6,Yes,1
SHG20672,Kerala,Farmer Producer Group,13,30,37.5,36.1,55.09,1573.7,84.5,61.2,19,Yes,2,89.7,0,5244.44,Agriculture,24000.0,9.3,Yes,0
SHG20673,Kerala,Women SHG,9,9,20.0,94.4,103.26,615.47,98.5,83.6,6,Yes,0,,0,0.0,Emergency/Consumption,11500.0,10.0,No,1
SHG20674,Bihar,Women SHG,17,36,41.6,48.2,72.54,3641.96,75.5,81.8,18,Yes,1,51.5,1,12672.44,Small Business,21300.0,9.2,Yes,1
SHG20675,Andhra Pradesh,Women SHG,14,24,50.1,53.6,148.73,4009.93,38.7,82.6,16,Yes,3,90.4,0,19115.68,Agriculture,29000.0,5.8,Yes,1
SHG20676,Tamil Nadu,Women SHG,17,16,26.2,98.3,40.89,571.05,94.5,57.5,10,Yes,1,84.4,1,11402.48,Agriculture,36500.0,5.7,No,1
SHG20677,Kerala,Women SHG,9,85,39.1,90.1,59.8,2519.63,88.5,73.4,47,Yes,3,72.3,0,7296.92,Livestock,68400.0,7.3,Yes,1
SHG20678,Uttar Pradesh,Farmer Producer Group,12,46,38.9,36.9,45.17,1786.37,84.4,46.7,36,Yes,2,82.7,0,29930.38,Small Business,5000.0,6.8,Yes,1
SHG20679,Telangana,Women SHG,13,27,43.0,84.5,62.69,1252.62,84.0,73.7,25,Yes,0,,0,0.0,Agriculture,62100.0,8.2,No,1
SHG20680,Telangana,Women SHG,13,16,45.5,49.6,20.0,286.99,79.5,59.8,13,Yes,0,,0,0.0,Livestock,19800.0,3.0,Yes,1
SHG20681,Kerala,Farmer Producer Group,18,51,36.8,37.2,126.33,7876.2,57.0,74.8,39,Yes,2,53.3,1,11448.08,Agriculture,46200.0,8.9,Yes,0
SHG20682,Karnataka,Farmer Producer Group,15,29,32.8,48.0,38.84,1225.41,77.8,62.1,26,Yes,0,,0,0.0,Small Business,42400.0,9.0,Yes,1
SHG20683,Odisha,Farmer Producer Group,19,13,46.8,54.8,54.37,907.73,20.7,57.1,8,Yes,1,93.5,0,8303.94,Small Business,17700.0,5.1,Yes,1
SHG20684,Odisha,Women SHG,20,14,39.3,89.3,163.87,3729.91,96.1,69.4,13,No,1,53.3,0,4563.67,Livestock,43700.0,7.4,Yes,0
SHG20685,Maharashtra,Women SHG,15,13,35.7,53.6,124.73,1890.58,56.5,88.8,10,No,0,,0,0.0,Agriculture,14400.0,5.2,Yes,0
SHG20686,West Bengal,Women SHG,15,75,27.0,73.0,82.89,5312.33,89.0,51.5,49,Yes,1,76.2,0,14321.16,Small Business,12400.0,8.3,No,1
SHG20687,Tamil Nadu,Women SHG,14,14,41.4,93.0,60.93,748.16,84.4,66.3,13,Yes,2,90.6,0,44656.47,Small Business,22400.0,6.9,Yes,1
SHG20688,Bihar,Women SHG,12,31,25.5,78.4,31.88,732.79,88.5,77.8,19,Yes,2,73.5,0,34243.02,Education,63400.0,4.8,No,1
SHG20689,Telangana,Women SHG,14,22,30.5,39.1,272.93,4811.63,45.6,96.9,13,Yes,1,40.3,0,3554.73,Livestock,17600.0,6.1,Yes,1
SHG20690,Tamil Nadu,Women SHG,17,36,44.3,100.0,62.14,2959.71,56.6,53.1,30,Yes,1,85.2,1,4283.9,Emergency/Consumption,20300.0,7.3,Yes,1
SHG20691,Andhra Pradesh,Women SHG,12,10,41.5,54.1,81.01,489.81,88.0,72.7,5,Yes,1,85.3,0,10721.52,Home Improvement,35700.0,6.9,No,1
SHG20692,Maharashtra,Women SHG,15,5,30.0,36.9,125.28,693.27,86.7,83.6,3,Yes,0,,0,0.0,Livestock,43000.0,7.5,Yes,0
SHG20693,West Bengal,Women SHG,10,27,36.0,57.2,129.04,2143.15,87.9,61.3,14,Yes,1,92.8,0,4005.22,Agriculture,44400.0,8.4,Yes,1
SHG20694,Odisha,Women SHG,13,24,35.8,83.1,386.49,7087.75,98.0,60.6,19,Yes,0,,0,0.0,Agriculture,45800.0,6.6,No,1
SHG20695,West Bengal,Mixed SHG,19,81,35.2,48.9,20.76,1952.1,62.3,80.3,66,Yes,1,79.7,1,17723.11,Agriculture,42600.0,7.4,Yes,0
SHG20696,Bihar,Women SHG,18,8,38.2,49.2,22.04,259.93,85.0,39.5,4,Yes,0,,0,0.0,Education,51400.0,6.2,Yes,0
SHG20697,Bihar,Mixed SHG,8,10,38.8,81.8,49.4,270.93,54.9,58.9,6,No,1,82.1,0,23253.53,Small Business,34800.0,8.1,No,1
SHG20698,Odisha,Women SHG,11,57,38.7,41.3,55.41,1898.94,50.0,43.1,44,Yes,0,,0,0.0,Livestock,28400.0,7.5,Yes,0
SHG20699,Kerala,Mixed SHG,8,30,39.6,43.8,107.3,1513.98,76.0,71.6,16,Yes,1,51.1,0,24196.69,Emergency/Consumption,16000.0,6.9,Yes,1
SHG20700,West Bengal,Women SHG,20,72,50.7,66.5,44.8,4158.94,86.6,59.3,47,Yes,1,71.7,0,13284.5,Agriculture,39800.0,7.4,Yes,1
SHG20701,Tamil Nadu,Mixed SHG,15,62,52.2,38.9,67.3,5190.91,84.7,89.4,46,Yes,2,79.7,0,28751.85,Small Business,15500.0,9.4,No,1
SHG20702,Telangana,Women SHG,16,57,32.2,58.4,92.26,5766.21,60.1,65.8,35,Yes,1,77.4,1,26707.54,Education,62500.0,7.5,Yes,1
SHG20703,Kerala,Women SHG,16,15,38.2,74.3,103.68,1602.47,48.8,57.2,10,Yes,2,52.2,0,10698.42,Small Business,39900.0,8.5,Yes,1
SHG20704,Maharashtra,Women SHG,14,51,49.8,74.0,64.58,3436.92,69.4,90.8,29,Yes,0,,0,0.0,Livestock,11800.0,6.2,No,0
SHG20705,Tamil Nadu,Women SHG,14,10,49.3,24.1,20.0,206.71,57.0,89.2,6,Yes,2,97.7,0,19790.59,Agriculture,5000.0,9.8,Yes,1
SHG20706,Andhra Pradesh,Women SHG,9,36,44.6,82.4,62.18,1234.47,64.2,62.3,27,Yes,1,75.7,0,5565.44,Small Business,35200.0,4.6,Yes,1
SHG20707,West Bengal,Farmer Producer Group,15,44,46.6,47.1,21.87,799.53,93.4,78.0,39,Yes,3,77.9,0,24900.7,Home Improvement,27500.0,6.0,Yes,1
SHG20708,Odisha,Women SHG,19,9,41.5,89.9,178.59,2452.87,69.2,80.5,7,Yes,0,,0,0.0,Home Improvement,33600.0,6.7,No,1
SHG20709,West Bengal,Women SHG,11,36,46.9,49.9,55.81,1150.13,51.1,94.3,23,Yes,0,,0,0.0,Livestock,47300.0,7.3,Yes,0
SHG20710,Tamil Nadu,Women SHG,13,12,20.9,64.1,77.29,773.57,88.8,70.1,10,Yes,1,55.3,0,13674.16,Small Business,46300.0,6.4,No,1
SHG20711,Uttar Pradesh,Farmer Producer Group,13,6,25.8,70.3,61.39,385.68,60.8,87.9,5,Yes,1,85.0,0,10586.83,Home Improvement,59700.0,8.0,Yes,1
SHG20712,Andhra Pradesh,Women SHG,18,43,44.7,34.5,185.26,8380.93,79.2,96.0,27,Yes,3,75.6,1,3385.36,Home Improvement,52900.0,7.5,Yes,1
SHG20713,Tamil Nadu,Women SHG,8,38,43.3,46.2,170.89,4171.78,72.1,76.6,23,Yes,5,81.7,0,18919.14,Emergency/Consumption,36300.0,5.5,Yes,1
SHG20714,Karnataka,Women SHG,13,43,38.5,62.8,107.86,4059.95,72.7,81.8,28,Yes,2,55.0,1,9974.24,Livestock,37900.0,9.6,No,1
SHG20715,Maharashtra,Farmer Producer Group,10,21,40.7,33.4,34.87,523.11,59.6,77.1,13,Yes,4,58.7,1,3696.14,Agriculture,66600.0,6.7,Yes,1
SHG20716,Karnataka,Women SHG,14,14,43.9,69.5,79.74,962.69,72.3,59.8,13,Yes,2,96.8,1,24091.85,Small Business,27100.0,8.3,Yes,1
SHG20717,Odisha,Women SHG,8,68,32.4,82.6,62.04,2793.56,73.7,94.9,59,Yes,1,49.1,0,21578.21,Livestock,46500.0,7.4,Yes,1
SHG20718,Uttar Pradesh,Mixed SHG,17,36,34.8,38.7,40.76,1397.35,97.2,94.4,26,Yes,1,60.1,2,6012.41,Agriculture,26300.0,8.6,Yes,1
SHG20719,Telangana,Mixed SHG,15,9,41.4,66.5,40.74,334.64,89.6,82.8,5,Yes,2,86.2,0,7017.87,Small Business,31800.0,9.4,Yes,1
SHG20720,Uttar Pradesh,Women SHG,14,21,35.2,51.9,64.03,976.02,82.2,81.0,14,Yes,0,,0,0.0,Education,31000.0,6.4,Yes,1
SHG20721,Andhra Pradesh,Women SHG,11,19,39.5,52.2,87.97,1312.76,72.7,68.1,18,Yes,1,79.6,0,7532.5,Emergency/Consumption,32400.0,9.6,No,1
SHG20722,Maharashtra,Women SHG,14,36,39.8,98.3,97.73,4051.53,80.3,74.8,20,Yes,2,58.5,0,6719.93,Livestock,63300.0,4.3,No,1
SHG20723,Kerala,Women SHG,16,69,37.0,39.9,62.84,3686.5,71.1,72.8,60,Yes,3,83.4,0,11658.99,Small Business,15200.0,7.1,Yes,1
SHG20724,Karnataka,Farmer Producer Group,16,32,30.3,84.7,20.0,657.36,79.9,91.5,27,Yes,1,71.3,0,9290.53,Agriculture,65700.0,5.2,No,1
SHG20725,Karnataka,Women SHG,16,18,35.3,72.6,86.53,1327.68,93.4,93.4,11,Yes,3,57.9,0,3585.88,Agriculture,29200.0,5.2,Yes,0
SHG20726,Andhra Pradesh,Women SHG,14,5,44.4,51.0,52.62,208.18,60.2,77.7,5,No,0,,0,0.0,Agriculture,38400.0,7.5,Yes,0
SHG20727,Tamil Nadu,Mixed SHG,11,68,43.3,51.4,178.35,10988.59,86.6,93.6,37,Yes,1,70.2,1,4965.2,Livestock,27100.0,7.2,Yes,1
SHG20728,Andhra Pradesh,Farmer Producer Group,13,9,36.9,25.1,124.06,1079.58,55.2,93.3,5,Yes,2,96.6,3,12300.07,Small Business,119800.0,9.1,No,0
SHG20729,Bihar,Women SHG,15,31,48.8,61.1,252.16,7414.64,82.1,66.1,19,Yes,0,,0,0.0,Small Business,15800.0,4.0,No,1
SHG20730,Bihar,Mixed SHG,12,3,36.9,76.1,90.07,220.72,78.3,90.5,2,Yes,0,,0,0.0,Small Business,13300.0,4.5,No,0
SHG20731,Maharashtra,Farmer Producer Group,15,26,36.0,57.1,44.18,888.4,61.8,80.5,20,Yes,0,,0,0.0,Agriculture,45800.0,5.3,Yes,0
SHG20732,Odisha,Women SHG,14,22,28.7,58.1,34.34,820.15,65.2,49.9,15,Yes,1,94.1,1,8837.08,Small Business,22300.0,9.8,Yes,1
SHG20733,Bihar,Women SHG,17,90,40.9,81.1,79.24,9633.99,83.9,90.6,81,Yes,0,,0,0.0,Emergency/Consumption,44000.0,8.7,No,1
SHG20734,Tamil Nadu,Women SHG,11,18,31.0,65.4,82.72,1302.21,39.3,63.0,13,Yes,2,82.4,0,17703.28,Small Business,67900.0,5.7,No,1
SHG20735,Karnataka,Women SHG,14,19,37.4,84.5,64.59,1212.57,65.1,89.6,12,Yes,4,59.2,0,22616.54,Agriculture,5000.0,8.2,No,1
SHG20736,Bihar,Women SHG,10,37,23.7,75.7,30.6,788.78,65.3,86.5,22,No,2,62.3,0,76630.93,Education,51500.0,7.0,Yes,0
SHG20737,Kerala,Mixed SHG,13,20,25.0,49.1,282.52,4097.06,58.9,91.0,19,Yes,2,79.2,1,35879.41,Education,13700.0,8.8,Yes,1
SHG20738,Karnataka,Women SHG,15,18,44.1,56.7,309.96,4334.36,98.3,48.0,11,Yes,1,67.2,2,13989.47,Livestock,8600.0,5.5,No,1
SHG20739,West Bengal,Mixed SHG,12,29,43.4,57.2,171.59,3193.34,80.3,82.8,21,Yes,1,65.6,1,20350.41,Small Business,27200.0,8.2,No,1
SHG20740,Andhra Pradesh,Women SHG,16,55,31.3,35.7,129.21,8216.39,72.9,89.5,39,Yes,1,90.5,0,7616.05,Livestock,66900.0,9.6,No,1
SHG20741,Tamil Nadu,Women SHG,8,24,26.0,39.8,71.09,1024.51,72.8,96.2,17,No,2,78.0,1,2834.24,Small Business,57000.0,7.1,No,0
SHG20742,Telangana,Mixed SHG,11,18,37.0,74.8,218.27,3502.14,78.8,66.5,12,Yes,0,,0,0.0,Agriculture,8900.0,7.9,Yes,1
SHG20743,Andhra Pradesh,Women SHG,15,8,44.4,84.2,317.08,2822.15,81.2,75.9,5,Yes,0,,0,0.0,Agriculture,51500.0,10.0,No,0
SHG20744,West Bengal,Women SHG,12,53,44.9,70.0,143.15,5074.38,49.4,87.4,46,Yes,1,81.8,0,9468.64,Home Improvement,49100.0,5.6,Yes,1
SHG20745,Karnataka,Women SHG,8,39,42.2,45.8,161.06,2992.22,61.8,50.5,31,Yes,3,86.5,0,32710.72,Agriculture,38600.0,8.3,No,1
SHG20746,Bihar,Mixed SHG,8,58,43.7,70.5,54.47,1623.38,67.1,60.9,54,Yes,1,98.3,0,5611.88,Small Business,39500.0,8.0,No,1
SHG20747,Kerala,Women SHG,11,31,27.4,48.9,32.85,848.39,91.8,73.5,23,Yes,2,79.2,0,33539.9,Home Improvement,32600.0,8.7,No,0
SHG20748,Tamil Nadu,Women SHG,11,10,33.3,64.5,148.68,848.03,82.1,59.7,8,Yes,0,,0,0.0,Livestock,58700.0,8.7,Yes,1
SHG20749,West Bengal,Women SHG,14,71,46.7,64.0,188.11,12231.04,47.9,62.3,44,No,1,87.3,0,27590.13,Livestock,31900.0,7.0,No,1
SHG20750,Tamil Nadu,Mixed SHG,11,6,39.3,38.3,64.92,305.73,66.4,85.2,5,No,3,47.2,1,11750.1,Small Business,18900.0,7.3,No,1
SHG20751,Odisha,Mixed SHG,12,34,32.4,80.9,170.49,3954.76,80.1,67.7,28,Yes,1,62.7,2,1270.86,Small Business,61200.0,3.0,Yes,1
SHG20752,Andhra Pradesh,Mixed SHG,19,17,48.0,70.7,50.0,984.4,58.0,54.1,11,Yes,0,,0,0.0,Agriculture,24000.0,7.3,Yes,0
SHG20753,West Bengal,Women SHG,15,24,52.3,76.8,240.17,6052.37,53.5,70.6,19,Yes,1,56.8,0,16630.22,Home Improvement,12600.0,7.8,Yes,1
SHG20754,Uttar Pradesh,Mixed SHG,13,31,28.7,77.3,57.69,1884.67,80.8,98.5,28,Yes,1,62.7,1,23402.56,Agriculture,42700.0,5.2,Yes,1
SHG20755,West Bengal,Women SHG,12,24,34.8,58.0,35.72,652.45,95.8,88.8,19,Yes,1,62.9,0,16235.01,Small Business,60400.0,7.2,Yes,0
SHG20756,Maharashtra,Farmer Producer Group,17,22,32.4,52.2,249.64,7016.6,62.1,68.9,17,Yes,0,,0,0.0,Agriculture,27500.0,8.0,No,0
SHG20757,Bihar,Women SHG,15,27,37.3,90.0,42.61,1299.96,95.2,58.3,17,Yes,1,35.7,0,16120.97,Livestock,24700.0,9.4,No,0
SHG20758,Tamil Nadu,Women SHG,14,12,33.9,60.3,105.69,1378.71,70.3,87.6,11,Yes,2,78.8,0,17156.78,Emergency/Consumption,41700.0,6.1,Yes,0
SHG20759,Tamil Nadu,Women SHG,20,24,20.0,86.0,280.85,7112.68,86.5,71.7,13,Yes,0,,0,0.0,Agriculture,16700.0,8.2,Yes,1
SHG20760,Andhra Pradesh,Women SHG,11,4,28.0,85.6,20.0,56.76,61.9,86.4,2,Yes,0,,0,0.0,Agriculture,24100.0,7.7,Yes,1
SHG20761,Kerala,Women SHG,18,14,38.1,42.2,27.76,442.44,72.3,67.0,8,Yes,2,62.9,0,4881.28,Home Improvement,30800.0,8.5,Yes,0
SHG20762,Tamil Nadu,Women SHG,17,61,33.8,81.2,42.55,3637.75,77.7,69.7,43,Yes,0,,0,0.0,Small Business,12900.0,7.3,Yes,1
SHG20763,West Bengal,Women SHG,17,16,40.3,59.7,49.52,1113.01,74.9,75.9,11,Yes,3,79.6,0,18591.82,Agriculture,33100.0,8.2,Yes,1
SHG20764,Andhra Pradesh,Women SHG,16,64,42.2,52.2,37.55,3193.48,85.6,51.3,33,Yes,1,46.3,0,30663.55,Home Improvement,17100.0,6.2,Yes,0
SHG20765,Bihar,Women SHG,12,76,29.1,78.2,93.87,5704.08,48.3,81.7,44,Yes,0,,0,0.0,Agriculture,29500.0,5.2,No,1
SHG20766,Uttar Pradesh,Women SHG,11,7,38.0,46.7,20.0,121.07,76.2,86.5,6,Yes,0,,0,0.0,Livestock,25600.0,6.6,No,1
SHG20767,Maharashtra,Women SHG,20,36,33.5,41.8,87.64,3271.95,60.6,47.2,30,Yes,0,,0,0.0,Emergency/Consumption,25200.0,9.5,Yes,1
SHG20768,Bihar,Women SHG,10,48,39.1,61.0,86.5,3002.73,93.4,34.7,40,Yes,2,56.2,1,18957.28,Livestock,36600.0,6.6,No,1
SHG20769,Andhra Pradesh,Women SHG,13,81,53.5,41.7,171.17,11300.48,77.6,97.4,63,Yes,0,,0,0.0,Home Improvement,63300.0,8.2,Yes,1
SHG20770,Tamil Nadu,Women SHG,16,13,35.3,38.5,51.56,556.47,84.4,70.4,7,Yes,1,84.9,0,21044.1,Small Business,12200.0,10.0,No,1
SHG20771,Karnataka,Women SHG,8,55,38.0,100.0,113.3,2721.54,54.9,70.0,35,Yes,2,67.4,0,32447.93,Emergency/Consumption,11700.0,8.5,No,0
SHG20772,Karnataka,Farmer Producer Group,14,45,43.5,77.7,20.0,766.49,43.6,58.6,42,Yes,2,52.7,1,13270.28,Home Improvement,92500.0,7.3,Yes,1
SHG20773,Uttar Pradesh,Women SHG,10,29,51.6,67.3,47.82,1123.27,91.4,95.2,25,Yes,3,87.3,0,1009.98,Small Business,45700.0,8.0,Yes,1
SHG20774,Telangana,Women SHG,15,16,37.5,65.2,103.68,1631.64,35.2,72.7,11,Yes,1,59.1,0,10954.66,Small Business,14400.0,6.0,Yes,0
SHG20775,Andhra Pradesh,Women SHG,11,49,37.5,61.9,54.05,1716.45,90.5,78.2,36,No,1,78.9,0,5528.4,Agriculture,18300.0,6.0,No,1
SHG20776,Kerala,Mixed SHG,15,11,25.6,53.3,115.79,1149.08,57.2,89.9,9,Yes,3,72.0,0,29780.97,Livestock,24900.0,7.9,No,1
SHG20777,Bihar,Women SHG,12,23,37.2,62.5,102.23,1492.73,63.2,86.2,12,Yes,1,89.8,0,14967.11,Livestock,11900.0,8.1,Yes,1
SHG20778,West Bengal,Women SHG,12,12,33.5,54.9,150.93,1622.48,89.8,94.6,10,Yes,3,84.5,0,15611.33,Home Improvement,42500.0,6.9,Yes,1
SHG20779,Andhra Pradesh,Women SHG,11,38,37.0,82.4,98.16,2811.76,77.8,85.3,36,Yes,2,65.3,0,21814.73,Emergency/Consumption,41000.0,7.7,Yes,1
SHG20780,Odisha,Women SHG,9,16,46.4,66.0,190.84,2279.18,91.0,77.4,8,Yes,2,59.5,0,9799.64,Education,55900.0,8.2,Yes,0
SHG20781,Uttar Pradesh,Women SHG,15,41,53.6,37.5,67.23,3329.85,51.9,88.2,30,Yes,0,,0,0.0,Emergency/Consumption,18300.0,2.6,Yes,1
SHG20782,West Bengal,Mixed SHG,10,34,40.6,89.0,35.3,828.65,60.9,93.6,23,Yes,1,71.1,0,39160.77,Livestock,33000.0,8.4,Yes,1
SHG20783,Karnataka,Mixed SHG,11,20,41.2,52.4,69.78,1168.4,43.9,93.0,12,Yes,1,59.3,0,8477.53,Small Business,31800.0,8.5,No,1
SHG20784,Karnataka,Women SHG,11,14,28.7,100.0,51.5,456.33,73.9,66.2,13,Yes,0,,0,0.0,Emergency/Consumption,68800.0,7.4,No,1
SHG20785,Maharashtra,Mixed SHG,13,42,33.4,46.1,213.74,7341.45,37.3,90.5,36,Yes,0,,0,0.0,Agriculture,24500.0,8.3,No,0
SHG20786,Kerala,Women SHG,9,42,56.0,40.0,77.43,2210.61,84.5,88.8,38,Yes,1,88.9,0,25147.65,Education,62100.0,7.0,Yes,1
SHG20787,Tamil Nadu,Mixed SHG,10,5,23.2,65.9,86.51,262.43,91.8,58.3,5,Yes,0,,0,0.0,Agriculture,76100.0,6.9,Yes,1
SHG20788,Odisha,Farmer Producer Group,10,7,35.8,39.8,214.38,1024.85,69.2,78.7,5,Yes,3,51.6,0,2975.87,Emergency/Consumption,22100.0,7.5,Yes,1
SHG20789,Tamil Nadu,Women SHG,9,38,41.1,59.6,100.3,2653.93,64.6,50.5,33,Yes,0,,0,0.0,Emergency/Consumption,13400.0,6.9,Yes,1
SHG20790,Tamil Nadu,Women SHG,18,13,44.5,38.1,411.23,6553.94,55.7,77.3,11,Yes,2,61.5,1,17661.61,Livestock,117800.0,7.0,No,1
SHG20791,Bihar,Women SHG,13,32,42.8,50.5,46.74,1372.59,94.8,80.7,23,Yes,2,81.3,0,12144.47,Education,50800.0,8.5,Yes,1
SHG20792,West Bengal,Women SHG,11,35,38.8,65.9,62.98,1646.68,58.6,81.1,20,Yes,0,,0,0.0,Emergency/Consumption,35700.0,6.7,No,1
SHG20793,Maharashtra,Women SHG,11,38,43.1,18.9,112.92,3895.44,55.7,97.9,28,Yes,1,69.9,2,24875.0,Small Business,48200.0,6.5,Yes,1
SHG20794,Tamil Nadu,Women SHG,16,18,47.1,58.5,41.69,607.4,71.9,73.4,14,No,1,62.2,0,5812.48,Agriculture,38500.0,6.4,Yes,0
SHG20795,Tamil Nadu,Women SHG,16,27,36.8,60.8,135.16,4257.21,70.7,80.8,17,No,0,,0,0.0,Small Business,33500.0,8.2,Yes,1
SHG20796,Bihar,Women SHG,11,18,38.1,73.4,181.96,2802.27,45.6,87.6,13,Yes,2,85.8,0,11990.06,Home Improvement,14700.0,5.0,Yes,1
SHG20797,Karnataka,Women SHG,16,43,25.9,75.2,58.57,2503.09,69.7,76.3,32,Yes,1,77.3,1,10036.41,Home Improvement,64900.0,5.9,Yes,0
SHG20798,Uttar Pradesh,Women SHG,14,38,36.0,64.6,109.35,3010.77,86.2,67.2,28,Yes,2,63.3,0,47546.6,Emergency/Consumption,67700.0,6.3,No,1
SHG20799,Uttar Pradesh,Mixed SHG,13,20,22.1,64.0,53.08,872.5,69.0,57.3,10,Yes,1,84.0,1,33821.08,Small Business,40100.0,8.1,Yes,1
SHG20800,Odisha,Women SHG,10,14,32.6,75.6,24.8,200.43,78.6,83.2,11,Yes,1,60.1,1,6977.59,Agriculture,132800.0,6.5,Yes,1
SHG20801,Uttar Pradesh,Women SHG,15,34,56.6,55.0,20.0,528.89,87.7,81.0,22,Yes,0,,0,0.0,Livestock,35900.0,7.6,Yes,1
SHG20802,Bihar,Women SHG,13,20,39.9,47.0,43.13,685.41,79.3,80.5,14,Yes,2,74.9,1,2641.46,Small Business,12400.0,7.0,No,0
SHG20803,Karnataka,Women SHG,12,29,49.9,49.1,22.42,585.46,69.6,70.9,16,Yes,3,87.9,0,6604.09,Emergency/Consumption,23800.0,8.2,No,1
SHG20804,Bihar,Farmer Producer Group,12,27,27.3,66.1,42.44,992.14,71.3,91.0,17,Yes,0,,0,0.0,Livestock,24900.0,6.2,No,1
SHG20805,Andhra Pradesh,Women SHG,10,15,43.4,52.2,64.15,724.29,88.6,58.0,10,Yes,3,89.5,0,5690.26,Agriculture,11400.0,8.4,Yes,0
SHG20806,Odisha,Women SHG,18,18,45.5,73.5,29.37,509.31,45.6,75.5,14,Yes,0,,0,0.0,Agriculture,13000.0,7.4,No,0
SHG20807,Odisha,Women SHG,17,27,41.2,73.6,236.29,7908.95,84.7,70.1,17,Yes,0,,0,0.0,Small Business,20200.0,6.5,Yes,1
SHG20808,Tamil Nadu,Women SHG,14,23,38.3,58.4,279.25,6813.73,88.2,69.8,18,Yes,2,92.8,2,30771.6,Agriculture,47900.0,7.2,Yes,0
SHG20809,Kerala,Women SHG,15,115,37.8,42.2,43.23,4011.2,60.1,83.3,85,Yes,4,66.1,0,9529.79,Agriculture,69300.0,4.5,Yes,0
SHG20810,Uttar Pradesh,Farmer Producer Group,8,16,26.8,51.0,171.21,1582.07,67.8,66.5,14,Yes,1,57.6,0,32978.52,Small Business,46100.0,7.0,Yes,0
SHG20811,Karnataka,Women SHG,10,16,46.4,54.2,179.16,1481.18,81.2,90.0,14,Yes,1,91.9,0,14903.9,Education,34700.0,6.4,Yes,1
SHG20812,Kerala,Mixed SHG,16,33,38.7,49.3,314.61,11362.63,65.4,73.9,22,Yes,2,84.1,0,15096.77,Agriculture,10200.0,4.0,Yes,1
SHG20813,Bihar,Women SHG,10,45,41.4,60.8,20.0,558.62,76.7,90.7,30,Yes,0,,0,0.0,Small Business,15400.0,8.0,No,1
SHG20814,Odisha,Women SHG,20,6,42.4,35.2,41.01,250.71,85.3,73.2,5,Yes,2,71.1,0,5716.25,Small Business,32000.0,6.0,No,1
SHG20815,Karnataka,Women SHG,11,11,32.5,63.6,45.01,399.75,51.8,56.5,6,Yes,1,81.9,0,28372.52,Education,21200.0,5.6,Yes,1
SHG20816,Karnataka,Mixed SHG,13,42,32.7,42.5,106.19,3125.84,84.0,90.4,33,No,1,90.1,1,19497.94,Small Business,16000.0,9.2,No,1
SHG20817,Telangana,Women SHG,11,25,32.8,58.2,69.78,1463.78,23.2,81.2,23,Yes,0,,0,0.0,Education,25800.0,7.9,Yes,1
SHG20818,West Bengal,Women SHG,15,8,38.7,34.2,97.85,764.52,75.3,68.4,5,Yes,1,71.8,0,15651.4,Education,42800.0,5.6,Yes,1
SHG20819,Andhra Pradesh,Women SHG,16,17,43.3,48.2,139.72,2486.73,83.3,60.2,11,No,0,,0,0.0,Small Business,26200.0,7.5,Yes,0
SHG20820,Kerala,Women SHG,14,17,40.4,87.5,92.11,1758.55,82.8,83.7,10,Yes,1,59.4,0,13397.13,Small Business,40500.0,5.9,Yes,1
SHG20821,Karnataka,Women SHG,8,21,36.1,100.0,64.05,546.08,77.1,65.9,17,No,2,89.1,0,12661.58,Emergency/Consumption,5000.0,8.4,No,0
SHG20822,Karnataka,Women SHG,13,67,40.3,82.8,166.98,7728.23,66.8,85.5,46,Yes,1,61.9,1,12158.06,Small Business,27800.0,6.6,Yes,1
SHG20823,Telangana,Farmer Producer Group,12,28,36.8,85.0,54.74,1289.47,63.0,82.5,19,Yes,1,73.9,0,35753.39,Emergency/Consumption,24700.0,5.1,Yes,0
SHG20824,Uttar Pradesh,Farmer Producer Group,15,83,56.0,46.5,181.83,17767.3,75.5,64.6,54,Yes,2,61.4,1,8940.62,Small Business,11400.0,7.4,Yes,1
SHG20825,Maharashtra,Women SHG,12,35,36.4,72.1,284.5,8190.37,74.0,90.1,18,Yes,1,70.6,0,18521.35,Agriculture,11900.0,6.0,Yes,1
SHG20826,Bihar,Farmer Producer Group,12,45,47.8,24.8,23.23,952.93,72.3,67.9,42,Yes,2,70.6,1,18441.57,Agriculture,37000.0,6.4,Yes,1
SHG20827,West Bengal,Women SHG,12,38,41.2,39.3,187.4,6454.48,92.1,92.2,24,Yes,0,,0,0.0,Livestock,19900.0,8.5,Yes,1
SHG20828,Maharashtra,Women SHG,16,118,39.2,34.5,78.85,8933.17,96.6,62.7,102,Yes,0,,0,0.0,Small Business,67200.0,9.6,Yes,1
SHG20829,Karnataka,Mixed SHG,8,65,27.0,84.3,94.23,3296.91,81.0,77.4,53,Yes,0,,0,0.0,Small Business,12800.0,7.9,No,1
SHG20830,Bihar,Women SHG,15,21,49.8,67.1,103.63,2670.26,42.3,83.9,12,Yes,3,56.9,2,4357.57,Small Business,9200.0,7.1,Yes,0
SHG20831,Maharashtra,Women SHG,8,10,37.3,80.3,20.0,87.47,87.2,60.7,7,Yes,2,86.9,1,14456.31,Small Business,5700.0,9.7,Yes,1
SHG20832,Maharashtra,Mixed SHG,9,31,50.4,91.4,28.26,419.67,51.9,76.8,26,Yes,2,61.9,0,8259.71,Emergency/Consumption,15800.0,8.1,Yes,1
SHG20833,Telangana,Farmer Producer Group,13,34,42.4,89.9,94.28,2616.15,50.1,59.9,32,No,1,54.3,0,21064.63,Small Business,12800.0,6.7,Yes,1
SHG20834,Bihar,Women SHG,11,27,44.1,62.8,265.83,5220.18,78.1,88.0,25,Yes,0,,0,0.0,Agriculture,67500.0,6.7,Yes,0
SHG20835,Tamil Nadu,Women SHG,11,56,41.1,56.0,56.96,1799.58,68.5,83.7,36,Yes,0,,0,0.0,Education,26300.0,3.9,Yes,0
SHG20836,Maharashtra,Mixed SHG,11,20,36.0,51.1,167.85,3019.74,31.3,68.1,17,No,1,95.7,1,8530.28,Home Improvement,22200.0,6.9,No,1
SHG20837,Bihar,Women SHG,11,76,52.0,62.0,203.51,11057.56,88.9,69.2,60,Yes,2,54.9,0,12296.7,Small Business,25300.0,8.2,Yes,1
SHG20838,Andhra Pradesh,Mixed SHG,18,23,28.2,61.5,195.24,5576.65,91.2,84.6,12,Yes,2,64.1,0,6850.8,Agriculture,42700.0,5.8,Yes,1
SHG20839,Telangana,Women SHG,15,72,37.8,63.3,165.84,11217.18,79.8,89.2,54,Yes,1,76.1,0,31598.16,Agriculture,5000.0,7.9,Yes,1
SHG20840,Kerala,Women SHG,8,30,31.8,97.7,72.19,999.74,85.3,92.7,21,Yes,1,89.6,1,18381.18,Home Improvement,12800.0,4.8,No,1
SHG20841,Andhra Pradesh,Women SHG,16,52,35.4,76.0,137.15,5864.96,83.8,89.2,31,Yes,1,95.0,0,10764.53,Agriculture,31100.0,8.2,Yes,1
SHG20842,Karnataka,Women SHG,15,39,42.5,50.4,29.45,956.03,74.9,52.4,29,Yes,0,,0,0.0,Emergency/Consumption,36500.0,8.1,Yes,0
SHG20843,Tamil Nadu,Women SHG,14,22,36.7,82.8,345.02,5533.42,51.0,89.3,18,Yes,0,,0,0.0,Education,49000.0,4.6,No,0
SHG20844,Telangana,Women SHG,16,8,45.0,32.6,161.89,1347.9,62.0,90.1,8,Yes,1,94.7,1,10051.54,Small Business,69100.0,7.3,Yes,0
SHG20845,Odisha,Women SHG,12,61,37.9,62.7,171.62,7987.24,80.5,58.2,32,Yes,1,82.1,0,21984.49,Home Improvement,54000.0,10.0,Yes,1
SHG20846,Andhra Pradesh,Women SHG,14,44,30.5,73.0,106.1,3820.35,56.9,97.4,35,Yes,1,83.9,0,8355.88,Small Business,31000.0,7.1,No,1
SHG20847,Tamil Nadu,Women SHG,11,31,22.1,61.7,155.95,3153.77,83.7,80.6,28,Yes,1,73.3,0,18374.2,Agriculture,52300.0,6.7,Yes,0
SHG20848,Odisha,Mixed SHG,8,25,33.8,62.1,41.5,626.85,70.0,59.0,13,Yes,5,72.1,0,9468.21,Emergency/Consumption,29900.0,5.5,Yes,1
SHG20849,Odisha,Women SHG,10,27,41.2,43.4,168.92,3428.84,66.1,68.9,14,Yes,1,83.1,0,12625.11,Small Business,18900.0,6.2,Yes,1
SHG20850,Maharashtra,Women SHG,11,13,34.6,73.4,89.73,682.14,51.1,86.5,11,No,3,55.8,0,31180.55,Small Business,16500.0,8.3,Yes,1
SHG20851,West Bengal,Women SHG,10,24,49.9,76.9,114.63,2070.12,81.5,55.9,18,Yes,1,95.1,0,25732.14,Agriculture,41900.0,4.9,Yes,1
SHG20852,Karnataka,Women SHG,15,22,34.4,29.5,36.91,843.11,77.8,78.3,18,Yes,2,81.1,0,12579.8,Livestock,42500.0,6.6,Yes,1
SHG20853,Bihar,Women SHG,11,26,52.5,83.2,20.74,459.33,40.4,76.3,20,Yes,2,85.6,1,12355.59,Emergency/Consumption,71800.0,5.1,No,0
SHG20854,West Bengal,Farmer Producer Group,9,13,32.6,37.5,306.22,2808.44,70.9,71.5,11,Yes,0,,0,0.0,Agriculture,45400.0,10.0,Yes,1
SHG20855,Bihar,Women SHG,13,22,30.0,68.7,20.0,309.67,75.8,79.2,15,No,0,,0,0.0,Education,35600.0,6.5,Yes,0
SHG20856,Tamil Nadu,Women SHG,8,17,39.7,38.9,64.61,708.38,91.1,65.3,10,Yes,6,75.1,2,7291.8,Small Business,25000.0,7.6,Yes,1
SHG20857,West Bengal,Mixed SHG,8,54,21.1,46.6,20.0,674.97,63.2,80.1,34,Yes,0,,0,0.0,Home Improvement,32000.0,5.5,Yes,1
SHG20858,Kerala,Women SHG,13,28,39.2,67.3,133.67,3574.12,96.0,73.8,16,Yes,0,,0,0.0,Livestock,71300.0,6.0,Yes,1
SHG20859,Tamil Nadu,Women SHG,19,14,38.8,60.3,20.0,293.85,96.6,92.5,10,Yes,3,77.8,0,5960.78,Education,46900.0,9.1,Yes,0
SHG20860,Tamil Nadu,Women SHG,13,26,40.5,72.1,110.54,2050.97,68.5,86.8,17,Yes,1,60.6,0,17206.53,Home Improvement,42300.0,7.5,Yes,0
SHG20861,Telangana,Women SHG,14,28,36.5,61.1,22.6,644.38,89.9,76.2,20,Yes,1,53.2,0,9313.57,Home Improvement,12200.0,5.4,Yes,1
SHG20862,West Bengal,Mixed SHG,10,27,48.2,72.3,29.43,631.1,67.1,56.8,17,Yes,1,86.7,0,11211.08,Livestock,18000.0,6.0,Yes,1
SHG20863,Karnataka,Mixed SHG,12,25,31.9,61.3,114.55,2396.15,71.3,62.3,23,Yes,0,,0,0.0,Home Improvement,83200.0,7.4,No,0
SHG20864,Bihar,Women SHG,18,21,42.8,55.9,177.21,4554.32,76.9,71.0,12,Yes,1,86.1,0,14239.65,Emergency/Consumption,8400.0,8.2,Yes,1
SHG20865,Telangana,Women SHG,16,23,33.4,64.5,80.29,1984.98,80.2,56.3,21,Yes,0,,0,0.0,Agriculture,11000.0,6.7,Yes,1
SHG20866,Telangana,Farmer Producer Group,14,59,23.5,25.2,129.03,8766.18,88.9,79.8,34,No,2,54.5,0,3952.4,Agriculture,77500.0,7.2,Yes,0
SHG20867,Maharashtra,Women SHG,16,14,45.0,60.6,244.23,3617.49,59.1,68.6,9,Yes,2,96.3,0,13231.25,Small Business,20700.0,6.6,No,1
SHG20868,Andhra Pradesh,Mixed SHG,19,71,40.2,53.4,184.74,12888.72,78.1,61.5,56,Yes,1,75.6,2,32751.68,Agriculture,8200.0,4.5,Yes,1
SHG20869,Telangana,Mixed SHG,13,20,35.8,65.2,238.58,3755.78,48.9,72.9,12,Yes,3,78.7,0,10905.64,Education,49100.0,5.5,Yes,0
SHG20870,Karnataka,Farmer Producer Group,11,25,29.7,76.1,114.79,1919.03,51.6,79.4,18,Yes,0,,0,0.0,Emergency/Consumption,34100.0,10.0,No,1
SHG20871,Maharashtra,Farmer Producer Group,9,30,40.5,27.3,41.72,647.67,62.4,60.9,27,Yes,1,69.8,0,26039.38,Agriculture,19400.0,6.0,Yes,0
SHG20872,West Bengal,Women SHG,10,26,42.6,77.7,102.49,2171.96,86.7,75.1,20,Yes,0,,0,0.0,Livestock,43800.0,6.3,Yes,1
SHG20873,Tamil Nadu,Women SHG,10,13,37.7,77.1,104.34,721.3,42.1,35.4,12,Yes,0,,0,0.0,Agriculture,15000.0,7.0,Yes,0
SHG20874,Bihar,Mixed SHG,16,29,20.7,42.9,124.51,4467.2,78.2,81.6,16,Yes,0,,0,0.0,Livestock,30200.0,7.5,No,1
SHG20875,Telangana,Mixed SHG,16,15,33.8,81.3,169.92,2741.65,67.5,77.3,11,Yes,0,,0,0.0,Small Business,29100.0,8.4,Yes,0
SHG20876,Tamil Nadu,Women SHG,13,77,37.3,94.3,101.88,6145.09,73.2,68.7,62,Yes,0,,0,0.0,Agriculture,41700.0,7.7,No,1
SHG20877,Andhra Pradesh,Mixed SHG,12,38,43.8,44.6,177.81,6104.56,71.7,77.1,20,Yes,0,,0,0.0,Small Business,17200.0,6.8,Yes,1
SHG20878,Karnataka,Women SHG,14,39,40.6,39.4,48.86,1518.41,62.6,70.0,30,Yes,0,,0,0.0,Education,11900.0,6.0,Yes,1
SHG20879,Kerala,Women SHG,13,32,39.3,61.2,93.67,2372.95,86.4,87.6,27,No,2,73.0,0,3287.25,Livestock,26700.0,7.3,No,1
SHG20880,Odisha,Women SHG,10,30,52.3,45.9,126.6,2933.61,73.6,81.0,18,Yes,4,35.1,0,5382.99,Emergency/Consumption,13200.0,8.7,Yes,1
SHG20881,Uttar Pradesh,Farmer Producer Group,15,12,39.6,45.9,74.4,913.51,83.8,75.9,7,Yes,1,71.3,0,12509.73,Home Improvement,91600.0,5.2,Yes,1
SHG20882,Odisha,Women SHG,18,38,51.9,100.0,21.84,946.62,50.3,92.2,22,Yes,4,73.0,3,8100.03,Small Business,24300.0,7.5,No,0
SHG20883,West Bengal,Women SHG,11,9,34.9,70.0,82.49,533.74,83.1,68.3,7,Yes,1,68.0,1,10555.74,Small Business,23300.0,9.5,No,1
SHG20884,Tamil Nadu,Women SHG,9,62,30.2,63.5,29.82,1187.66,74.8,68.6,58,Yes,0,,0,0.0,Education,23900.0,10.0,Yes,1
SHG20885,Kerala,Women SHG,18,15,33.1,57.1,147.89,3215.24,76.0,81.9,10,Yes,3,97.2,0,9545.55,Agriculture,17700.0,6.3,Yes,1
SHG20886,Karnataka,Women SHG,11,14,32.4,77.5,143.13,1743.51,54.7,77.3,8,No,0,,0,0.0,Small Business,66200.0,7.7,Yes,1
SHG20887,Bihar,Women SHG,18,31,39.3,62.6,216.12,9619.53,76.2,99.4,24,Yes,1,19.6,0,31030.99,Small Business,26400.0,7.0,Yes,1
SHG20888,Tamil Nadu,Women SHG,8,61,41.2,74.0,48.99,1643.95,55.3,77.2,55,Yes,1,80.7,0,12786.16,Agriculture,9000.0,5.7,No,1
SHG20889,Bihar,Women SHG,15,24,41.7,44.1,90.89,2235.09,78.6,75.5,14,Yes,1,80.4,0,23400.41,Agriculture,7100.0,5.8,Yes,1
SHG20890,Uttar Pradesh,Mixed SHG,8,53,32.8,76.0,217.69,5270.79,28.2,60.8,45,Yes,2,85.1,0,13919.09,Emergency/Consumption,20600.0,5.5,No,0
SHG20891,Andhra Pradesh,Mixed SHG,18,17,49.1,45.4,185.79,3658.99,70.4,72.0,12,Yes,0,,0,0.0,Education,37700.0,6.4,Yes,0
SHG20892,Tamil Nadu,Women SHG,18,58,35.3,56.9,129.36,7397.54,87.6,96.2,47,Yes,2,95.5,1,18812.13,Small Business,12900.0,8.8,No,1
SHG20893,Telangana,Mixed SHG,14,36,46.2,61.6,55.69,1548.01,91.7,81.6,34,No,1,78.4,0,13288.52,Education,6500.0,6.5,No,0
SHG20894,West Bengal,Women SHG,14,15,42.6,56.4,130.15,2092.0,83.0,88.2,13,Yes,1,83.3,1,14189.14,Home Improvement,53200.0,4.8,No,1
SHG20895,West Bengal,Mixed SHG,14,18,31.7,49.1,48.51,682.62,87.6,93.4,10,Yes,2,67.7,1,15359.97,Emergency/Consumption,20700.0,6.7,No,1
SHG20896,Tamil Nadu,Women SHG,14,12,37.5,40.9,114.47,1273.35,87.7,62.4,7,Yes,3,90.6,1,11339.34,Agriculture,36700.0,10.0,Yes,1
SHG20897,Karnataka,Farmer Producer Group,13,10,37.6,78.6,23.49,246.36,82.5,99.8,8,Yes,4,76.4,0,3350.38,Emergency/Consumption,31100.0,7.9,No,1
SHG20898,Andhra Pradesh,Farmer Producer Group,14,16,31.3,70.0,179.95,3062.0,90.5,90.3,14,Yes,1,84.7,2,14943.73,Livestock,74100.0,4.4,No,1
SHG20899,Maharashtra,Farmer Producer Group,11,67,43.3,71.9,88.21,5201.38,88.4,88.4,51,Yes,2,51.8,0,20302.57,Agriculture,20700.0,5.1,Yes,1
SHG20900,Andhra Pradesh,Women SHG,12,46,42.0,47.5,118.86,5213.77,34.1,94.2,25,Yes,0,,0,0.0,Livestock,97100.0,8.1,No,0
SHG20901,Telangana,Women SHG,12,9,26.4,69.5,64.08,541.47,62.4,94.4,6,Yes,0,,0,0.0,Agriculture,16200.0,6.2,Yes,0
SHG20902,Kerala,Women SHG,14,48,33.3,66.6,313.12,14264.6,92.8,43.2,28,Yes,2,53.0,1,17104.06,Agriculture,20000.0,8.7,Yes,1
SHG20903,Telangana,Women SHG,12,27,49.3,49.4,46.95,854.59,89.6,81.4,16,Yes,2,65.8,0,4237.12,Agriculture,29600.0,7.5,Yes,1
SHG20904,West Bengal,Mixed SHG,13,19,30.0,50.3,222.48,4067.86,78.3,37.7,17,Yes,2,79.5,0,5248.89,Emergency/Consumption,31800.0,7.2,Yes,1
SHG20905,Telangana,Women SHG,11,35,29.7,36.4,31.41,776.6,63.1,77.7,29,No,3,90.0,0,2871.76,Emergency/Consumption,32200.0,6.0,No,0
SHG20906,Uttar Pradesh,Women SHG,10,51,34.2,73.7,74.58,2472.6,76.8,41.1,29,Yes,4,74.1,0,19447.13,Agriculture,37700.0,9.4,No,1
SHG20907,Bihar,Farmer Producer Group,8,76,47.0,35.1,43.77,1474.34,80.5,55.9,65,Yes,0,,0,0.0,Small Business,17300.0,7.7,Yes,1
SHG20908,Karnataka,Women SHG,12,32,34.2,88.1,238.45,6101.88,62.7,97.8,29,Yes,0,,0,0.0,Small Business,18000.0,8.7,No,1
SHG20909,Tamil Nadu,Women SHG,13,17,45.2,60.3,147.79,1847.24,81.4,53.3,12,Yes,2,88.9,0,1617.11,Emergency/Consumption,29200.0,8.6,Yes,1
SHG20910,Maharashtra,Women SHG,13,17,46.2,85.2,77.92,1055.99,79.7,72.1,15,Yes,2,72.6,0,4879.48,Education,5900.0,7.1,Yes,1
SHG20911,Telangana,Women SHG,16,35,34.9,47.8,141.52,5210.68,51.5,65.0,25,Yes,3,54.5,0,23620.52,Emergency/Consumption,25100.0,7.0,Yes,0
SHG20912,Uttar Pradesh,Women SHG,11,14,37.9,55.2,83.08,663.62,76.2,45.1,10,Yes,0,,0,0.0,Livestock,8700.0,7.4,No,0
SHG20913,Maharashtra,Women SHG,14,48,41.9,69.4,206.11,7017.74,81.5,77.9,41,Yes,3,86.9,0,28263.23,Education,12800.0,8.1,Yes,1
SHG20914,West Bengal,Women SHG,18,48,43.9,71.8,142.94,8079.95,64.6,84.6,25,Yes,0,,0,0.0,Small Business,44700.0,8.6,No,1
SHG20915,Odisha,Women SHG,15,37,28.1,22.9,83.92,3876.35,88.2,51.7,19,Yes,0,,0,0.0,Agriculture,28300.0,4.9,Yes,0
SHG20916,Kerala,Women SHG,12,25,48.7,26.4,34.52,766.76,84.9,71.4,23,Yes,4,88.0,0,23591.9,Small Business,39900.0,5.2,Yes,1
SHG20917,Uttar Pradesh,Mixed SHG,15,15,40.2,68.1,422.9,7485.36,92.3,77.8,12,Yes,1,85.9,0,6415.18,Emergency/Consumption,26800.0,6.3,Yes,1
SHG20918,Andhra Pradesh,Women SHG,10,60,29.5,82.8,217.18,8809.07,78.2,48.2,44,Yes,1,54.0,0,20261.4,Emergency/Consumption,53300.0,6.7,Yes,1
SHG20919,Telangana,Farmer Producer Group,18,57,43.6,76.1,82.84,5107.54,49.4,81.8,34,Yes,1,69.2,1,24935.11,Small Business,23600.0,6.9,No,1
SHG20920,Uttar Pradesh,Women SHG,15,5,37.1,42.4,26.2,124.67,60.3,90.5,4,Yes,0,,0,0.0,Small Business,24400.0,6.3,Yes,0
SHG20921,Bihar,Women SHG,14,26,37.5,89.4,295.7,6740.04,59.2,73.8,22,Yes,0,,0,0.0,Education,46900.0,5.4,Yes,0
SHG20922,Tamil Nadu,Women SHG,18,44,24.8,82.2,67.5,3880.24,41.7,94.6,29,Yes,1,78.2,2,4379.92,Small Business,9400.0,6.6,No,0
SHG20923,Tamil Nadu,Women SHG,16,17,40.5,60.7,61.73,1089.86,89.4,84.3,12,Yes,1,78.2,1,8858.94,Small Business,49200.0,8.3,Yes,1
SHG20924,Tamil Nadu,Women SHG,14,30,41.6,68.7,100.1,2275.98,56.6,67.7,20,Yes,0,,0,0.0,Agriculture,26900.0,9.8,Yes,0
SHG20925,Uttar Pradesh,Women SHG,12,32,32.3,69.5,71.51,2023.2,94.0,69.8,19,Yes,2,78.5,0,11942.9,Emergency/Consumption,45600.0,7.7,Yes,1
SHG20926,Telangana,Women SHG,10,24,27.6,42.5,187.83,3469.92,83.1,75.1,17,Yes,1,24.7,0,22949.5,Livestock,23800.0,6.7,Yes,0
SHG20927,Bihar,Women SHG,12,36,31.3,38.2,304.98,10388.01,74.2,45.4,30,Yes,2,77.3,0,18983.2,Agriculture,23300.0,3.3,No,1
SHG20928,Telangana,Women SHG,11,30,49.8,75.6,73.47,1865.87,49.7,74.3,23,Yes,1,77.3,0,9189.44,Emergency/Consumption,60800.0,8.0,No,1
SHG20929,Bihar,Women SHG,18,20,42.7,90.1,92.55,1730.7,83.4,68.8,17,Yes,2,98.3,1,29016.36,Agriculture,28000.0,6.2,No,1
SHG20930,Bihar,Women SHG,16,12,35.0,63.0,20.0,286.32,86.9,65.4,7,No,3,55.6,0,5288.89,Small Business,29000.0,9.6,Yes,0
SHG20931,Maharashtra,Women SHG,13,13,30.8,54.0,33.75,321.94,79.9,68.8,10,Yes,1,95.2,0,15859.63,Emergency/Consumption,12700.0,9.1,No,1
SHG20932,Odisha,Women SHG,11,36,27.4,47.8,162.25,3417.78,66.7,85.5,23,Yes,1,77.1,0,32384.2,Small Business,35600.0,8.8,Yes,1
SHG20933,Tamil Nadu,Women SHG,16,33,34.7,38.2,66.87,1894.39,49.7,91.9,19,Yes,0,,0,0.0,Small Business,17900.0,4.2,Yes,0
SHG20934,West Bengal,Women SHG,14,35,42.0,85.7,66.56,2134.82,65.9,55.3,29,Yes,3,78.8,0,32063.77,Emergency/Consumption,34400.0,6.9,No,1
SHG20935,Karnataka,Women SHG,17,7,24.8,60.9,132.65,865.25,91.8,87.1,5,Yes,1,76.1,0,6278.44,Agriculture,6600.0,9.4,Yes,1
SHG20936,Kerala,Women SHG,18,10,40.0,60.3,59.74,871.91,85.4,59.3,9,Yes,2,73.6,0,21999.16,Agriculture,52000.0,7.4,Yes,1
SHG20937,Telangana,Women SHG,14,23,38.5,56.0,81.72,1618.4,95.4,72.1,20,Yes,1,84.1,1,22258.08,Small Business,13300.0,6.8,Yes,1
SHG20938,Kerala,Women SHG,8,20,37.7,59.8,77.07,968.14,76.8,66.6,16,Yes,2,65.9,0,15483.29,Education,61900.0,8.8,Yes,0
SHG20939,Maharashtra,Women SHG,19,8,41.9,34.3,43.55,334.73,65.8,68.6,4,Yes,0,,0,0.0,Agriculture,16800.0,7.1,Yes,0
SHG20940,Maharashtra,Women SHG,13,26,39.9,69.5,45.73,1119.78,64.3,72.5,18,Yes,0,,0,0.0,Agriculture,54200.0,9.4,Yes,1
SHG20941,Telangana,Women SHG,12,27,38.0,62.8,106.02,2069.74,91.2,73.7,21,Yes,2,55.5,0,44864.01,Home Improvement,5000.0,8.4,Yes,1
SHG20942,Telangana,Women SHG,15,19,32.8,56.4,319.15,4710.65,93.4,77.1,17,Yes,2,80.9,1,15265.91,Emergency/Consumption,70600.0,7.2,Yes,1
SHG20943,West Bengal,Farmer Producer Group,10,6,38.1,86.8,99.63,436.91,66.4,89.9,3,No,0,,0,0.0,Small Business,32600.0,7.5,No,0
SHG20944,West Bengal,Farmer Producer Group,16,28,56.3,80.8,193.82,5924.05,91.2,89.4,25,Yes,1,70.8,1,6860.88,Small Business,5300.0,6.6,Yes,1
SHG20945,Andhra Pradesh,Women SHG,11,55,37.1,72.3,56.48,1901.07,68.5,79.6,36,Yes,0,,0,0.0,Education,24700.0,8.9,No,1
SHG20946,Odisha,Women SHG,13,82,49.0,46.4,97.75,8121.33,72.8,83.1,42,Yes,0,,0,0.0,Home Improvement,41200.0,7.6,No,1
SHG20947,Karnataka,Women SHG,16,45,24.6,66.9,43.54,1680.35,94.5,89.6,38,Yes,0,,0,0.0,Small Business,17900.0,6.7,No,0
SHG20948,Andhra Pradesh,Women SHG,11,12,45.7,48.8,100.73,1073.53,52.2,74.4,8,Yes,0,,0,0.0,Agriculture,15700.0,5.7,Yes,1
SHG20949,Kerala,Farmer Producer Group,12,37,56.9,84.6,66.37,1723.69,45.6,94.4,25,Yes,1,73.1,0,6256.23,Small Business,10300.0,5.8,No,1
SHG20950,Karnataka,Women SHG,13,29,33.6,53.7,51.96,1049.51,72.1,82.5,27,Yes,0,,0,0.0,Small Business,14200.0,9.7,No,1
SHG20951,Karnataka,Women SHG,20,49,36.7,82.5,144.97,7293.38,51.1,61.4,28,Yes,2,95.6,0,25435.72,Agriculture,19200.0,9.4,No,1
SHG20952,Uttar Pradesh,Women SHG,17,45,39.4,76.8,74.17,3027.55,59.9,77.5,39,Yes,4,69.5,0,66578.13,Home Improvement,26800.0,6.1,No,0
SHG20953,Odisha,Women SHG,17,76,42.0,64.0,20.0,1997.33,92.0,81.5,41,Yes,0,,0,0.0,Agriculture,14800.0,7.0,Yes,1
SHG20954,West Bengal,Women SHG,13,26,29.2,53.0,94.26,1714.29,75.6,53.5,17,Yes,4,77.7,0,7106.16,Small Business,39000.0,6.6,Yes,1
SHG20955,Bihar,Women SHG,13,31,30.9,81.4,203.57,4927.36,89.6,86.0,23,Yes,2,67.6,1,14175.52,Small Business,45400.0,6.4,No,1
SHG20956,Tamil Nadu,Women SHG,15,20,45.8,81.5,99.64,1818.23,90.4,93.5,16,Yes,2,92.6,1,3660.67,Agriculture,33000.0,6.4,Yes,1
SHG20957,Maharashtra,Farmer Producer Group,10,23,41.4,73.3,62.47,724.01,79.5,63.9,12,Yes,1,59.5,1,17171.43,Small Business,58500.0,5.6,Yes,0
SHG20958,Maharashtra,Mixed SHG,10,63,32.0,90.3,99.58,3806.34,68.9,96.2,39,Yes,3,73.6,1,17650.2,Small Business,52000.0,7.8,Yes,1
SHG20959,Tamil Nadu,Women SHG,9,4,29.2,81.7,301.07,623.28,62.5,73.2,2,Yes,0,,0,0.0,Agriculture,6100.0,8.2,Yes,0
SHG20960,Telangana,Women SHG,15,28,37.1,61.1,75.91,2335.89,66.3,96.0,17,Yes,1,58.6,1,14692.74,Home Improvement,26900.0,6.1,Yes,1
SHG20961,Uttar Pradesh,Women SHG,14,18,29.0,35.8,160.42,2834.61,52.8,49.1,12,No,1,97.1,1,20862.13,Emergency/Consumption,16100.0,9.1,No,1
SHG20962,Andhra Pradesh,Women SHG,11,54,30.2,72.3,44.3,1508.31,90.7,88.5,28,Yes,0,,0,0.0,Home Improvement,27000.0,7.1,Yes,1
SHG20963,West Bengal,Women SHG,18,20,38.7,54.9,53.8,1270.86,84.1,72.2,13,Yes,1,78.9,0,8039.73,Small Business,45800.0,7.3,No,1
SHG20964,Kerala,Women SHG,14,4,25.8,68.0,259.99,961.35,76.9,83.8,3,Yes,0,,0,0.0,Small Business,84200.0,5.8,Yes,1
SHG20965,West Bengal,Women SHG,8,21,45.4,63.5,48.14,645.94,81.0,97.2,12,Yes,1,64.9,0,13027.28,Education,16900.0,8.9,No,1
SHG20966,Uttar Pradesh,Women SHG,11,57,29.0,34.3,68.55,2297.4,49.7,94.3,46,Yes,0,,0,0.0,Education,49700.0,7.4,No,1
SHG20967,Maharashtra,Women SHG,14,18,43.7,59.1,169.37,2147.9,76.5,80.5,14,Yes,0,,0,0.0,Livestock,82200.0,4.9,Yes,0
SHG20968,Maharashtra,Mixed SHG,13,28,47.8,97.1,98.08,2352.93,64.2,95.4,22,Yes,0,,0,0.0,Agriculture,19400.0,6.1,Yes,1
SHG20969,Bihar,Women SHG,12,54,35.1,38.0,142.43,6890.51,55.5,78.7,27,Yes,1,64.3,0,3406.45,Agriculture,29700.0,9.0,Yes,1
SHG20970,Uttar Pradesh,Farmer Producer Group,16,53,49.3,99.7,93.95,6236.11,63.4,74.9,28,Yes,1,58.2,0,2221.42,Agriculture,30500.0,8.6,No,1
SHG20971,Odisha,Women SHG,19,38,50.9,51.1,77.42,2867.1,78.4,86.5,20,Yes,1,74.0,1,25375.17,Agriculture,17100.0,7.5,Yes,1
SHG20972,Maharashtra,Mixed SHG,10,17,39.3,88.5,195.26,2731.87,88.2,67.2,15,Yes,2,81.1,0,5863.84,Agriculture,59500.0,3.8,Yes,1
SHG20973,Kerala,Women SHG,12,30,37.2,60.0,147.25,4023.01,85.0,70.9,20,Yes,2,71.3,0,38295.17,Home Improvement,37000.0,7.3,No,0
SHG20974,West Bengal,Women SHG,18,16,32.8,62.8,185.22,2787.09,86.2,58.9,10,Yes,1,53.2,2,12512.82,Agriculture,34200.0,7.0,Yes,0
SHG20975,Bihar,Mixed SHG,16,32,35.3,43.9,269.94,11035.81,73.3,86.5,18,Yes,0,,0,0.0,Small Business,8700.0,6.7,Yes,1
SHG20976,Bihar,Mixed SHG,11,17,43.4,66.3,155.3,1945.53,54.0,84.0,15,Yes,1,89.5,1,30871.6,Small Business,48300.0,6.0,Yes,1
SHG20977,Andhra Pradesh,Women SHG,18,7,33.7,49.6,144.44,1348.61,91.3,65.1,5,Yes,2,43.6,0,12726.46,Small Business,40200.0,3.5,Yes,1
SHG20978,Kerala,Women SHG,9,10,35.1,55.8,115.63,736.51,55.6,67.3,6,Yes,2,83.7,0,10257.3,Agriculture,36000.0,7.0,Yes,0
SHG20979,Karnataka,Mixed SHG,9,15,35.9,38.8,56.53,467.8,74.6,92.9,12,Yes,0,,0,0.0,Emergency/Consumption,28900.0,9.4,Yes,0
SHG20980,Tamil Nadu,Women SHG,11,16,40.3,55.3,20.0,197.62,69.0,69.7,14,Yes,2,83.8,1,14438.7,Emergency/Consumption,61400.0,6.7,No,1
SHG20981,Bihar,Women SHG,10,24,38.3,47.6,141.95,2585.48,93.6,58.3,14,Yes,2,96.3,1,18726.95,Small Business,25800.0,8.9,Yes,1
SHG20982,Karnataka,Women SHG,12,30,34.0,70.8,267.39,5051.63,85.5,82.7,21,Yes,0,,0,0.0,Agriculture,26000.0,5.7,No,1
SHG20983,Maharashtra,Women SHG,13,42,47.7,43.2,48.84,1482.05,98.3,77.6,38,Yes,0,,0,0.0,Agriculture,20300.0,10.0,Yes,0
SHG20984,Kerala,Women SHG,11,42,31.5,78.5,336.82,12255.93,54.6,76.5,31,Yes,1,82.4,1,5273.48,Livestock,44000.0,6.7,Yes,1
SHG20985,Tamil Nadu,Women SHG,12,22,44.4,78.1,325.92,6063.79,97.4,80.2,14,No,2,72.6,1,17332.52,Education,21800.0,9.4,Yes,1
SHG20986,Telangana,Women SHG,14,13,44.0,73.2,26.78,343.18,74.2,82.7,8,Yes,1,73.9,1,2457.99,Emergency/Consumption,6100.0,9.3,Yes,1
SHG20987,Maharashtra,Women SHG,15,15,33.9,80.8,103.44,1845.95,68.9,42.9,8,Yes,5,53.4,1,17510.07,Small Business,37100.0,6.6,Yes,0
SHG20988,Bihar,Women SHG,18,58,53.7,100.0,154.42,8419.34,92.0,72.7,36,Yes,1,70.7,0,10439.07,Home Improvement,110000.0,3.9,Yes,1
SHG20989,Odisha,Women SHG,14,75,38.0,44.0,113.7,9419.37,59.8,81.7,39,Yes,0,,0,0.0,Small Business,16600.0,6.2,Yes,1
SHG20990,Karnataka,Women SHG,16,18,30.7,78.1,65.14,1370.68,86.1,44.1,11,Yes,2,90.6,1,29864.91,Livestock,75900.0,6.3,Yes,1
SHG20991,Karnataka,Women SHG,18,58,41.1,95.3,37.66,2307.51,71.9,65.3,44,No,1,80.0,0,5962.42,Agriculture,39400.0,6.9,No,0
SHG20992,Odisha,Women SHG,15,21,41.4,55.0,185.04,4476.32,44.1,91.7,20,No,2,85.5,0,4425.61,Small Business,24500.0,5.2,Yes,1
SHG20993,Andhra Pradesh,Women SHG,10,16,45.7,57.7,97.97,787.2,75.3,84.9,11,Yes,0,,0,0.0,Small Business,106500.0,7.3,Yes,1
SHG20994,Karnataka,Women SHG,12,22,44.8,48.0,154.74,2903.29,89.9,28.9,17,Yes,2,70.0,0,2766.92,Agriculture,23500.0,6.1,No,0
SHG20995,Maharashtra,Women SHG,20,16,30.6,93.5,86.77,2300.63,87.9,45.0,14,Yes,2,85.0,0,9687.25,Agriculture,12900.0,8.6,Yes,1
SHG20996,Kerala,Women SHG,12,19,35.3,77.5,416.77,5044.67,58.8,58.6,17,Yes,3,31.5,0,29574.56,Agriculture,37400.0,4.8,Yes,1
SHG20997,Tamil Nadu,Women SHG,15,12,35.9,54.9,106.15,1062.86,56.8,90.3,6,Yes,1,37.1,1,34489.14,Education,72800.0,8.8,Yes,0
SHG20998,Tamil Nadu,Women SHG,14,25,37.3,75.4,78.64,1843.59,60.6,79.2,20,Yes,0,,0,0.0,Livestock,29500.0,5.1,Yes,1
SHG20999,Andhra Pradesh,Women SHG,10,32,23.1,84.8,87.26,1988.13,80.7,74.3,29,Yes,0,,0,0.0,Livestock,17400.0,7.3,No,0
SHG21000,Odisha,Mixed SHG,19,50,36.6,53.9,187.46,11288.27,59.2,59.7,29,Yes,1,81.7,1,16930.4,Livestock,33600.0,4.0,No,1
SHG21001,Andhra Pradesh,Women SHG,11,6,41.6,95.4,82.51,425.9,61.1,92.3,5,Yes,0,,0,0.0,Education,29000.0,9.4,Yes,0
SHG21002,Karnataka,Women SHG,15,42,21.4,40.5,64.25,2739.99,70.9,78.1,29,Yes,1,72.7,1,16928.85,Small Business,12400.0,5.0,Yes,1
SHG21003,West Bengal,Women SHG,12,19,34.1,82.3,121.44,1713.77,83.2,75.0,17,Yes,5,97.4,0,4034.17,Emergency/Consumption,19000.0,6.1,Yes,1
SHG21004,Karnataka,Women SHG,11,14,37.9,58.7,131.43,1485.6,69.9,47.2,12,Yes,2,87.7,0,7883.89,Home Improvement,7300.0,9.0,No,1
SHG21005,Tamil Nadu,Mixed SHG,12,22,41.1,50.7,171.15,2279.61,86.3,79.9,18,Yes,2,77.2,0,15246.83,Agriculture,41900.0,7.0,Yes,1
SHG21006,West Bengal,Women SHG,13,17,49.5,39.4,123.7,2068.44,83.9,74.2,10,Yes,1,76.9,0,32206.48,Emergency/Consumption,21100.0,7.5,Yes,1
SHG21007,Andhra Pradesh,Farmer Producer Group,14,47,48.7,65.6,110.99,3729.48,77.7,78.3,30,Yes,0,,0,0.0,Emergency/Consumption,34400.0,5.0,Yes,1
SHG21008,Telangana,Women SHG,10,12,46.1,70.7,20.0,121.53,82.1,90.3,11,Yes,0,,0,0.0,Home Improvement,43300.0,5.8,Yes,0
SHG21009,Kerala,Women SHG,12,21,51.1,74.8,69.95,1129.82,77.9,87.3,15,Yes,1,82.1,0,34559.41,Small Business,59700.0,10.0,Yes,0
SHG21010,Uttar Pradesh,Farmer Producer Group,15,6,35.2,47.4,102.19,677.5,88.5,79.0,5,Yes,2,80.1,0,35930.8,Agriculture,41900.0,4.9,No,1
SHG21011,Telangana,Mixed SHG,11,107,49.9,36.0,129.73,8299.68,72.7,61.3,55,Yes,0,,0,0.0,Small Business,26700.0,7.6,Yes,1
SHG21012,Kerala,Women SHG,15,31,35.2,100.0,37.66,1117.2,96.7,82.8,26,Yes,2,46.7,0,11830.07,Education,50900.0,9.2,Yes,1
SHG21013,West Bengal,Women SHG,16,18,34.5,56.5,78.83,1521.41,70.4,66.9,10,Yes,2,89.7,0,14810.97,Education,16200.0,6.9,Yes,0
SHG21014,Uttar Pradesh,Women SHG,11,25,35.6,71.9,137.34,2282.57,31.1,92.6,13,Yes,1,62.6,0,17501.95,Small Business,7500.0,8.0,Yes,1
SHG21015,Bihar,Farmer Producer Group,13,39,28.3,85.0,32.04,1230.62,66.6,37.1,28,Yes,0,,0,0.0,Emergency/Consumption,23000.0,7.7,No,0
SHG21016,Karnataka,Women SHG,15,79,37.7,46.8,180.65,12495.27,84.3,82.7,68,Yes,2,82.7,0,6776.09,Livestock,56700.0,8.2,Yes,1
SHG21017,Andhra Pradesh,Women SHG,15,38,54.4,59.5,258.86,8780.82,91.7,61.8,32,Yes,1,94.3,0,11543.6,Home Improvement,38200.0,7.2,Yes,1
SHG21018,Telangana,Mixed SHG,16,32,23.8,60.4,125.87,3428.54,61.2,54.5,30,Yes,1,47.1,2,12080.28,Small Business,39900.0,6.2,Yes,1
SHG21019,Uttar Pradesh,Women SHG,16,13,54.0,70.2,92.3,1295.33,63.8,73.4,11,Yes,2,79.7,1,8058.74,Agriculture,28400.0,6.7,Yes,0
SHG21020,Uttar Pradesh,Women SHG,14,33,35.7,70.0,134.19,3455.1,49.9,72.9,24,Yes,0,,0,0.0,Agriculture,156600.0,6.7,No,1
SHG21021,Telangana,Farmer Producer Group,16,27,36.7,45.2,20.0,657.0,74.4,63.9,18,Yes,1,80.6,0,7184.54,Education,34200.0,6.6,Yes,1
SHG21022,Maharashtra,Women SHG,14,42,39.5,51.0,119.2,4652.91,92.9,61.6,36,Yes,2,84.5,0,33216.12,Small Business,28300.0,8.2,Yes,1
SHG21023,Tamil Nadu,Farmer Producer Group,18,29,45.9,44.5,50.03,1844.84,80.8,68.5,21,Yes,0,,0,0.0,Small Business,104600.0,7.3,Yes,0
SHG21024,Karnataka,Women SHG,20,15,40.9,40.5,92.67,2063.62,66.2,83.4,11,Yes,1,81.8,0,2986.79,Home Improvement,24300.0,6.3,No,0
SHG21025,Telangana,Women SHG,12,17,24.6,76.8,199.82,2357.53,73.1,91.9,9,Yes,0,,0,0.0,Small Business,5000.0,6.0,Yes,1
SHG21026,Tamil Nadu,Women SHG,15,11,44.8,58.8,144.07,1824.06,78.5,74.0,7,Yes,2,76.5,0,14527.69,Small Business,21600.0,6.9,Yes,1
SHG21027,Odisha,Women SHG,8,28,23.1,51.3,97.22,1267.98,70.0,90.4,27,Yes,1,57.7,0,4436.13,Small Business,25800.0,6.5,Yes,1
SHG21028,Telangana,Women SHG,17,12,37.2,65.9,22.03,315.85,85.3,72.3,11,Yes,2,82.0,0,9442.98,Home Improvement,62000.0,5.8,Yes,1
SHG21029,Maharashtra,Women SHG,11,28,39.4,49.2,82.81,1730.54,64.5,87.6,26,Yes,4,62.6,0,13128.38,Agriculture,54200.0,8.3,No,0
SHG21030,Tamil Nadu,Farmer Producer Group,11,91,31.1,69.9,51.92,2758.11,80.1,76.5,84,Yes,1,66.1,0,1460.17,Home Improvement,14200.0,4.4,Yes,1
SHG21031,Tamil Nadu,Mixed SHG,16,4,45.1,75.6,112.83,376.73,47.9,52.5,3,Yes,0,,0,0.0,Home Improvement,14300.0,5.1,Yes,0
SHG21032,Kerala,Women SHG,15,66,43.5,61.3,178.46,9120.28,83.3,56.6,44,Yes,0,,0,0.0,Agriculture,5100.0,6.8,Yes,1
SHG21033,Kerala,Women SHG,13,18,40.1,58.2,25.29,480.24,81.4,88.4,17,Yes,2,79.0,0,22626.82,Small Business,8700.0,7.6,Yes,1
SHG21034,Karnataka,Women SHG,19,94,20.4,48.9,85.0,7617.0,64.9,87.9,60,Yes,0,,0,0.0,Home Improvement,27700.0,8.8,Yes,1
SHG21035,Tamil Nadu,Mixed SHG,16,17,33.5,56.0,102.09,2185.56,75.1,72.6,13,Yes,3,60.7,0,19633.58,Livestock,5000.0,5.8,Yes,1
SHG21036,Telangana,Women SHG,15,47,33.4,68.1,64.99,2598.07,65.9,72.9,31,No,1,76.4,0,2290.66,Small Business,75700.0,3.7,Yes,0
SHG21037,Tamil Nadu,Mixed SHG,12,81,33.1,44.3,35.18,1726.13,67.0,64.8,76,Yes,0,,0,0.0,Agriculture,58200.0,6.2,Yes,1
SHG21038,Telangana,Mixed SHG,11,9,26.7,21.4,260.51,1677.34,82.5,95.2,8,Yes,0,,0,0.0,Small Business,27400.0,7.3,Yes,1
SHG21039,West Bengal,Farmer Producer Group,13,24,36.7,93.2,50.72,981.48,38.3,75.1,22,No,1,76.0,0,13911.83,Agriculture,19000.0,8.2,No,1
SHG21040,Tamil Nadu,Women SHG,8,19,26.8,56.2,128.45,1005.2,72.9,70.2,10,Yes,1,48.9,2,3620.07,Agriculture,11000.0,8.5,No,0
SHG21041,Karnataka,Women SHG,18,32,35.3,68.3,181.77,7712.34,83.1,68.7,17,Yes,2,64.9,0,4037.43,Agriculture,12300.0,8.3,No,1
SHG21042,Andhra Pradesh,Women SHG,15,28,51.3,62.1,202.44,5678.83,73.6,51.0,22,Yes,2,79.8,1,6902.44,Agriculture,14700.0,5.6,Yes,1
SHG21043,Odisha,Women SHG,14,58,42.6,50.6,35.25,1566.85,51.9,61.9,48,Yes,2,78.5,0,13323.76,Emergency/Consumption,30400.0,6.3,Yes,1
SHG21044,Andhra Pradesh,Mixed SHG,16,13,36.8,27.0,85.84,1108.07,64.5,46.4,10,Yes,1,93.8,0,9091.56,Agriculture,7500.0,9.2,No,0
SHG21045,Maharashtra,Women SHG,15,20,43.3,53.8,89.84,2222.39,67.9,77.3,18,Yes,1,58.2,0,4256.17,Home Improvement,16300.0,6.9,Yes,1
SHG21046,West Bengal,Women SHG,13,15,44.0,38.3,110.07,1348.07,83.1,72.7,13,Yes,2,89.1,2,16805.19,Emergency/Consumption,23100.0,5.7,No,0
SHG21047,Odisha,Women SHG,12,53,33.6,48.8,108.02,3990.1,75.3,66.8,46,No,1,92.6,0,24880.47,Home Improvement,7300.0,7.1,Yes,1
SHG21048,Andhra Pradesh,Women SHG,13,34,34.8,60.9,275.99,7740.75,89.6,80.1,30,Yes,0,,0,0.0,Agriculture,55000.0,8.9,Yes,0
SHG21049,Tamil Nadu,Women SHG,13,75,50.7,57.2,94.99,5688.9,57.8,95.2,55,Yes,2,77.0,1,39817.92,Education,9100.0,5.4,No,1
SHG21050,Andhra Pradesh,Mixed SHG,12,19,40.0,64.4,140.82,2312.5,56.1,84.2,12,Yes,3,62.9,0,5193.12,Education,24300.0,7.7,No,0
SHG21051,Karnataka,Women SHG,14,3,35.3,80.9,155.89,521.21,56.0,63.2,2,Yes,0,,0,0.0,Small Business,12100.0,6.9,No,0
SHG21052,Uttar Pradesh,Women SHG,12,20,36.4,72.9,101.77,1404.57,73.8,71.9,13,No,1,63.3,1,5683.74,Small Business,13900.0,4.9,Yes,0
SHG21053,Karnataka,Women SHG,15,7,32.2,47.1,73.92,604.29,62.2,71.8,4,No,1,77.5,0,8184.25,Small Business,25600.0,8.2,Yes,1
SHG21054,Maharashtra,Women SHG,9,25,32.3,47.5,59.54,711.34,47.9,79.1,19,Yes,3,86.8,0,28094.36,Agriculture,32700.0,5.6,Yes,1
SHG21055,Tamil Nadu,Women SHG,16,14,34.9,59.7,220.02,4019.93,90.8,98.7,11,Yes,0,,0,0.0,Small Business,40000.0,6.9,Yes,1
SHG21056,Andhra Pradesh,Women SHG,13,31,48.4,80.7,143.43,3234.05,58.4,75.9,20,Yes,1,89.0,0,12588.94,Agriculture,16900.0,5.0,Yes,1
SHG21057,Telangana,Women SHG,8,12,39.5,86.8,200.04,1191.64,90.6,93.1,11,Yes,0,,0,0.0,Agriculture,32400.0,6.4,Yes,1
SHG21058,Uttar Pradesh,Women SHG,13,24,45.3,45.6,107.91,2317.19,79.0,81.6,22,No,1,88.7,0,22499.04,Emergency/Consumption,23700.0,6.5,Yes,1
SHG21059,Tamil Nadu,Women SHG,8,33,52.3,68.4,34.65,480.15,73.2,67.2,31,Yes,2,73.3,0,14676.98,Education,48400.0,7.6,No,1
SHG21060,Uttar Pradesh,Farmer Producer Group,8,15,49.6,78.2,243.37,1677.92,51.3,97.8,10,Yes,1,71.5,0,25903.49,Agriculture,24600.0,6.3,No,1
SHG21061,Kerala,Mixed SHG,14,66,48.2,69.3,42.16,3003.58,95.2,83.5,57,Yes,2,97.9,0,23985.44,Agriculture,60300.0,6.4,Yes,1
SHG21062,Tamil Nadu,Mixed SHG,17,34,43.6,26.8,217.4,9608.94,95.2,86.4,29,Yes,2,87.3,0,12220.75,Agriculture,20300.0,8.2,No,0
SHG21063,West Bengal,Mixed SHG,14,9,32.3,58.1,136.91,1215.84,81.9,83.2,6,Yes,2,80.6,0,10097.64,Livestock,31100.0,8.5,Yes,1
SHG21064,Karnataka,Farmer Producer Group,14,15,28.4,56.1,20.0,251.83,58.8,53.7,11,Yes,0,,0,0.0,Small Business,9500.0,7.8,Yes,1
SHG21065,Maharashtra,Women SHG,11,34,43.2,48.3,43.36,1114.75,67.1,91.6,32,Yes,3,93.9,0,26702.87,Livestock,21100.0,7.8,No,0
SHG21066,West Bengal,Mixed SHG,12,48,33.5,61.9,150.0,4632.32,47.8,53.1,45,Yes,2,82.9,0,14883.39,Emergency/Consumption,51300.0,6.9,No,1
SHG21067,Odisha,Women SHG,15,11,41.4,76.4,51.02,633.16,37.3,73.9,8,Yes,1,80.5,1,12182.51,Agriculture,28800.0,5.8,No,0
SHG21068,Odisha,Women SHG,11,42,30.6,47.2,179.35,6044.39,67.0,76.9,35,No,1,55.0,1,32163.15,Agriculture,56100.0,9.2,Yes,1
SHG21069,Odisha,Women SHG,8,11,38.4,85.0,173.5,1187.31,52.4,87.2,7,Yes,0,,0,0.0,Small Business,34100.0,8.2,No,1
SHG21070,Tamil Nadu,Women SHG,11,42,47.2,79.3,200.55,6428.65,76.8,63.7,39,Yes,1,81.7,0,47771.64,Emergency/Consumption,20200.0,6.6,No,1
SHG21071,Uttar Pradesh,Women SHG,13,41,35.1,68.4,128.96,5721.72,50.9,69.8,38,Yes,1,50.8,1,8041.58,Agriculture,42200.0,6.7,Yes,0
SHG21072,Kerala,Farmer Producer Group,16,35,45.2,39.9,142.62,5333.54,55.9,92.7,32,Yes,3,46.2,0,43534.12,Agriculture,52600.0,7.7,No,1
SHG21073,Bihar,Women SHG,11,28,42.2,53.6,105.22,1633.02,69.7,86.6,21,Yes,1,78.9,1,13633.3,Home Improvement,21500.0,6.3,Yes,1
SHG21074,Maharashtra,Women SHG,11,37,43.1,20.7,35.57,770.62,56.3,75.1,25,Yes,1,64.8,1,13312.74,Agriculture,5000.0,8.5,Yes,0
SHG21075,Tamil Nadu,Farmer Producer Group,13,24,47.2,74.5,41.49,810.73,80.2,83.7,16,Yes,2,50.9,0,5807.04,Livestock,18800.0,6.0,Yes,1
SHG21076,Uttar Pradesh,Women SHG,17,31,40.6,42.8,159.98,6156.48,47.1,83.1,23,Yes,0,,0,0.0,Agriculture,6000.0,10.0,Yes,1
SHG21077,Karnataka,Women SHG,8,28,37.1,71.4,57.43,979.74,86.5,40.8,20,Yes,1,98.9,0,21246.44,Education,25200.0,5.9,Yes,1
SHG21078,West Bengal,Farmer Producer Group,13,31,34.3,71.3,215.36,5098.66,48.9,80.0,29,Yes,4,43.1,0,5113.39,Livestock,40700.0,6.3,No,1
SHG21079,Maharashtra,Farmer Producer Group,18,23,20.0,74.2,20.0,462.96,85.4,63.4,13,Yes,1,91.6,3,13329.1,Small Business,28700.0,6.2,No,1
SHG21080,Kerala,Mixed SHG,15,69,39.3,49.7,127.47,10119.57,64.9,50.5,44,Yes,2,51.1,0,18311.18,Education,23500.0,8.1,No,1
SHG21081,West Bengal,Farmer Producer Group,12,23,31.8,79.6,21.81,318.75,76.5,81.3,12,Yes,2,73.0,0,17866.11,Agriculture,31300.0,5.6,Yes,1
SHG21082,Bihar,Women SHG,14,39,51.7,56.4,20.2,707.68,70.8,87.6,31,Yes,2,69.9,1,24661.9,Agriculture,51900.0,5.1,No,1
SHG21083,Maharashtra,Women SHG,14,14,50.2,77.1,98.42,1205.64,45.5,92.1,8,Yes,0,,0,0.0,Agriculture,48000.0,8.9,No,0
SHG21084,Andhra Pradesh,Women SHG,12,45,33.8,40.2,302.32,8628.14,80.2,75.7,37,Yes,0,,0,0.0,Livestock,22500.0,6.0,No,1
SHG21085,Uttar Pradesh,Women SHG,10,18,39.2,48.1,185.09,1872.52,61.4,93.5,12,Yes,1,48.0,0,27936.01,Emergency/Consumption,44600.0,6.3,Yes,1
SHG21086,Andhra Pradesh,Women SHG,10,29,34.3,56.8,83.98,1350.47,80.7,54.5,22,Yes,4,89.9,0,34315.48,Livestock,42200.0,6.4,No,0
SHG21087,Telangana,Women SHG,9,14,31.6,29.2,125.27,865.72,38.1,86.7,9,Yes,3,21.7,1,24820.29,Livestock,23500.0,6.0,Yes,0
SHG21088,Odisha,Women SHG,12,16,40.7,43.4,93.64,1336.34,94.8,76.2,13,Yes,2,81.6,0,18532.61,Livestock,21800.0,6.3,Yes,1
SHG21089,Bihar,Women SHG,8,15,25.0,60.2,56.56,514.17,61.7,78.4,9,No,2,81.2,0,6892.9,Agriculture,28900.0,6.2,Yes,0
SHG21090,Tamil Nadu,Mixed SHG,12,51,47.6,87.3,141.01,5333.21,83.2,75.5,46,No,2,83.0,0,17683.73,Small Business,23000.0,8.0,No,1
SHG21091,Maharashtra,Women SHG,15,30,39.9,57.9,29.21,779.09,56.0,83.6,27,Yes,1,79.9,0,24322.32,Agriculture,13100.0,8.4,Yes,1
SHG21092,Telangana,Women SHG,8,12,36.3,73.2,28.19,221.39,60.2,77.6,8,Yes,2,98.0,0,11590.02,Education,39200.0,7.8,No,1
SHG21093,Bihar,Women SHG,17,58,40.5,26.2,232.19,15851.96,89.8,60.8,49,Yes,5,86.8,1,27443.19,Small Business,66000.0,3.7,Yes,1
SHG21094,Bihar,Women SHG,12,37,25.8,53.4,102.39,3591.61,68.8,78.2,28,Yes,1,47.4,0,23232.56,Agriculture,49200.0,6.9,No,1
SHG21095,Tamil Nadu,Women SHG,10,11,31.5,44.1,22.5,200.95,88.8,84.6,9,Yes,1,77.5,0,23140.91,Small Business,29500.0,7.5,No,1
SHG21096,Telangana,Women SHG,18,8,39.9,90.9,86.21,1017.27,64.6,48.8,6,Yes,3,82.5,0,10829.14,Emergency/Consumption,37600.0,10.0,Yes,0
SHG21097,Uttar Pradesh,Farmer Producer Group,14,26,47.8,60.0,69.6,1267.31,44.6,88.2,20,Yes,1,70.2,0,6100.79,Home Improvement,24700.0,9.7,Yes,1
SHG21098,Kerala,Women SHG,12,24,34.5,63.1,99.62,2109.55,82.8,91.7,22,Yes,1,89.9,1,12625.61,Agriculture,12600.0,7.1,No,1
SHG21099,Tamil Nadu,Mixed SHG,18,13,24.6,78.4,145.26,2244.15,48.3,92.0,8,Yes,3,56.1,0,2725.92,Agriculture,20400.0,6.6,Yes,1
SHG21100,Karnataka,Women SHG,8,23,37.6,43.4,127.87,1388.74,77.9,88.8,13,Yes,4,72.0,1,16368.14,Livestock,12900.0,7.2,Yes,1
SHG21101,Maharashtra,Farmer Producer Group,12,41,34.9,66.3,54.15,1659.9,85.5,91.6,31,Yes,2,51.9,0,4400.89,Home Improvement,14300.0,7.7,Yes,1
SHG21102,Kerala,Mixed SHG,18,3,29.4,55.5,124.03,458.26,73.1,67.6,2,Yes,0,,0,0.0,Agriculture,44100.0,5.0,Yes,0
SHG21103,Tamil Nadu,Women SHG,19,10,45.5,54.4,137.57,1738.22,50.2,85.3,9,No,1,69.6,0,30080.32,Agriculture,25400.0,5.8,Yes,0
SHG21104,Karnataka,Women SHG,11,44,45.1,67.1,26.26,760.12,92.5,99.3,37,Yes,0,,0,0.0,Small Business,11200.0,5.9,No,1
SHG21105,West Bengal,Women SHG,14,33,43.0,53.0,91.63,3469.75,92.8,88.0,19,Yes,1,60.1,1,14439.32,Small Business,46800.0,7.2,Yes,1
SHG21106,Telangana,Women SHG,15,18,20.0,90.2,190.22,3176.95,83.3,86.9,15,Yes,1,35.9,0,2760.32,Livestock,5400.0,6.1,Yes,0
SHG21107,West Bengal,Farmer Producer Group,11,38,20.0,90.7,56.76,1198.63,80.9,58.2,33,No,2,62.7,0,8602.69,Emergency/Consumption,38700.0,8.0,No,0
SHG21108,Karnataka,Farmer Producer Group,15,12,33.7,70.2,24.27,239.09,46.5,86.0,7,Yes,0,,0,0.0,Agriculture,39700.0,8.2,No,0
SHG21109,Tamil Nadu,Mixed SHG,15,45,27.5,76.3,28.37,1277.64,62.5,76.1,33,Yes,1,72.9,0,35069.73,Emergency/Consumption,37300.0,7.1,Yes,1
SHG21110,Karnataka,Farmer Producer Group,15,7,35.9,62.6,138.77,1188.46,92.9,87.0,4,Yes,1,66.7,0,16932.43,Small Business,89600.0,7.1,Yes,1
SHG21111,West Bengal,Women SHG,16,49,29.8,53.9,71.93,3855.12,88.4,87.2,43,Yes,0,,0,0.0,Education,29600.0,6.5,No,0
SHG21112,Tamil Nadu,Women SHG,12,60,23.3,57.2,102.15,4684.28,82.9,81.3,53,Yes,3,42.2,0,31109.91,Agriculture,12600.0,7.6,Yes,1
SHG21113,Andhra Pradesh,Women SHG,10,18,30.3,86.7,146.86,1974.55,95.7,55.5,17,Yes,2,49.3,0,10351.19,Small Business,48700.0,8.7,Yes,1
SHG21114,Bihar,Farmer Producer Group,15,45,31.6,67.2,112.7,5566.68,79.5,92.1,40,Yes,0,,0,0.0,Agriculture,22500.0,7.3,Yes,1
SHG21115,Uttar Pradesh,Women SHG,18,9,27.8,33.1,60.56,602.01,94.2,77.0,5,Yes,1,81.7,1,37248.54,Home Improvement,15300.0,8.8,Yes,1
SHG21116,Andhra Pradesh,Women SHG,14,8,28.7,44.5,52.05,346.44,64.2,91.9,4,Yes,2,76.0,1,21925.96,Education,10500.0,7.2,Yes,0
SHG21117,Kerala,Women SHG,15,29,37.9,46.9,107.46,3064.12,62.3,85.6,23,Yes,1,70.4,0,12558.4,Education,53200.0,6.4,No,1
SHG21118,Maharashtra,Mixed SHG,11,25,43.1,56.4,143.46,2885.62,46.7,81.2,15,Yes,1,89.6,0,3523.06,Agriculture,51300.0,9.2,No,0
SHG21119,Uttar Pradesh,Women SHG,14,3,36.2,39.4,143.83,302.99,95.5,88.5,2,Yes,0,,0,0.0,Education,118400.0,7.0,Yes,0
SHG21120,Telangana,Women SHG,15,33,35.7,63.9,214.19,5636.99,70.9,78.9,20,Yes,3,82.7,2,24481.14,Small Business,36100.0,6.1,Yes,1
SHG21121,Telangana,Women SHG,10,19,48.3,40.0,99.31,1101.63,68.8,84.6,16,Yes,0,,0,0.0,Small Business,61900.0,9.4,Yes,1
SHG21122,Tamil Nadu,Women SHG,12,10,42.5,65.9,162.12,1208.89,70.3,80.0,5,Yes,2,74.6,0,8993.1,Small Business,22500.0,4.8,Yes,1
SHG21123,Karnataka,Women SHG,14,50,22.8,82.4,187.3,6732.28,80.5,77.1,30,Yes,0,,0,0.0,Livestock,26000.0,8.7,Yes,1
SHG21124,Odisha,Women SHG,14,9,31.6,75.7,408.42,2663.01,77.1,78.3,8,Yes,0,,0,0.0,Education,44700.0,5.7,No,1
SHG21125,Karnataka,Women SHG,13,33,38.2,32.9,125.52,4375.6,72.3,65.1,21,Yes,2,80.3,1,25333.52,Livestock,74600.0,5.3,Yes,1
SHG21126,Kerala,Women SHG,12,50,34.7,98.2,30.38,1275.32,64.4,44.6,37,Yes,1,51.4,1,11649.85,Livestock,23900.0,7.4,Yes,0
SHG21127,Maharashtra,Women SHG,11,23,49.1,59.0,208.23,4287.44,47.2,52.9,19,Yes,0,,0,0.0,Small Business,16600.0,6.1,No,1
SHG21128,West Bengal,Mixed SHG,11,37,32.0,43.1,48.4,1608.17,62.3,71.5,27,Yes,0,,0,0.0,Emergency/Consumption,23600.0,8.0,Yes,1
SHG21129,Kerala,Farmer Producer Group,16,48,33.7,81.7,214.14,12431.33,56.3,76.5,30,Yes,2,72.7,0,54696.62,Livestock,27900.0,7.0,Yes,1
SHG21130,Bihar,Women SHG,16,39,47.7,74.5,89.11,4073.61,82.8,91.1,29,Yes,2,72.7,0,18811.43,Home Improvement,9500.0,8.7,Yes,1
SHG21131,Tamil Nadu,Women SHG,13,50,39.8,56.5,85.07,4247.09,81.0,40.4,31,Yes,2,79.4,0,20487.88,Agriculture,21200.0,8.4,No,1
SHG21132,Andhra Pradesh,Mixed SHG,17,25,38.9,70.2,80.63,2329.71,52.9,44.6,15,Yes,3,74.5,0,5556.39,Agriculture,85100.0,6.4,No,0
SHG21133,Odisha,Women SHG,11,5,48.4,43.9,88.63,401.3,50.3,60.7,4,Yes,0,,0,0.0,Home Improvement,21200.0,10.0,Yes,0
SHG21134,Andhra Pradesh,Women SHG,13,22,34.3,53.5,20.0,447.54,66.9,60.7,18,Yes,1,66.8,0,48808.94,Small Business,43600.0,5.6,Yes,1
SHG21135,Karnataka,Women SHG,13,43,38.7,76.1,280.81,11396.36,70.7,83.7,36,Yes,1,81.3,0,1098.01,Livestock,22200.0,4.5,Yes,1
SHG21136,Karnataka,Women SHG,12,12,39.1,36.3,122.85,1335.81,73.3,90.8,8,Yes,3,81.9,1,9250.42,Agriculture,44200.0,5.6,Yes,1
SHG21137,Maharashtra,Women SHG,13,47,34.9,61.5,45.4,2142.61,88.2,73.4,30,Yes,0,,0,0.0,Small Business,34700.0,10.0,No,0
SHG21138,Telangana,Women SHG,10,27,32.7,55.4,56.89,1170.48,83.2,52.6,24,Yes,4,59.9,1,6403.8,Small Business,47200.0,7.0,Yes,1
SHG21139,Tamil Nadu,Women SHG,13,29,39.3,79.1,241.33,5555.85,61.4,66.7,20,Yes,1,88.4,0,18370.1,Small Business,54700.0,9.5,Yes,1
SHG21140,West Bengal,Women SHG,13,59,36.0,98.5,143.4,8748.15,69.7,91.4,44,Yes,1,81.9,0,36685.81,Education,40500.0,8.7,Yes,1
SHG21141,West Bengal,Women SHG,8,37,29.2,49.8,135.79,2373.06,71.9,80.6,20,Yes,4,89.8,1,29106.56,Agriculture,16700.0,5.1,No,1
SHG21142,Tamil Nadu,Women SHG,17,18,33.9,59.2,20.0,415.0,80.9,91.6,13,Yes,1,66.4,0,9713.02,Small Business,9800.0,8.3,Yes,0
SHG21143,Bihar,Women SHG,8,12,25.9,48.5,105.54,767.81,67.7,82.5,11,No,1,85.9,0,659.8,Small Business,54000.0,10.0,Yes,1
SHG21144,Odisha,Women SHG,11,3,28.9,81.7,59.03,107.47,46.9,67.2,2,Yes,0,,0,0.0,Education,46300.0,8.9,Yes,0
SHG21145,Andhra Pradesh,Women SHG,17,23,37.0,63.8,84.31,2061.99,89.7,78.4,18,Yes,0,,0,0.0,Agriculture,38400.0,5.9,Yes,0
SHG21146,Maharashtra,Women SHG,8,7,24.8,52.3,88.55,325.26,75.7,67.9,6,Yes,0,,0,0.0,Emergency/Consumption,46900.0,5.2,Yes,1
SHG21147,Karnataka,Women SHG,12,79,41.9,100.0,103.46,6733.49,54.2,58.5,40,Yes,0,,0,0.0,Livestock,17600.0,8.4,Yes,0
SHG21148,West Bengal,Women SHG,11,13,49.9,53.9,73.97,581.59,61.3,74.0,10,Yes,0,,0,0.0,Agriculture,62800.0,6.2,No,0
SHG21149,Telangana,Women SHG,12,21,35.2,58.4,97.09,1573.32,56.5,87.3,15,Yes,2,73.3,0,20949.9,Small Business,53000.0,6.1,Yes,1
SHG21150,Bihar,Mixed SHG,15,27,38.1,40.9,92.89,2821.24,80.3,34.6,17,Yes,1,80.1,0,1305.7,Livestock,9400.0,8.8,Yes,1
SHG21151,Uttar Pradesh,Women SHG,18,29,47.6,65.3,116.98,4792.07,51.2,73.8,25,Yes,2,75.6,0,18131.28,Emergency/Consumption,33700.0,7.2,Yes,0
SHG21152,Kerala,Women SHG,11,12,26.1,79.9,55.79,547.74,85.8,89.8,7,Yes,1,86.4,1,12287.63,Agriculture,23800.0,9.5,No,0
SHG21153,Andhra Pradesh,Women SHG,12,7,37.8,59.3,88.11,492.41,34.0,97.0,5,Yes,1,98.7,1,253.37,Small Business,36200.0,5.8,No,1
SHG21154,Karnataka,Women SHG,15,4,30.8,56.8,191.62,922.56,52.7,74.6,2,Yes,0,,0,0.0,Agriculture,42600.0,5.2,No,0
SHG21155,Bihar,Mixed SHG,20,20,34.2,43.4,285.52,7445.52,69.2,71.5,13,Yes,1,63.5,1,4161.03,Agriculture,25800.0,7.7,Yes,1
SHG21156,Bihar,Women SHG,13,24,41.6,32.4,80.66,1758.36,75.1,65.6,13,No,0,,0,0.0,Livestock,89500.0,7.3,Yes,1
SHG21157,Odisha,Women SHG,13,31,29.0,36.4,251.44,6295.06,69.8,65.6,26,Yes,1,76.0,0,17050.82,Agriculture,16600.0,6.5,Yes,1
SHG21158,Odisha,Women SHG,11,31,36.2,48.5,77.34,1354.32,87.8,94.3,20,Yes,3,50.4,0,15554.78,Emergency/Consumption,54300.0,8.3,Yes,1
SHG21159,Kerala,Women SHG,16,55,27.4,38.8,190.1,12700.59,66.4,70.0,52,Yes,0,,0,0.0,Small Business,11200.0,3.8,Yes,1
SHG21160,Bihar,Women SHG,15,12,55.0,47.5,142.13,1963.37,81.2,70.4,6,Yes,0,,0,0.0,Small Business,19400.0,9.9,Yes,1
SHG21161,Tamil Nadu,Mixed SHG,11,31,37.6,78.6,26.57,749.68,74.9,89.5,23,Yes,3,74.0,0,236.76,Agriculture,16800.0,8.4,Yes,0
SHG21162,Andhra Pradesh,Women SHG,11,29,54.8,77.0,323.74,6888.87,88.4,62.8,18,No,1,69.0,0,23746.04,Emergency/Consumption,82900.0,3.1,Yes,1
SHG21163,Karnataka,Women SHG,11,36,30.7,60.1,70.28,1491.0,77.8,56.1,31,Yes,1,86.2,0,30808.84,Emergency/Consumption,42300.0,8.0,No,0
SHG21164,Telangana,Women SHG,15,46,32.4,57.3,61.37,2609.96,75.7,78.0,27,Yes,1,89.2,1,44366.18,Livestock,30800.0,10.0,No,1
SHG21165,Odisha,Women SHG,12,37,38.1,54.9,118.73,3865.66,68.9,74.6,23,Yes,3,76.0,0,25199.11,Livestock,8300.0,10.0,No,1
SHG21166,Tamil Nadu,Women SHG,12,40,31.5,63.9,196.66,6815.67,55.1,76.8,27,Yes,1,60.5,0,9493.4,Small Business,7300.0,8.9,Yes,1
SHG21167,West Bengal,Women SHG,10,23,30.4,49.4,83.76,1207.74,60.1,90.9,19,No,1,63.2,0,25107.97,Small Business,33300.0,6.9,Yes,1
SHG21168,Telangana,Women SHG,15,27,39.6,73.7,30.14,722.76,83.2,74.3,15,Yes,1,87.1,1,22282.34,Agriculture,41900.0,6.5,Yes,1
SHG21169,Uttar Pradesh,Women SHG,11,57,23.0,67.9,38.53,1393.21,92.4,64.5,49,Yes,0,,0,0.0,Agriculture,25200.0,6.8,Yes,1
SHG21170,Bihar,Women SHG,11,91,35.3,68.9,221.48,16337.88,75.0,58.1,72,Yes,0,,0,0.0,Small Business,25400.0,6.6,Yes,1
SHG21171,Tamil Nadu,Mixed SHG,15,21,39.8,62.2,134.0,3164.23,74.8,67.3,14,Yes,2,88.0,0,9827.37,Agriculture,35900.0,8.4,No,0
SHG21172,Odisha,Farmer Producer Group,18,25,40.0,23.7,90.18,3293.79,86.6,61.1,13,Yes,0,,0,0.0,Livestock,29300.0,8.0,Yes,1
SHG21173,Kerala,Mixed SHG,15,26,41.8,51.5,182.56,5666.3,88.2,85.3,15,Yes,1,81.6,0,19177.83,Emergency/Consumption,30500.0,8.2,Yes,1
SHG21174,Andhra Pradesh,Women SHG,9,47,30.0,68.1,87.07,2077.9,41.3,53.5,35,Yes,0,,0,0.0,Emergency/Consumption,21900.0,6.1,Yes,0
SHG21175,Tamil Nadu,Mixed SHG,8,77,42.8,66.6,45.14,1889.51,65.9,87.8,53,Yes,1,49.9,0,9027.54,Home Improvement,61900.0,6.9,No,1
SHG21176,Tamil Nadu,Women SHG,14,24,37.9,50.2,287.09,4936.32,71.6,86.0,15,Yes,1,98.4,0,29132.78,Livestock,16300.0,6.2,No,1
SHG21177,Telangana,Women SHG,12,17,36.2,53.6,62.47,787.43,65.2,41.6,12,Yes,1,58.9,1,3356.61,Emergency/Consumption,17000.0,7.8,No,0
SHG21178,Maharashtra,Women SHG,15,51,36.6,42.0,109.88,5383.14,74.1,71.3,42,Yes,1,55.8,0,25205.42,Agriculture,21400.0,8.6,Yes,1
SHG21179,Telangana,Women SHG,8,10,44.7,87.3,70.61,320.4,70.8,83.9,7,Yes,1,93.1,0,11980.5,Agriculture,69600.0,7.4,No,0
SHG21180,Telangana,Women SHG,11,42,40.6,44.2,108.59,3747.93,68.7,89.6,37,Yes,2,91.9,0,15122.46,Education,40400.0,6.5,Yes,1
SHG21181,Kerala,Women SHG,13,7,41.7,68.4,242.31,1552.67,78.6,91.6,5,Yes,0,,0,0.0,Emergency/Consumption,59900.0,10.0,Yes,1
SHG21182,Bihar,Mixed SHG,11,27,32.3,56.8,112.95,1733.15,86.8,79.5,14,Yes,0,,0,0.0,Livestock,5000.0,6.0,Yes,1
SHG21183,Karnataka,Women SHG,15,23,37.3,74.7,102.52,2261.46,33.4,78.0,13,Yes,1,76.1,0,3338.27,Agriculture,16900.0,8.6,No,0
SHG21184,Telangana,Women SHG,16,25,39.5,26.7,169.27,3769.28,83.4,72.3,22,Yes,3,40.2,1,10905.34,Education,20600.0,5.5,No,1
SHG21185,Tamil Nadu,Women SHG,11,42,33.6,74.3,124.31,4395.75,93.2,59.1,30,Yes,1,82.9,2,5735.08,Agriculture,32300.0,5.9,Yes,0
SHG21186,Telangana,Women SHG,10,56,29.8,72.7,151.73,4595.4,70.4,55.6,50,Yes,1,95.8,0,4872.2,Agriculture,16600.0,6.1,Yes,1
SHG21187,Tamil Nadu,Mixed SHG,13,14,50.0,89.2,94.36,1363.84,65.2,78.7,8,Yes,0,,0,0.0,Livestock,69900.0,7.9,No,1
SHG21188,Tamil Nadu,Women SHG,13,7,40.0,60.8,20.0,125.09,65.1,65.3,6,Yes,1,70.7,0,21957.77,Education,37000.0,4.9,Yes,1
SHG21189,Andhra Pradesh,Women SHG,12,6,28.2,76.9,66.03,351.14,94.4,57.5,4,Yes,0,,0,0.0,Livestock,21000.0,7.9,Yes,1
SHG21190,Bihar,Women SHG,14,76,30.0,67.8,145.2,10727.03,62.2,55.7,60,Yes,3,72.0,0,1591.87,Agriculture,16500.0,8.7,Yes,1
SHG21191,West Bengal,Women SHG,10,47,37.1,76.4,62.58,2184.34,46.3,88.1,26,Yes,4,57.1,0,19253.83,Agriculture,53700.0,8.2,Yes,1
SHG21192,Tamil Nadu,Farmer Producer Group,14,27,40.9,78.9,23.03,673.48,91.1,92.9,25,Yes,2,93.2,1,9596.66,Livestock,84900.0,7.0,Yes,1
SHG21193,Andhra Pradesh,Mixed SHG,16,25,38.3,48.7,147.49,4834.16,72.0,87.5,18,Yes,1,92.5,1,4786.73,Livestock,8800.0,10.0,No,1
SHG21194,Andhra Pradesh,Women SHG,15,10,40.9,43.6,107.83,923.47,60.3,41.8,6,Yes,4,84.8,0,8555.83,Emergency/Consumption,62500.0,7.8,No,0
SHG21195,Tamil Nadu,Farmer Producer Group,15,55,34.7,61.9,33.03,1878.41,77.7,91.6,48,Yes,3,73.9,0,48555.22,Livestock,35500.0,5.4,Yes,1
SHG21196,Andhra Pradesh,Women SHG,14,31,48.7,74.4,163.02,5853.74,69.4,63.1,28,Yes,2,54.8,0,7765.92,Small Business,22700.0,6.8,Yes,1
SHG21197,Tamil Nadu,Women SHG,11,30,30.1,94.6,73.18,1592.21,30.4,85.9,16,Yes,1,72.7,1,31453.87,Small Business,44600.0,5.2,Yes,1
SHG21198,Odisha,Women SHG,12,112,40.4,74.4,103.13,6943.14,81.2,76.4,85,Yes,1,77.8,0,920.58,Small Business,5300.0,6.9,Yes,1
SHG21199,Odisha,Women SHG,17,23,48.8,54.0,34.93,1065.89,53.8,74.8,17,Yes,0,,0,0.0,Agriculture,23000.0,10.0,Yes,0
SHG21200,Maharashtra,Mixed SHG,12,23,41.7,67.3,208.28,3977.94,89.6,65.0,20,Yes,1,70.4,1,9486.32,Home Improvement,38200.0,4.7,No,0
SHG21201,Uttar Pradesh,Women SHG,8,61,44.2,63.1,82.83,2235.61,89.3,98.0,39,Yes,1,79.6,0,10824.11,Small Business,46400.0,6.9,No,1
SHG21202,Karnataka,Women SHG,11,10,31.1,58.1,61.44,538.26,54.2,79.9,9,Yes,3,76.1,0,20661.53,Agriculture,90100.0,7.7,No,1
SHG21203,Tamil Nadu,Mixed SHG,14,67,45.1,88.4,39.04,2597.68,84.2,88.2,45,Yes,1,94.3,0,28854.54,Small Business,34700.0,7.0,Yes,1
SHG21204,Karnataka,Women SHG,12,9,40.6,57.1,47.21,318.41,79.7,68.0,7,Yes,4,95.6,1,9220.91,Small Business,47300.0,6.8,No,1
SHG21205,Telangana,Mixed SHG,18,30,38.9,64.7,20.0,898.37,92.2,71.5,27,Yes,1,81.2,1,1797.59,Emergency/Consumption,68400.0,5.7,Yes,1
SHG21206,Bihar,Women SHG,13,39,41.5,49.7,87.65,3380.1,74.1,62.3,32,Yes,3,65.5,0,15442.08,Home Improvement,46400.0,5.2,Yes,1
SHG21207,Bihar,Mixed SHG,10,14,42.3,62.2,100.57,903.6,79.4,89.7,9,Yes,0,,0,0.0,Education,28700.0,7.0,Yes,1
SHG21208,Karnataka,Women SHG,11,75,37.3,100.0,146.02,8941.29,88.8,73.8,40,Yes,4,60.7,0,30511.59,Emergency/Consumption,48600.0,10.0,Yes,1
SHG21209,Karnataka,Women SHG,13,6,46.8,87.5,249.39,1119.52,98.3,77.7,3,Yes,1,79.0,0,22676.68,Agriculture,42900.0,4.9,Yes,1
SHG21210,Tamil Nadu,Women SHG,13,25,37.7,59.9,77.11,1899.71,62.1,87.2,14,Yes,3,79.1,1,11410.73,Home Improvement,62200.0,6.0,Yes,1
SHG21211,Telangana,Women SHG,8,12,33.1,48.3,159.64,1196.16,71.1,64.9,10,Yes,1,49.1,0,16466.31,Agriculture,12400.0,7.3,Yes,0
SHG21212,Andhra Pradesh,Mixed SHG,12,17,36.3,100.0,59.48,915.11,80.2,81.8,11,Yes,5,60.1,1,25370.32,Small Business,30100.0,6.9,No,0
SHG21213,Odisha,Women SHG,14,15,35.0,60.5,135.36,1824.39,59.0,83.2,12,Yes,2,73.1,1,17139.76,Home Improvement,40600.0,8.8,Yes,1
SHG21214,Telangana,Women SHG,11,50,37.9,58.3,190.82,5347.58,48.2,61.7,32,Yes,4,95.1,1,15034.82,Emergency/Consumption,35700.0,7.6,Yes,0
SHG21215,Karnataka,Farmer Producer Group,12,15,35.2,79.9,99.09,933.95,95.2,71.5,13,Yes,3,69.7,0,8025.24,Small Business,29600.0,6.8,No,1
SHG21216,Odisha,Women SHG,11,11,26.3,82.9,270.91,1716.63,83.4,79.7,10,No,3,95.2,0,19619.44,Small Business,11700.0,6.8,No,1
SHG21217,Telangana,Women SHG,12,28,42.4,82.7,50.01,1325.67,85.2,60.9,15,Yes,0,,0,0.0,Home Improvement,52200.0,8.1,Yes,1
SHG21218,Telangana,Women SHG,12,38,43.5,52.9,36.88,1097.31,82.1,63.5,29,Yes,0,,0,0.0,Emergency/Consumption,99000.0,5.3,Yes,0
SHG21219,Karnataka,Women SHG,12,16,32.5,55.9,88.1,1348.43,59.3,50.3,13,Yes,3,92.3,0,8004.06,Small Business,15900.0,7.7,Yes,0
SHG21220,Bihar,Mixed SHG,11,14,50.8,61.2,28.54,274.69,84.8,90.6,10,Yes,0,,0,0.0,Small Business,22600.0,5.2,Yes,1
SHG21221,Telangana,Women SHG,12,56,37.8,82.0,120.43,4270.43,86.1,73.3,42,Yes,2,83.2,1,13909.17,Education,13500.0,6.2,No,1
SHG21222,West Bengal,Women SHG,17,80,29.9,72.3,107.05,9719.13,70.0,77.5,52,No,3,94.6,0,19446.08,Agriculture,23700.0,6.6,No,1
SHG21223,Telangana,Women SHG,14,8,48.0,55.9,120.08,1075.66,65.1,92.9,5,No,3,68.1,0,6566.24,Small Business,94800.0,8.7,Yes,1
SHG21224,Uttar Pradesh,Women SHG,17,72,46.3,52.2,128.0,8441.05,91.0,49.7,51,Yes,0,,0,0.0,Small Business,5000.0,2.9,Yes,1
SHG21225,Bihar,Women SHG,17,10,47.4,74.5,172.36,2023.36,63.9,94.2,6,Yes,3,80.3,0,8393.54,Agriculture,24100.0,7.9,Yes,1
SHG21226,Karnataka,Mixed SHG,14,8,32.0,76.1,90.49,543.99,81.7,89.5,6,Yes,2,86.2,1,47245.75,Livestock,9900.0,5.9,No,1
SHG21227,Uttar Pradesh,Mixed SHG,14,21,46.0,69.6,131.86,2173.58,86.3,70.2,15,Yes,3,92.6,0,9826.12,Education,61600.0,6.6,No,1
SHG21228,Tamil Nadu,Women SHG,11,12,26.1,61.6,117.2,1092.16,94.6,77.3,11,Yes,2,92.2,1,20492.95,Agriculture,15900.0,5.5,Yes,1
SHG21229,West Bengal,Women SHG,11,28,42.1,44.8,175.7,2833.28,78.0,89.9,21,Yes,0,,0,0.0,Livestock,58300.0,6.2,Yes,0
SHG21230,Uttar Pradesh,Women SHG,12,15,41.5,77.1,33.37,322.16,91.6,89.6,8,Yes,2,82.1,0,14992.01,Home Improvement,7400.0,5.9,No,1
SHG21231,Karnataka,Women SHG,11,4,20.0,28.0,103.01,364.73,73.3,61.9,2,Yes,0,,0,0.0,Small Business,7700.0,9.5,Yes,0
SHG21232,Tamil Nadu,Women SHG,17,10,41.5,80.0,27.75,251.45,80.0,55.0,8,Yes,2,83.2,1,3431.19,Emergency/Consumption,19300.0,4.9,Yes,1
SHG21233,Bihar,Women SHG,11,6,35.7,54.5,71.27,301.76,96.3,78.3,6,Yes,1,49.8,0,2531.69,Livestock,37400.0,6.7,Yes,1
SHG21234,Odisha,Mixed SHG,14,38,34.9,69.6,29.02,1188.2,55.8,76.2,25,Yes,0,,0,0.0,Agriculture,26000.0,7.5,Yes,0
SHG21235,West Bengal,Farmer Producer Group,17,68,40.4,83.2,39.06,3610.67,52.0,26.4,62,No,0,,0,0.0,Small Business,35000.0,7.7,Yes,0
SHG21236,Andhra Pradesh,Women SHG,9,16,33.0,46.1,186.68,1468.99,90.6,93.3,13,No,1,93.9,0,7333.48,Education,50900.0,8.2,Yes,1
SHG21237,Andhra Pradesh,Women SHG,13,20,32.1,46.2,20.0,388.51,76.2,88.3,13,Yes,0,,0,0.0,Agriculture,26500.0,5.7,Yes,1
SHG21238,Karnataka,Farmer Producer Group,8,9,39.9,78.6,254.46,1471.2,80.0,68.2,6,Yes,0,,0,0.0,Livestock,13700.0,5.5,Yes,1
SHG21239,Bihar,Women SHG,9,13,39.6,74.4,187.61,1257.87,97.9,89.9,8,Yes,0,,0,0.0,Agriculture,59500.0,6.6,Yes,1
SHG21240,Kerala,Women SHG,11,60,25.3,71.1,160.49,8291.53,71.3,81.9,30,Yes,4,88.5,0,5845.93,Agriculture,15300.0,5.5,Yes,1
SHG21241,Maharashtra,Women SHG,15,18,49.5,59.0,72.6,1250.09,70.6,76.9,10,Yes,0,,0,0.0,Emergency/Consumption,30600.0,6.1,No,0
SHG21242,Karnataka,Farmer Producer Group,16,34,34.0,32.9,201.78,7096.26,67.2,82.7,18,Yes,2,62.7,0,5793.83,Small Business,37200.0,7.6,No,1
SHG21243,Bihar,Mixed SHG,11,3,34.2,64.6,107.37,210.21,50.6,91.6,3,Yes,0,,0,0.0,Agriculture,15600.0,6.6,Yes,1
SHG21244,Odisha,Women SHG,13,39,30.7,71.4,80.36,2589.66,67.4,62.7,30,Yes,2,71.5,0,10585.76,Livestock,5100.0,4.9,Yes,1
SHG21245,Odisha,Women SHG,10,15,44.0,46.9,47.31,581.14,56.0,57.3,8,Yes,4,45.5,1,6787.09,Small Business,21000.0,5.5,No,0
SHG21246,Karnataka,Women SHG,15,62,45.0,66.0,230.38,17491.23,47.5,89.1,45,No,1,93.7,0,11598.85,Small Business,18800.0,7.7,Yes,0
SHG21247,Telangana,Women SHG,16,29,37.6,48.8,31.42,1026.56,54.8,42.8,24,Yes,1,85.6,0,7192.26,Small Business,37200.0,7.1,Yes,0
SHG21248,Telangana,Farmer Producer Group,11,27,29.3,79.4,167.98,2567.39,91.1,91.9,20,Yes,0,,0,0.0,Education,66300.0,6.7,Yes,1
SHG21249,Kerala,Mixed SHG,13,48,46.9,29.2,163.25,6591.13,57.5,58.4,26,No,2,66.3,0,4896.2,Agriculture,80800.0,8.8,Yes,1
SHG21250,Maharashtra,Mixed SHG,8,9,47.2,69.2,305.46,1623.31,90.5,86.8,8,Yes,2,70.1,0,25611.44,Agriculture,7000.0,7.7,Yes,1
SHG21251,Telangana,Women SHG,16,26,26.2,78.6,55.6,1921.47,71.4,75.9,16,Yes,2,82.1,1,10727.73,Small Business,28500.0,8.8,Yes,1
SHG21252,Maharashtra,Farmer Producer Group,17,46,36.5,38.7,183.65,11663.41,70.2,44.7,38,No,1,68.3,0,14798.55,Home Improvement,44900.0,7.5,Yes,1
SHG21253,Tamil Nadu,Mixed SHG,14,51,41.8,22.5,83.39,3691.78,57.0,56.2,29,Yes,0,,0,0.0,Small Business,34900.0,1.7,No,0
SHG21254,Telangana,Women SHG,17,25,33.6,71.2,52.43,1375.08,86.9,69.6,19,No,1,79.5,0,3003.19,Education,35700.0,6.9,Yes,0
SHG21255,Tamil Nadu,Women SHG,12,10,37.0,52.5,20.0,150.9,66.7,79.4,7,Yes,2,90.4,0,13010.86,Small Business,106600.0,6.3,Yes,1
SHG21256,Uttar Pradesh,Women SHG,12,98,20.0,52.0,50.03,4531.85,61.5,86.8,75,Yes,2,79.5,0,7924.71,Livestock,36400.0,6.9,Yes,1
SHG21257,Kerala,Women SHG,11,83,37.5,45.9,130.26,7728.45,48.3,93.4,57,Yes,5,98.3,0,28182.4,Education,17700.0,6.6,No,1
SHG21258,Bihar,Mixed SHG,15,28,29.5,69.4,36.61,977.41,66.4,54.2,22,Yes,0,,0,0.0,Emergency/Consumption,10500.0,7.3,Yes,1
SHG21259,Maharashtra,Women SHG,13,22,45.3,69.8,115.95,1933.97,69.2,62.2,17,Yes,2,80.9,0,7584.95,Agriculture,69000.0,6.5,No,1
SHG21260,Bihar,Farmer Producer Group,13,33,49.7,69.2,89.75,2293.48,58.7,66.8,22,Yes,1,53.4,2,23361.76,Education,53400.0,8.2,Yes,0
SHG21261,Karnataka,Women SHG,10,3,31.5,57.6,220.2,427.33,82.3,77.7,2,Yes,0,,0,0.0,Home Improvement,17500.0,7.9,No,1
SHG21262,Odisha,Farmer Producer Group,10,93,26.6,68.5,283.86,17546.65,70.2,78.0,81,No,0,,0,0.0,Home Improvement,30700.0,6.8,No,1
SHG21263,Odisha,Women SHG,8,26,25.4,54.4,511.75,8049.33,55.5,88.6,15,Yes,2,71.7,0,10832.88,Emergency/Consumption,15600.0,5.3,No,0
SHG21264,Andhra Pradesh,Women SHG,14,29,40.4,72.1,20.0,460.42,42.9,51.8,24,Yes,1,78.0,0,14674.91,Emergency/Consumption,10900.0,7.4,Yes,0
SHG21265,Bihar,Mixed SHG,11,79,35.6,78.8,218.85,13494.53,87.9,77.1,47,Yes,4,80.9,0,29823.15,Education,10400.0,6.9,No,1
SHG21266,Tamil Nadu,Women SHG,16,38,35.3,73.2,388.06,18606.99,65.1,60.3,27,Yes,0,,0,0.0,Agriculture,19500.0,6.1,Yes,1
SHG21267,Tamil Nadu,Women SHG,13,39,24.6,74.5,51.27,1379.44,90.5,59.3,37,Yes,4,94.7,0,22209.92,Livestock,90700.0,9.4,Yes,1
SHG21268,Telangana,Women SHG,16,43,38.4,79.9,270.33,10267.53,70.8,33.6,36,Yes,2,59.0,1,14376.41,Home Improvement,32800.0,7.4,Yes,1
SHG21269,Tamil Nadu,Mixed SHG,18,28,40.9,39.3,51.97,1521.99,83.5,79.7,18,Yes,0,,0,0.0,Small Business,39400.0,9.9,Yes,0
SHG21270,West Bengal,Women SHG,10,23,54.4,64.3,46.41,667.3,76.4,82.9,17,Yes,2,73.0,0,8068.04,Emergency/Consumption,83400.0,5.1,Yes,0
SHG21271,Telangana,Women SHG,17,33,34.2,55.4,124.44,3648.54,70.4,92.7,21,Yes,1,48.6,0,3802.38,Agriculture,13000.0,5.9,No,1
SHG21272,Odisha,Women SHG,11,21,36.3,60.2,63.43,1137.47,68.6,66.1,11,No,2,79.6,1,5933.5,Agriculture,110600.0,9.2,Yes,0
SHG21273,Maharashtra,Women SHG,13,72,48.4,71.7,86.72,4779.89,62.6,66.0,47,Yes,4,61.0,1,7581.05,Agriculture,31500.0,6.6,Yes,0
SHG21274,Maharashtra,Women SHG,13,41,41.7,46.7,94.78,4160.6,86.4,62.8,33,Yes,0,,0,0.0,Agriculture,14100.0,5.0,Yes,1
SHG21275,Tamil Nadu,Women SHG,13,3,32.2,39.0,22.72,46.13,83.6,69.6,2,Yes,0,,0,0.0,Emergency/Consumption,18500.0,7.3,Yes,0
SHG21276,Telangana,Farmer Producer Group,10,26,50.7,68.6,41.87,740.3,61.7,95.8,20,No,0,,0,0.0,Emergency/Consumption,63200.0,4.5,Yes,1
SHG21277,Odisha,Women SHG,15,10,28.2,85.4,131.9,1194.65,83.2,77.1,7,Yes,2,80.0,1,11879.18,Emergency/Consumption,5000.0,5.8,Yes,1
SHG21278,West Bengal,Women SHG,12,32,40.6,51.7,23.63,689.98,86.6,86.0,19,Yes,1,64.7,0,20486.84,Livestock,38200.0,6.8,Yes,1
SHG21279,Telangana,Women SHG,9,49,24.5,76.1,102.25,3201.92,65.1,97.6,41,Yes,0,,0,0.0,Livestock,32000.0,4.7,Yes,0
SHG21280,Karnataka,Women SHG,14,19,31.4,52.9,206.53,3520.52,67.7,83.2,16,Yes,0,,0,0.0,Agriculture,43500.0,7.6,No,1
SHG21281,Telangana,Women SHG,8,15,24.8,72.5,280.37,1865.83,73.1,78.3,12,Yes,0,,0,0.0,Emergency/Consumption,71300.0,6.5,Yes,1
SHG21282,Kerala,Mixed SHG,9,8,28.3,58.0,106.8,509.56,78.7,65.2,4,Yes,1,85.2,0,4042.97,Agriculture,55600.0,5.2,No,1
SHG21283,Andhra Pradesh,Women SHG,11,38,44.3,47.8,21.18,537.53,54.3,57.0,31,Yes,1,75.8,1,14887.63,Agriculture,54900.0,6.4,No,0
SHG21284,Odisha,Women SHG,11,10,50.0,37.9,60.07,489.64,59.5,46.4,7,No,3,67.6,0,24496.16,Small Business,7300.0,6.9,Yes,0
SHG21285,Andhra Pradesh,Women SHG,8,23,42.0,25.5,155.76,1900.82,54.3,86.1,19,Yes,1,82.1,1,15131.75,Agriculture,29000.0,4.8,Yes,1
SHG21286,Karnataka,Women SHG,14,93,29.2,65.4,72.74,7747.31,83.8,61.1,80,Yes,1,78.9,0,4999.9,Agriculture,61000.0,5.9,Yes,0
SHG21287,West Bengal,Women SHG,14,34,46.6,45.2,214.6,5480.1,78.5,91.8,23,Yes,0,,0,0.0,Agriculture,55300.0,5.0,Yes,1
SHG21288,Karnataka,Mixed SHG,8,33,31.3,50.2,24.3,380.67,40.3,11.1,28,Yes,1,91.3,0,14480.08,Agriculture,24300.0,6.0,No,1
SHG21289,Bihar,Women SHG,14,52,37.8,67.5,212.85,9457.07,86.9,83.7,32,Yes,2,88.7,2,11450.07,Education,51500.0,6.4,Yes,1
SHG21290,Telangana,Women SHG,11,43,42.7,63.5,176.74,4452.16,85.5,77.8,40,Yes,0,,0,0.0,Home Improvement,21900.0,7.2,Yes,1
SHG21291,Tamil Nadu,Women SHG,11,45,34.9,35.3,107.98,3330.12,77.5,85.3,27,No,0,,0,0.0,Home Improvement,31500.0,8.1,No,1
SHG21292,Kerala,Mixed SHG,16,14,38.3,83.4,199.34,3114.93,54.5,62.6,7,Yes,0,,0,0.0,Agriculture,35100.0,5.8,Yes,1
SHG21293,Bihar,Women SHG,9,10,38.3,42.4,79.75,506.93,90.2,70.3,9,Yes,1,84.4,0,19359.87,Livestock,27800.0,5.8,No,1
SHG21294,Kerala,Women SHG,9,53,45.0,53.6,55.88,1831.98,61.1,63.0,39,No,2,94.0,0,15800.61,Agriculture,51400.0,9.6,No,1
SHG21295,Tamil Nadu,Women SHG,14,35,33.8,61.1,116.97,3791.21,82.5,80.8,26,Yes,1,93.1,1,12202.99,Home Improvement,46600.0,7.1,Yes,1
SHG21296,Kerala,Women SHG,16,32,24.9,70.1,113.69,3209.73,82.3,95.5,21,Yes,3,44.5,0,18985.93,Agriculture,22500.0,7.5,No,1
SHG21297,Bihar,Mixed SHG,8,113,52.3,59.9,132.14,7573.56,92.2,66.9,70,Yes,2,84.9,0,13365.15,Agriculture,48600.0,2.4,Yes,1
SHG21298,West Bengal,Women SHG,20,9,48.0,48.5,138.93,2008.54,66.6,77.1,8,Yes,2,77.9,1,7322.67,Small Business,19900.0,5.8,Yes,0
SHG21299,Uttar Pradesh,Women SHG,15,23,36.9,41.7,111.83,3052.39,63.4,74.1,13,Yes,2,92.4,0,14329.65,Education,33600.0,6.2,Yes,1
SHG21300,Odisha,Women SHG,8,20,45.1,18.4,53.68,657.12,92.5,61.2,19,Yes,2,81.7,0,25283.81,Education,38500.0,6.0,No,1
SHG21301,Telangana,Women SHG,19,38,34.5,86.0,57.66,3247.18,58.7,79.1,35,Yes,2,95.7,1,39335.27,Emergency/Consumption,21100.0,7.9,Yes,1
SHG21302,Telangana,Women SHG,10,46,34.3,52.0,114.79,3322.43,81.5,32.7,38,Yes,3,52.9,0,12558.1,Small Business,17100.0,8.2,No,0
SHG21303,Andhra Pradesh,Women SHG,10,13,47.9,80.8,63.7,598.34,85.9,93.1,10,Yes,2,73.6,0,1745.98,Agriculture,14600.0,5.2,Yes,1
SHG21304,Maharashtra,Women SHG,19,31,35.4,75.1,103.12,4686.15,81.7,85.3,25,Yes,0,,0,0.0,Agriculture,34300.0,6.4,No,1
SHG21305,Kerala,Mixed SHG,16,21,31.7,78.8,190.3,3590.22,81.3,52.7,15,Yes,2,82.8,1,10398.1,Small Business,25300.0,2.8,Yes,1
SHG21306,Odisha,Women SHG,12,38,42.8,71.0,105.97,3075.82,55.4,68.9,29,No,3,67.9,0,5405.53,Education,64400.0,8.5,Yes,1
SHG21307,Andhra Pradesh,Women SHG,15,73,30.7,48.5,20.0,1379.52,79.2,81.0,63,Yes,1,42.4,0,16389.27,Agriculture,39000.0,8.7,Yes,1
SHG21308,Bihar,Women SHG,17,10,45.3,81.0,140.09,1585.96,62.4,73.5,5,Yes,2,68.2,0,10964.64,Home Improvement,28500.0,5.9,No,1
SHG21309,Karnataka,Women SHG,18,16,45.4,73.9,50.16,723.83,59.9,80.8,11,Yes,1,79.2,1,38476.79,Small Business,40600.0,7.1,Yes,1
SHG21310,Karnataka,Women SHG,9,73,25.8,88.6,25.37,1194.29,75.7,69.5,42,Yes,2,75.2,0,7734.01,Small Business,39600.0,5.4,No,1
SHG21311,Bihar,Women SHG,12,36,42.3,23.8,43.33,942.78,72.6,63.3,31,No,1,86.2,0,16272.66,Small Business,36400.0,7.6,Yes,1
SHG21312,Andhra Pradesh,Women SHG,13,11,20.0,86.6,87.81,648.51,65.3,67.5,8,Yes,3,47.8,0,38633.77,Small Business,17200.0,4.0,No,0
SHG21313,Odisha,Women SHG,11,46,36.6,65.0,117.13,4823.27,75.7,83.0,34,Yes,1,58.3,0,20290.95,Home Improvement,60900.0,6.8,Yes,0
SHG21314,Bihar,Women SHG,13,64,34.1,27.0,135.55,8373.59,92.5,51.7,40,Yes,2,90.7,1,4905.5,Agriculture,39200.0,7.9,No,0
SHG21315,Odisha,Farmer Producer Group,14,70,43.6,46.6,59.64,3067.91,82.6,99.3,59,Yes,4,93.3,1,11481.68,Home Improvement,50300.0,6.0,Yes,1
SHG21316,Tamil Nadu,Women SHG,10,36,49.2,50.6,182.68,5195.09,53.2,76.2,28,No,0,,0,0.0,Agriculture,24900.0,6.3,No,1
SHG21317,Karnataka,Women SHG,13,26,26.8,39.7,51.71,1198.81,37.4,95.6,14,Yes,2,75.9,2,10313.51,Agriculture,5000.0,7.6,Yes,1
SHG21318,Odisha,Women SHG,11,107,24.1,46.6,57.84,4999.97,71.5,48.8,89,Yes,2,65.5,1,17985.19,Education,18000.0,7.5,Yes,1
SHG21319,Telangana,Women SHG,17,15,49.3,78.2,93.17,1805.7,74.0,76.2,8,No,0,,0,0.0,Agriculture,11100.0,9.9,No,0
SHG21320,Uttar Pradesh,Women SHG,15,35,31.5,53.2,55.63,2026.12,69.7,73.7,31,Yes,1,79.7,1,6085.0,Livestock,20100.0,10.0,Yes,1
SHG21321,Bihar,Women SHG,13,50,25.9,39.5,59.62,2644.82,87.4,48.4,25,Yes,2,84.0,0,19156.51,Small Business,13700.0,5.6,No,1
SHG21322,Maharashtra,Mixed SHG,16,26,53.4,58.9,257.5,6734.78,83.5,94.5,17,Yes,2,58.3,0,11523.19,Small Business,5000.0,6.7,Yes,1
SHG21323,Karnataka,Women SHG,9,29,31.1,48.5,45.26,673.01,59.5,76.3,22,Yes,0,,0,0.0,Small Business,33500.0,6.7,Yes,0
SHG21324,Uttar Pradesh,Women SHG,19,24,41.0,47.3,84.35,2080.23,65.7,90.0,15,Yes,1,98.9,1,23063.89,Agriculture,19700.0,8.8,No,0
SHG21325,Uttar Pradesh,Mixed SHG,10,35,42.7,63.8,358.22,6592.99,60.0,78.0,23,Yes,3,72.1,0,12130.2,Small Business,32700.0,7.4,Yes,1
SHG21326,Uttar Pradesh,Farmer Producer Group,10,40,46.3,46.2,266.2,5555.3,89.1,93.2,35,Yes,0,,0,0.0,Small Business,49200.0,5.0,Yes,0
SHG21327,Bihar,Women SHG,15,24,37.6,34.7,23.15,439.76,62.2,87.2,15,Yes,1,80.6,0,6834.97,Small Business,8700.0,6.3,Yes,0
SHG21328,Telangana,Women SHG,16,35,45.9,74.1,140.92,6273.19,65.3,92.3,20,Yes,0,,0,0.0,Small Business,17600.0,7.0,Yes,1
SHG21329,Kerala,Farmer Producer Group,9,11,38.5,100.0,54.64,435.88,76.5,86.9,9,No,2,43.3,0,5859.47,Education,14300.0,5.0,Yes,0
SHG21330,Maharashtra,Women SHG,13,69,34.7,61.3,115.3,7798.45,69.1,57.0,42,Yes,1,79.6,0,10000.55,Livestock,63600.0,6.4,No,0
SHG21331,Uttar Pradesh,Women SHG,11,22,35.3,62.2,62.27,1211.27,86.5,94.3,15,Yes,3,52.3,0,16454.33,Emergency/Consumption,74600.0,5.8,No,1
SHG21332,Andhra Pradesh,Women SHG,8,21,42.3,65.0,68.38,725.23,73.9,93.1,20,No,2,84.9,0,12370.81,Agriculture,10200.0,4.6,No,1
SHG21333,Tamil Nadu,Women SHG,14,22,44.8,52.9,251.2,5421.04,27.9,61.1,12,Yes,1,81.3,0,15025.68,Livestock,5000.0,6.9,No,1
SHG21334,Karnataka,Women SHG,11,9,39.5,51.0,232.68,1328.58,91.5,80.5,5,Yes,2,30.3,0,24768.44,Small Business,47200.0,7.9,No,1
SHG21335,Maharashtra,Women SHG,16,60,27.9,66.0,20.0,1355.68,95.2,70.9,31,Yes,0,,0,0.0,Livestock,92500.0,6.1,Yes,1
SHG21336,West Bengal,Women SHG,17,71,34.6,58.0,77.42,4794.34,93.4,47.3,63,Yes,1,88.9,1,8613.44,Agriculture,13900.0,9.1,Yes,1
SHG21337,Odisha,Women SHG,14,23,43.4,53.3,167.73,3906.96,79.0,72.0,14,No,0,,0,0.0,Emergency/Consumption,19500.0,7.5,No,1
SHG21338,Maharashtra,Women SHG,14,16,51.7,45.4,38.31,553.32,51.4,54.7,14,Yes,1,79.4,0,3794.18,Livestock,16500.0,7.3,No,0
SHG21339,Uttar Pradesh,Mixed SHG,11,49,47.2,66.5,154.41,5932.73,75.9,66.1,32,Yes,1,54.6,0,9582.55,Agriculture,17000.0,6.0,Yes,1
SHG21340,Karnataka,Women SHG,11,3,38.9,55.5,20.0,52.09,75.3,51.8,3,Yes,0,,0,0.0,Education,15000.0,4.5,Yes,0
SHG21341,West Bengal,Women SHG,11,21,56.5,79.1,106.63,1645.22,67.3,70.3,20,Yes,1,38.0,0,331.67,Agriculture,21300.0,7.4,Yes,0
SHG21342,Tamil Nadu,Women SHG,13,79,43.4,41.6,20.0,1561.79,78.3,89.5,60,Yes,2,78.3,0,19465.39,Small Business,70300.0,5.8,Yes,1
SHG21343,Odisha,Women SHG,11,20,29.9,38.7,235.79,3017.29,35.0,82.4,12,Yes,0,,0,0.0,Agriculture,19600.0,4.6,Yes,0
SHG21344,Bihar,Women SHG,16,29,23.6,82.4,483.0,16991.99,28.3,82.3,22,Yes,3,74.0,0,10280.88,Agriculture,25300.0,7.2,No,1
SHG21345,Bihar,Farmer Producer Group,14,15,34.1,54.0,88.8,1408.69,94.1,77.5,11,Yes,3,43.8,1,23927.23,Small Business,23500.0,8.6,Yes,1
SHG21346,Kerala,Women SHG,14,11,33.8,52.2,109.06,1369.38,77.2,84.5,6,Yes,1,96.6,2,11341.97,Agriculture,33700.0,9.9,No,1
SHG21347,Bihar,Women SHG,13,16,21.4,80.9,129.55,2150.72,89.2,57.1,9,Yes,2,73.6,0,1910.55,Small Business,32300.0,7.9,Yes,1
SHG21348,West Bengal,Women SHG,16,48,37.7,38.5,101.54,4662.37,88.1,76.0,45,No,2,61.3,0,6511.33,Small Business,25600.0,6.6,No,1
SHG21349,Bihar,Women SHG,19,16,37.4,72.0,50.14,916.66,48.6,86.1,13,No,2,77.0,1,5948.57,Small Business,46900.0,7.7,No,0
SHG21350,West Bengal,Mixed SHG,10,24,29.4,64.7,140.94,1789.68,53.9,66.9,19,No,2,88.6,0,16371.28,Agriculture,93200.0,9.1,Yes,0
SHG21351,Tamil Nadu,Women SHG,12,12,39.3,43.3,42.0,339.19,74.8,95.0,9,Yes,4,68.4,0,12911.32,Emergency/Consumption,39200.0,5.7,Yes,1
SHG21352,West Bengal,Women SHG,14,15,31.5,42.8,69.05,1145.39,50.8,84.0,14,Yes,0,,0,0.0,Emergency/Consumption,59700.0,4.8,Yes,1
SHG21353,Bihar,Women SHG,16,21,34.8,64.3,146.68,3648.9,77.2,91.9,12,Yes,3,75.3,0,12324.08,Agriculture,11000.0,6.8,Yes,1
SHG21354,Maharashtra,Mixed SHG,10,17,57.8,60.8,20.0,269.99,71.2,46.8,14,Yes,2,86.8,1,2493.48,Home Improvement,8600.0,8.5,Yes,1
SHG21355,Andhra Pradesh,Women SHG,9,42,33.5,68.3,81.82,1873.05,57.8,67.8,38,Yes,1,59.9,0,22447.68,Agriculture,69000.0,7.7,No,1
SHG21356,Tamil Nadu,Mixed SHG,12,23,40.5,57.7,224.14,3810.87,79.0,90.1,14,No,0,,0,0.0,Emergency/Consumption,26000.0,6.7,No,0
SHG21357,Odisha,Mixed SHG,14,24,33.3,68.6,51.71,925.39,84.8,66.5,13,Yes,1,80.0,0,1549.15,Agriculture,8300.0,4.1,No,1
SHG21358,Maharashtra,Women SHG,12,8,23.1,65.7,117.68,666.44,56.7,47.4,5,Yes,1,50.7,0,5942.73,Agriculture,22900.0,4.8,Yes,1
SHG21359,Tamil Nadu,Mixed SHG,14,40,38.9,64.5,66.71,2283.78,94.0,83.4,25,Yes,0,,0,0.0,Small Business,51700.0,6.8,Yes,1
SHG21360,West Bengal,Women SHG,16,12,39.0,59.0,91.25,1377.06,89.5,89.8,9,Yes,3,85.8,1,21335.8,Small Business,24400.0,8.5,Yes,1
SHG21361,West Bengal,Women SHG,10,14,47.5,78.7,136.43,1281.07,78.5,69.8,7,No,0,,0,0.0,Livestock,59600.0,7.6,Yes,0
SHG21362,Uttar Pradesh,Women SHG,8,63,46.0,50.9,20.0,758.41,50.1,77.8,34,Yes,2,60.8,0,34438.28,Home Improvement,34600.0,5.5,No,0
SHG21363,Tamil Nadu,Women SHG,9,53,29.3,77.6,128.48,3222.93,71.2,79.7,50,Yes,2,45.1,0,13482.9,Agriculture,53000.0,6.3,No,0
SHG21364,West Bengal,Women SHG,15,18,47.5,44.7,59.36,1076.49,69.2,69.4,9,No,3,53.1,2,7112.05,Emergency/Consumption,17700.0,7.6,Yes,0
SHG21365,Tamil Nadu,Mixed SHG,16,29,22.7,79.9,172.86,5768.09,85.9,72.1,19,No,4,95.6,0,12851.75,Agriculture,8500.0,4.6,Yes,1
SHG21366,Karnataka,Women SHG,14,13,49.6,34.8,79.55,810.24,42.1,48.0,7,Yes,2,82.0,1,27294.49,Livestock,8500.0,6.3,No,0
SHG21367,Odisha,Women SHG,14,46,42.5,58.6,175.18,7564.62,87.1,79.1,34,Yes,3,58.0,0,5825.31,Small Business,55100.0,9.3,Yes,1
SHG21368,Andhra Pradesh,Mixed SHG,11,30,38.6,69.2,83.86,2014.54,77.1,88.7,17,No,3,61.4,0,7289.65,Agriculture,28800.0,7.1,No,0
SHG21369,Karnataka,Women SHG,14,27,33.8,49.5,305.56,7588.22,70.5,76.6,14,Yes,2,79.9,1,10357.89,Agriculture,35600.0,4.6,Yes,1
SHG21370,Kerala,Women SHG,15,33,38.7,84.5,213.26,5409.71,70.9,66.2,27,Yes,1,86.0,0,9020.84,Agriculture,35200.0,7.1,Yes,1
SHG21371,West Bengal,Women SHG,12,22,44.7,33.3,167.28,2656.46,94.5,82.3,16,Yes,4,76.4,0,5462.79,Livestock,22500.0,6.8,No,1
SHG21372,Andhra Pradesh,Women SHG,11,92,35.7,53.2,162.85,10182.29,74.6,70.4,61,Yes,2,85.6,0,49569.25,Agriculture,27600.0,9.2,No,1
SHG21373,Odisha,Women SHG,9,20,41.1,86.1,140.42,1416.32,86.2,59.5,10,Yes,0,,0,0.0,Livestock,31400.0,7.1,Yes,0
SHG21374,Odisha,Women SHG,17,35,44.6,68.5,91.91,3579.84,76.1,80.2,31,Yes,2,69.7,0,12270.6,Livestock,19700.0,7.7,Yes,1
SHG21375,Telangana,Women SHG,11,77,21.1,64.9,124.06,7166.84,55.0,59.8,50,Yes,1,64.6,1,19442.23,Emergency/Consumption,13600.0,6.0,Yes,1
SHG21376,Maharashtra,Women SHG,16,50,44.9,37.9,112.4,4672.18,72.2,83.7,45,Yes,0,,0,0.0,Livestock,45800.0,6.6,Yes,1
SHG21377,Andhra Pradesh,Women SHG,10,22,41.1,50.3,115.01,2095.01,84.3,75.2,13,Yes,1,86.6,0,37433.11,Education,43400.0,7.1,Yes,1
SHG21378,Tamil Nadu,Women SHG,18,38,38.9,57.4,75.55,3904.02,70.9,59.3,28,No,2,75.4,0,41501.17,Education,14200.0,6.2,No,1
SHG21379,West Bengal,Women SHG,10,15,35.5,76.9,198.47,2231.24,72.3,60.6,8,Yes,3,95.3,0,4211.67,Education,29200.0,7.2,No,0
SHG21380,Odisha,Women SHG,17,13,35.6,62.3,33.0,386.44,62.3,92.2,9,No,3,90.8,1,31832.75,Small Business,13200.0,5.2,Yes,0
SHG21381,Karnataka,Mixed SHG,12,13,52.3,57.5,59.55,500.43,63.5,71.3,7,Yes,1,57.5,0,27681.55,Emergency/Consumption,41600.0,6.7,No,0
SHG21382,West Bengal,Women SHG,15,29,34.0,74.4,20.6,630.62,77.8,83.1,28,Yes,2,82.4,0,29931.31,Small Business,21700.0,2.9,No,1
SHG21383,Maharashtra,Women SHG,14,48,36.6,72.4,135.32,5484.19,69.1,70.9,41,No,2,73.0,1,23395.56,Livestock,5000.0,6.7,Yes,1
SHG21384,Odisha,Women SHG,17,12,36.4,69.4,23.84,278.71,99.0,62.8,10,Yes,3,85.7,1,9448.18,Livestock,22100.0,4.3,No,1
SHG21385,Bihar,Women SHG,15,14,41.9,74.5,162.49,1848.16,68.7,94.7,9,Yes,2,77.7,1,32838.24,Livestock,37000.0,7.8,Yes,0
SHG21386,Kerala,Women SHG,10,28,50.3,76.8,94.14,1931.59,52.1,50.7,26,Yes,1,92.6,0,7945.71,Education,24300.0,6.0,No,0
SHG21387,Maharashtra,Women SHG,17,16,47.8,61.6,94.03,1797.74,67.0,69.7,14,Yes,0,,0,0.0,Small Business,15100.0,7.2,No,1
SHG21388,Telangana,Women SHG,15,9,36.2,71.9,40.04,381.37,87.3,74.6,6,Yes,1,79.9,1,35276.66,Small Business,14500.0,6.4,Yes,1
SHG21389,Uttar Pradesh,Women SHG,14,38,37.0,64.7,187.44,6505.43,50.2,85.5,33,No,1,80.6,1,13509.71,Small Business,10500.0,5.1,Yes,1
SHG21390,Maharashtra,Women SHG,14,53,35.4,75.8,231.04,12503.01,66.7,77.8,39,Yes,0,,0,0.0,Home Improvement,33700.0,7.3,No,0
SHG21391,Tamil Nadu,Mixed SHG,14,41,47.6,91.9,170.41,6744.83,80.2,49.9,29,Yes,2,38.3,1,14040.07,Agriculture,23700.0,8.4,Yes,1
SHG21392,Bihar,Mixed SHG,10,10,45.0,89.4,102.29,545.25,69.0,84.5,9,Yes,2,74.4,0,33830.65,Livestock,11900.0,5.0,Yes,1
SHG21393,Telangana,Mixed SHG,16,55,33.0,76.6,402.62,25950.79,64.0,72.7,44,Yes,2,96.3,0,5813.93,Emergency/Consumption,18300.0,7.9,No,1
SHG21394,Andhra Pradesh,Women SHG,17,12,28.9,79.1,33.92,467.14,57.2,81.0,10,Yes,0,,0,0.0,Home Improvement,41300.0,6.7,No,0
SHG21395,Tamil Nadu,Mixed SHG,14,18,46.2,83.0,109.27,2270.98,75.5,65.2,12,Yes,2,41.3,0,7339.01,Home Improvement,35300.0,9.2,No,1
SHG21396,Maharashtra,Mixed SHG,15,71,35.6,69.7,223.08,19452.61,28.9,72.8,57,Yes,1,71.6,0,2068.55,Small Business,33200.0,9.5,Yes,1
SHG21397,Odisha,Women SHG,10,12,38.7,61.1,131.51,916.53,54.5,75.2,11,Yes,2,89.9,0,8945.71,Agriculture,42400.0,7.3,Yes,1
SHG21398,Tamil Nadu,Women SHG,15,27,37.7,34.0,81.04,1803.99,81.3,57.6,21,No,1,69.5,0,2507.9,Emergency/Consumption,61000.0,6.9,No,1
SHG21399,West Bengal,Women SHG,16,33,43.5,83.8,101.34,4023.89,95.6,70.5,19,Yes,3,72.3,1,47671.02,Emergency/Consumption,49000.0,7.6,Yes,1
SHG21400,Bihar,Women SHG,15,37,42.6,61.6,103.46,3884.97,94.9,85.3,34,Yes,2,91.4,1,2310.42,Agriculture,27400.0,6.2,Yes,1
SHG21401,Tamil Nadu,Women SHG,15,29,49.6,93.6,278.14,7854.23,82.4,54.4,17,Yes,1,82.8,0,22279.6,Small Business,41600.0,8.2,No,1
SHG21402,West Bengal,Women SHG,11,36,39.3,83.8,57.49,1380.22,82.6,67.4,26,Yes,1,89.0,0,18203.19,Small Business,96700.0,8.9,No,1
SHG21403,Andhra Pradesh,Farmer Producer Group,13,73,43.5,42.1,132.74,9012.42,77.1,76.0,38,Yes,1,41.9,0,1739.15,Livestock,13000.0,6.6,Yes,1
SHG21404,Maharashtra,Mixed SHG,9,15,40.4,38.3,240.82,1810.52,82.3,70.9,10,Yes,1,90.6,0,12169.6,Emergency/Consumption,7100.0,10.0,Yes,1
SHG21405,Odisha,Mixed SHG,13,24,36.5,59.8,188.85,2992.4,72.1,65.8,17,Yes,0,,0,0.0,Small Business,16000.0,6.1,No,0
SHG21406,Tamil Nadu,Women SHG,9,51,51.9,61.3,70.16,1901.46,91.0,92.2,48,Yes,2,89.7,1,12286.36,Livestock,82900.0,7.8,Yes,0
SHG21407,Telangana,Women SHG,17,28,37.2,86.6,149.27,3689.72,52.4,60.8,16,Yes,2,70.2,0,19330.94,Home Improvement,12800.0,2.7,No,1
SHG21408,Kerala,Women SHG,13,17,40.1,66.8,189.11,3036.82,75.8,67.1,11,Yes,1,56.9,0,5305.88,Agriculture,15600.0,6.0,No,1
SHG21409,Odisha,Mixed SHG,10,6,26.7,42.4,150.82,470.4,68.6,77.8,3,Yes,0,,0,0.0,Small Business,25700.0,5.8,Yes,0
SHG21410,West Bengal,Women SHG,11,6,31.5,57.2,216.01,1047.35,95.8,66.5,4,Yes,2,93.5,0,24264.06,Agriculture,44000.0,4.7,Yes,1
SHG21411,Maharashtra,Women SHG,10,23,27.5,37.4,80.53,1183.25,74.6,82.3,12,Yes,1,54.4,1,37.0,Emergency/Consumption,33600.0,8.3,Yes,0
SHG21412,Kerala,Women SHG,15,27,53.9,53.3,247.16,6577.82,54.1,91.7,25,Yes,1,82.1,1,10545.53,Livestock,101400.0,8.2,Yes,1
SHG21413,Maharashtra,Women SHG,12,64,41.0,45.4,115.89,5526.18,55.8,87.1,48,Yes,5,73.5,0,31918.46,Agriculture,18300.0,10.0,Yes,1
SHG21414,Tamil Nadu,Farmer Producer Group,17,16,34.8,75.8,199.01,4103.56,82.0,91.9,11,Yes,2,70.3,1,41271.56,Agriculture,71700.0,5.7,Yes,1
SHG21415,Uttar Pradesh,Women SHG,15,78,35.8,48.0,108.78,6769.38,91.4,68.0,40,Yes,0,,0,0.0,Livestock,33700.0,5.1,Yes,1
SHG21416,Andhra Pradesh,Women SHG,15,32,40.5,82.2,164.96,4748.12,65.8,95.1,21,Yes,1,85.3,1,39456.13,Agriculture,24300.0,5.6,Yes,1
SHG21417,Kerala,Women SHG,16,38,29.6,43.6,189.41,7300.29,79.3,70.0,27,Yes,1,90.1,1,22834.98,Education,32800.0,6.4,Yes,1
SHG21418,Kerala,Farmer Producer Group,13,43,30.5,80.9,217.21,6436.31,61.0,79.7,38,Yes,1,88.7,0,2501.39,Agriculture,25000.0,4.5,Yes,1
SHG21419,Telangana,Women SHG,14,6,29.3,44.1,166.5,772.08,91.4,69.9,5,Yes,1,62.0,1,12595.52,Emergency/Consumption,26400.0,4.8,Yes,0
SHG21420,Karnataka,Mixed SHG,10,39,41.4,54.0,112.63,2716.16,94.5,88.1,28,Yes,1,56.1,0,7180.98,Small Business,49800.0,7.8,No,1
SHG21421,Telangana,Mixed SHG,12,23,41.8,66.6,125.98,2308.15,81.2,66.5,13,Yes,2,84.2,1,4170.09,Agriculture,19300.0,5.9,Yes,1
SHG21422,Telangana,Women SHG,17,40,26.5,58.8,259.99,9846.82,83.0,90.1,21,No,1,87.3,0,30955.8,Emergency/Consumption,7600.0,8.9,No,0
SHG21423,Kerala,Farmer Producer Group,16,19,29.7,76.6,299.04,4608.22,71.9,54.8,11,Yes,0,,0,0.0,Agriculture,7600.0,8.7,No,1
SHG21424,Karnataka,Women SHG,15,14,36.3,35.6,45.56,514.1,39.3,88.8,12,Yes,1,85.4,0,9834.75,Agriculture,108700.0,8.5,Yes,1
SHG21425,Bihar,Women SHG,14,27,24.7,72.2,105.58,3315.79,89.4,65.0,25,No,1,81.3,0,17235.89,Agriculture,38400.0,9.1,No,0
SHG21426,Bihar,Farmer Producer Group,16,6,40.0,77.9,98.45,645.57,73.0,70.8,5,Yes,2,87.5,0,8616.81,Agriculture,11500.0,8.7,Yes,1
SHG21427,Karnataka,Women SHG,14,37,43.3,35.3,311.35,12604.15,70.7,56.5,19,No,0,,0,0.0,Home Improvement,9100.0,6.7,Yes,0
SHG21428,Karnataka,Mixed SHG,19,4,28.6,73.4,125.39,491.01,80.5,80.4,2,Yes,0,,0,0.0,Small Business,17200.0,8.0,Yes,1
SHG21429,Andhra Pradesh,Women SHG,13,37,33.1,37.5,113.11,4112.68,62.8,70.5,27,Yes,0,,0,0.0,Emergency/Consumption,41900.0,7.0,No,0
SHG21430,Karnataka,Women SHG,13,27,27.5,73.6,194.61,5129.9,76.0,88.5,15,No,5,74.3,0,9774.3,Small Business,32200.0,5.1,Yes,0
SHG21431,Karnataka,Women SHG,15,12,38.3,86.1,40.95,420.48,86.5,68.9,11,No,4,72.5,0,31809.7,Agriculture,8000.0,7.6,No,0
SHG21432,Tamil Nadu,Women SHG,12,20,34.8,90.5,64.66,1289.99,45.0,83.9,17,Yes,1,40.9,1,6455.13,Small Business,68400.0,5.5,Yes,0
SHG21433,Bihar,Women SHG,12,74,50.6,46.1,91.91,6586.69,58.7,95.3,56,Yes,2,75.1,1,19910.16,Small Business,67200.0,8.0,No,1
SHG21434,Karnataka,Mixed SHG,14,14,29.3,73.1,158.7,2130.37,80.8,72.2,8,Yes,2,77.2,1,10920.14,Small Business,39500.0,4.4,No,0
SHG21435,Tamil Nadu,Women SHG,10,28,38.3,41.9,134.83,2090.61,83.8,83.0,23,Yes,1,84.4,1,17933.29,Education,14900.0,9.4,No,1
SHG21436,Kerala,Women SHG,9,24,40.2,77.1,111.56,1626.14,43.3,62.9,21,Yes,0,,0,0.0,Agriculture,10900.0,4.6,Yes,0
SHG21437,Odisha,Women SHG,18,17,30.8,85.0,58.16,1347.17,64.6,81.0,14,No,1,91.1,1,26292.75,Emergency/Consumption,20000.0,6.5,Yes,1
SHG21438,Telangana,Women SHG,13,44,35.7,88.5,148.33,5296.74,79.8,64.5,29,Yes,3,42.7,0,24267.53,Small Business,49500.0,7.4,Yes,0
SHG21439,Andhra Pradesh,Women SHG,8,38,25.0,54.7,291.13,4552.12,53.2,82.7,35,Yes,3,87.3,0,28999.02,Small Business,40600.0,8.4,No,0
SHG21440,Telangana,Women SHG,16,29,41.8,66.8,20.0,509.18,53.1,73.6,21,Yes,0,,0,0.0,Agriculture,25000.0,6.0,Yes,0
SHG21441,Uttar Pradesh,Farmer Producer Group,12,54,29.8,69.7,262.19,9330.66,94.2,87.6,28,No,2,50.9,0,1178.49,Emergency/Consumption,71500.0,8.3,No,1
SHG21442,Tamil Nadu,Women SHG,12,41,40.1,72.3,133.33,4551.67,63.0,86.4,24,Yes,2,75.6,0,2970.07,Emergency/Consumption,71900.0,7.8,Yes,1
SHG21443,Karnataka,Mixed SHG,12,33,40.0,33.2,178.57,5275.78,53.7,36.9,29,Yes,1,94.3,2,42795.08,Livestock,40300.0,7.0,No,1
SHG21444,Bihar,Mixed SHG,10,26,35.8,71.3,243.64,4051.55,83.9,73.5,23,Yes,2,72.1,1,3332.36,Education,47500.0,10.0,No,1
SHG21445,Andhra Pradesh,Mixed SHG,11,25,38.4,100.0,85.54,1874.57,56.8,69.0,13,Yes,0,,0,0.0,Small Business,27800.0,7.9,Yes,1
SHG21446,Karnataka,Mixed SHG,13,37,35.6,78.3,83.01,2262.45,69.0,87.3,26,No,1,86.1,0,25541.22,Small Business,29400.0,7.2,No,0
SHG21447,Karnataka,Women SHG,15,12,42.0,25.6,43.98,532.02,61.2,80.1,8,Yes,0,,0,0.0,Small Business,26700.0,5.6,No,1
SHG21448,Telangana,Women SHG,12,28,34.7,53.3,150.48,2652.74,77.4,89.2,22,Yes,3,83.8,0,13274.12,Emergency/Consumption,22000.0,8.7,No,1
SHG21449,Bihar,Women SHG,16,35,29.4,59.4,122.77,4916.72,84.2,96.5,19,Yes,1,59.8,0,44204.76,Livestock,11700.0,9.0,Yes,1
SHG21450,Telangana,Women SHG,13,22,39.1,38.3,68.46,1018.16,67.3,95.9,17,Yes,2,82.3,0,1896.88,Small Business,19900.0,7.9,Yes,0
SHG21451,Karnataka,Women SHG,15,9,39.1,48.4,227.88,2543.09,85.0,70.5,5,Yes,3,95.1,0,41801.17,Small Business,33200.0,3.4,No,0
SHG21452,Tamil Nadu,Women SHG,17,30,28.0,69.0,61.71,2322.74,87.9,57.0,25,Yes,0,,0,0.0,Agriculture,23300.0,9.8,No,0
SHG21453,Karnataka,Women SHG,11,45,39.8,84.2,104.26,3896.87,40.3,73.5,26,Yes,1,94.0,0,2098.12,Small Business,5000.0,8.6,Yes,1
SHG21454,Odisha,Women SHG,20,19,46.9,78.5,52.29,1490.31,51.0,83.7,13,Yes,1,72.7,1,10120.14,Agriculture,15400.0,5.0,Yes,1
SHG21455,Bihar,Women SHG,13,46,43.3,29.3,106.76,4927.85,88.9,75.9,40,Yes,3,94.0,0,12299.11,Small Business,55500.0,7.7,Yes,1
SHG21456,West Bengal,Women SHG,17,86,42.7,52.5,228.87,20735.0,57.3,77.2,66,Yes,0,,0,0.0,Agriculture,15700.0,8.6,Yes,1
SHG21457,West Bengal,Women SHG,10,35,31.0,31.4,503.45,9916.67,69.4,88.3,27,Yes,3,96.5,0,9670.5,Livestock,6000.0,9.8,Yes,1
SHG21458,Uttar Pradesh,Women SHG,15,31,34.6,51.8,87.55,3068.04,98.8,67.2,25,Yes,0,,0,0.0,Emergency/Consumption,20200.0,5.4,No,1
SHG21459,Andhra Pradesh,Women SHG,9,24,47.7,42.3,185.44,2645.31,73.8,56.9,21,Yes,0,,0,0.0,Emergency/Consumption,33400.0,7.1,Yes,1
SHG21460,Telangana,Farmer Producer Group,15,20,35.8,70.9,122.56,2501.03,81.6,89.7,14,No,0,,0,0.0,Home Improvement,35800.0,8.7,Yes,1
SHG21461,Tamil Nadu,Women SHG,16,19,43.7,94.3,85.08,1430.74,80.0,71.2,16,Yes,1,64.1,0,16383.28,Agriculture,26800.0,9.1,No,1
SHG21462,Karnataka,Women SHG,18,36,29.8,39.0,117.21,6089.95,84.5,87.4,28,Yes,1,92.3,0,8197.37,Small Business,24800.0,5.9,No,1
SHG21463,Tamil Nadu,Women SHG,11,14,41.8,67.8,80.77,901.06,48.0,32.3,11,Yes,1,41.6,0,39665.21,Agriculture,30100.0,6.5,No,0
SHG21464,Karnataka,Women SHG,16,19,35.4,74.5,122.81,2628.69,53.3,60.9,12,Yes,3,70.9,1,18829.75,Emergency/Consumption,29500.0,8.5,No,0
SHG21465,Odisha,Mixed SHG,13,49,43.0,29.5,34.59,1564.54,41.0,66.3,33,Yes,1,82.0,0,14592.41,Agriculture,13300.0,5.2,No,0
SHG21466,Andhra Pradesh,Mixed SHG,14,23,24.4,94.9,177.44,3772.79,51.6,57.5,13,Yes,2,95.4,0,14459.11,Livestock,27100.0,6.0,No,1
SHG21467,Tamil Nadu,Mixed SHG,13,21,24.9,80.5,223.94,3713.15,83.0,94.0,19,Yes,0,,0,0.0,Small Business,5000.0,8.3,No,0
SHG21468,Uttar Pradesh,Women SHG,14,37,43.4,63.2,111.93,4647.15,57.5,63.4,19,Yes,2,91.1,0,15382.31,Agriculture,24800.0,6.8,No,1
SHG21469,Andhra Pradesh,Women SHG,16,73,35.5,58.1,95.33,8274.07,67.8,93.3,61,Yes,0,,0,0.0,Agriculture,32300.0,8.4,Yes,1
SHG21470,West Bengal,Mixed SHG,13,35,42.5,81.4,93.86,2818.69,89.0,78.2,32,Yes,2,77.9,0,29379.26,Agriculture,45300.0,5.5,Yes,1
SHG21471,Uttar Pradesh,Farmer Producer Group,13,56,41.7,80.2,136.72,7214.36,55.9,58.0,35,Yes,2,66.0,0,5654.93,Agriculture,26300.0,8.5,Yes,1
SHG21472,Tamil Nadu,Farmer Producer Group,13,4,49.0,64.1,121.97,355.52,60.3,69.9,2,Yes,0,,0,0.0,Small Business,85500.0,7.9,No,0
SHG21473,Uttar Pradesh,Women SHG,14,25,48.1,49.1,96.8,2793.26,85.2,88.5,19,Yes,1,88.8,0,16852.38,Small Business,32000.0,6.5,Yes,1
SHG21474,Karnataka,Women SHG,8,25,47.2,93.7,60.86,783.46,80.0,48.2,16,Yes,4,68.4,0,28602.24,Small Business,12700.0,7.6,Yes,1
SHG21475,Maharashtra,Mixed SHG,18,44,34.9,74.2,113.98,4798.74,82.9,54.6,23,Yes,3,87.8,1,23745.26,Small Business,34500.0,5.4,Yes,0
SHG21476,Tamil Nadu,Mixed SHG,10,21,32.8,91.1,123.07,1516.48,80.1,82.1,12,Yes,2,83.4,0,23625.8,Agriculture,5200.0,6.7,Yes,1
SHG21477,Bihar,Women SHG,18,45,30.9,76.7,120.89,8102.86,81.3,85.5,27,Yes,1,60.2,1,6446.72,Agriculture,65800.0,5.1,Yes,1
SHG21478,West Bengal,Women SHG,8,30,43.2,62.4,26.11,395.35,73.6,62.7,27,Yes,0,,0,0.0,Agriculture,58200.0,5.7,Yes,1
SHG21479,Karnataka,Women SHG,10,44,31.1,53.2,213.78,7605.29,28.3,50.1,28,Yes,1,80.7,0,14863.41,Emergency/Consumption,23200.0,7.4,Yes,1
SHG21480,Andhra Pradesh,Women SHG,10,11,38.4,36.8,151.81,1263.1,90.0,91.2,8,Yes,1,67.5,1,35744.11,Agriculture,20900.0,4.6,Yes,1
SHG21481,Maharashtra,Women SHG,8,16,50.6,65.3,64.2,600.27,64.6,82.8,13,Yes,3,68.9,0,4519.22,Emergency/Consumption,12500.0,7.8,Yes,1
SHG21482,Uttar Pradesh,Women SHG,19,40,48.9,64.3,307.05,17233.27,75.0,53.3,24,Yes,3,43.4,0,6969.72,Small Business,57900.0,4.7,No,1
SHG21483,Kerala,Women SHG,14,77,46.8,50.0,178.51,12252.2,64.4,92.8,60,Yes,2,77.8,2,3809.73,Livestock,6900.0,5.6,Yes,1
SHG21484,Andhra Pradesh,Women SHG,12,38,46.9,51.5,58.79,1650.92,47.1,91.3,24,No,0,,0,0.0,Livestock,67000.0,4.0,Yes,0
SHG21485,Bihar,Women SHG,10,11,39.5,48.5,138.87,1254.06,61.5,57.2,6,Yes,2,84.9,1,4140.69,Home Improvement,34900.0,9.7,Yes,0
SHG21486,Andhra Pradesh,Women SHG,10,106,37.6,71.0,56.15,3032.45,92.9,76.8,58,Yes,2,83.2,0,9162.39,Small Business,35400.0,7.0,Yes,1
SHG21487,Maharashtra,Women SHG,9,11,33.6,62.2,87.85,724.22,65.0,55.9,8,Yes,1,53.6,0,27535.12,Small Business,49400.0,7.0,Yes,1
SHG21488,Karnataka,Mixed SHG,8,29,33.8,62.4,180.52,2474.79,54.4,79.5,26,Yes,2,62.1,2,11411.45,Education,78400.0,5.9,No,1
SHG21489,Karnataka,Women SHG,19,36,45.5,39.3,32.29,1210.74,82.0,81.2,33,Yes,2,72.5,0,7275.77,Education,22000.0,6.8,No,1
SHG21490,Tamil Nadu,Women SHG,11,37,37.2,73.1,75.24,2233.93,90.2,82.7,25,Yes,1,85.6,1,11772.55,Agriculture,61800.0,8.3,Yes,1
SHG21491,Andhra Pradesh,Women SHG,15,40,33.9,33.8,20.0,958.26,83.6,84.4,23,Yes,0,,0,0.0,Small Business,5000.0,7.0,Yes,1
SHG21492,Karnataka,Women SHG,9,13,39.4,70.4,166.46,1301.51,75.5,80.6,10,Yes,2,87.0,0,20043.02,Agriculture,23700.0,4.2,Yes,1
SHG21493,Tamil Nadu,Farmer Producer Group,15,24,31.0,82.5,228.56,6290.37,56.3,98.9,13,No,1,85.2,0,21501.65,Education,20400.0,5.8,Yes,1
SHG21494,Bihar,Women SHG,14,11,40.1,75.6,171.75,1501.07,44.5,72.5,6,Yes,1,88.4,0,4812.81,Agriculture,11900.0,9.2,No,0
SHG21495,West Bengal,Women SHG,13,30,33.0,82.1,88.92,1977.6,94.8,34.7,17,Yes,1,62.5,1,12372.76,Emergency/Consumption,18800.0,6.0,Yes,1
SHG21496,Odisha,Women SHG,11,26,42.2,18.2,134.25,2130.63,53.3,71.5,23,Yes,1,81.1,0,13210.0,Small Business,63900.0,6.9,Yes,0
SHG21497,Telangana,Farmer Producer Group,13,26,46.1,86.5,350.87,8613.98,89.3,74.1,22,Yes,1,81.2,1,27694.26,Agriculture,12500.0,7.9,Yes,1
SHG21498,Kerala,Women SHG,12,33,38.0,58.3,39.44,1263.69,97.7,41.9,30,Yes,0,,0,0.0,Agriculture,21000.0,10.0,No,0
SHG21499,West Bengal,Women SHG,14,30,48.7,63.8,182.75,4962.3,54.0,89.7,16,Yes,3,69.1,0,23747.25,Small Business,18300.0,5.1,No,0
SHG21500,Odisha,Mixed SHG,13,34,35.8,44.3,60.95,2076.81,93.7,89.8,18,No,1,74.2,0,21238.54,Livestock,47000.0,8.7,Yes,1
SHG21501,Bihar,Women SHG,13,19,46.1,53.7,110.78,1796.56,85.6,31.0,12,No,4,71.8,0,7256.09,Emergency/Consumption,35600.0,9.6,Yes,0
SHG21502,Karnataka,Women SHG,9,10,38.0,50.2,120.82,894.06,80.3,74.7,7,Yes,1,72.0,0,3955.27,Small Business,9000.0,7.0,Yes,1
SHG21503,Maharashtra,Women SHG,13,102,45.4,43.4,375.65,30017.46,86.8,88.8,67,Yes,0,,0,0.0,Small Business,43300.0,10.0,Yes,1
SHG21504,Bihar,Women SHG,11,19,28.0,51.3,159.76,2420.79,58.3,60.2,13,Yes,0,,0,0.0,Emergency/Consumption,29600.0,5.0,Yes,1
SHG21505,Tamil Nadu,Mixed SHG,11,47,39.1,36.1,20.0,642.24,67.0,77.2,43,Yes,0,,0,0.0,Small Business,92700.0,8.3,No,0
SHG21506,Maharashtra,Women SHG,14,41,45.2,77.8,209.14,9799.32,72.2,90.8,25,Yes,2,65.2,0,17361.45,Livestock,28100.0,10.0,Yes,1
SHG21507,Karnataka,Women SHG,19,24,39.5,85.7,101.08,2726.87,79.8,77.5,15,Yes,2,76.2,0,11109.58,Agriculture,21800.0,5.5,Yes,0
SHG21508,Andhra Pradesh,Women SHG,11,15,30.4,45.3,331.94,4004.1,68.8,55.2,11,Yes,1,75.8,1,3223.21,Small Business,53700.0,4.7,No,1
SHG21509,Maharashtra,Women SHG,11,31,44.7,63.0,255.06,4427.0,74.7,88.0,27,Yes,0,,0,0.0,Small Business,48200.0,7.9,Yes,1
SHG21510,Telangana,Women SHG,8,58,32.7,63.4,106.94,2820.57,47.6,78.0,48,Yes,3,65.6,0,30586.37,Agriculture,46500.0,7.1,Yes,0
SHG21511,Karnataka,Women SHG,10,27,44.6,65.4,113.17,2031.6,74.5,39.8,24,Yes,2,79.9,0,30203.61,Home Improvement,36300.0,7.3,No,1
SHG21512,Tamil Nadu,Women SHG,15,20,30.9,65.9,23.99,375.93,80.0,64.8,15,Yes,1,36.8,1,12157.24,Emergency/Consumption,9100.0,9.0,Yes,1
SHG21513,Andhra Pradesh,Farmer Producer Group,10,24,38.7,73.2,173.96,2440.0,63.0,80.3,14,Yes,0,,0,0.0,Agriculture,17000.0,4.5,Yes,1
SHG21514,Andhra Pradesh,Women SHG,9,39,37.0,62.7,148.58,3860.27,66.9,90.6,24,Yes,1,80.9,1,12259.3,Agriculture,39100.0,4.7,Yes,1
SHG21515,Kerala,Women SHG,11,40,30.5,60.4,56.44,1561.98,76.2,81.0,30,Yes,2,93.0,0,22566.78,Small Business,15400.0,5.4,Yes,0
SHG21516,Maharashtra,Women SHG,13,37,20.0,55.9,184.47,5531.21,90.8,73.2,25,Yes,1,76.6,0,5434.24,Home Improvement,27400.0,5.9,Yes,1
SHG21517,Tamil Nadu,Women SHG,8,25,40.4,50.5,144.26,1722.4,62.2,92.6,17,Yes,0,,0,0.0,Home Improvement,33500.0,7.0,Yes,0
SHG21518,Tamil Nadu,Farmer Producer Group,14,85,45.3,35.7,107.91,7010.35,84.6,36.2,79,Yes,0,,0,0.0,Education,32900.0,5.9,Yes,1
SHG21519,Tamil Nadu,Women SHG,17,84,26.0,59.9,102.77,9097.3,72.9,79.4,48,Yes,0,,0,0.0,Small Business,5000.0,6.5,Yes,1
SHG21520,Karnataka,Mixed SHG,9,29,37.6,66.3,116.91,2081.5,72.7,61.9,22,Yes,1,74.2,1,33836.56,Small Business,96200.0,8.7,Yes,1
SHG21521,Karnataka,Women SHG,17,25,38.7,55.7,124.79,4192.52,38.9,83.8,22,No,1,59.5,0,12882.27,Agriculture,32300.0,6.0,Yes,1
SHG21522,Tamil Nadu,Women SHG,11,15,32.2,58.6,208.45,1924.54,35.5,71.9,8,Yes,1,88.3,0,13326.67,Agriculture,14500.0,5.6,Yes,1
SHG21523,Uttar Pradesh,Women SHG,16,54,41.4,54.9,57.74,2685.76,47.8,75.8,46,Yes,1,89.0,0,38323.27,Agriculture,17800.0,6.3,Yes,1
SHG21524,Andhra Pradesh,Women SHG,15,29,60.1,32.5,180.14,5829.61,48.3,95.3,21,No,1,98.9,0,3559.71,Small Business,27100.0,7.3,Yes,1
SHG21525,Andhra Pradesh,Women SHG,11,20,42.5,54.6,123.38,2035.55,64.7,76.5,11,Yes,0,,0,0.0,Emergency/Consumption,29000.0,8.0,No,0
SHG21526,West Bengal,Women SHG,13,43,26.6,47.9,47.35,2006.12,81.0,73.7,38,No,0,,0,0.0,Livestock,26600.0,4.9,No,0
SHG21527,Karnataka,Women SHG,11,15,37.4,89.6,136.53,1688.14,54.7,84.5,9,Yes,2,60.1,1,19013.16,Emergency/Consumption,39800.0,7.6,Yes,1
SHG21528,Uttar Pradesh,Women SHG,15,58,28.1,62.1,89.23,6424.66,38.9,93.0,41,Yes,1,80.0,0,6607.26,Emergency/Consumption,65300.0,4.5,Yes,1
SHG21529,Uttar Pradesh,Mixed SHG,15,28,45.4,55.9,49.07,1176.7,76.3,71.3,24,Yes,0,,0,0.0,Agriculture,75600.0,10.0,Yes,0
SHG21530,Tamil Nadu,Farmer Producer Group,12,38,32.0,58.9,141.56,5168.85,81.3,71.4,23,Yes,1,84.5,0,19922.33,Small Business,87600.0,5.4,No,0
SHG21531,West Bengal,Women SHG,14,61,25.5,53.2,67.18,4417.63,93.2,49.3,34,No,2,82.4,0,10279.84,Small Business,117500.0,6.4,Yes,1
SHG21532,Odisha,Farmer Producer Group,18,22,42.7,32.0,80.87,2378.94,50.6,69.2,12,Yes,4,73.5,0,4823.81,Livestock,17600.0,8.5,No,1
SHG21533,Karnataka,Farmer Producer Group,12,8,31.6,79.2,99.74,756.33,65.1,88.3,7,Yes,2,87.9,1,7058.34,Small Business,5800.0,7.0,No,1
SHG21534,Odisha,Farmer Producer Group,8,20,33.8,77.4,80.17,901.64,89.5,90.5,15,Yes,2,70.2,0,18412.3,Small Business,61200.0,6.1,Yes,1
SHG21535,Maharashtra,Women SHG,14,16,35.8,52.9,222.98,3480.26,84.7,85.6,9,Yes,1,68.8,0,6100.25,Livestock,28800.0,9.1,Yes,1
SHG21536,Bihar,Women SHG,9,55,41.6,59.7,111.04,4396.38,52.9,91.6,32,No,1,91.0,1,5140.91,Small Business,13200.0,10.0,No,0
SHG21537,Andhra Pradesh,Women SHG,18,16,36.6,40.9,155.97,3353.5,86.8,59.5,14,Yes,0,,0,0.0,Small Business,28400.0,5.4,Yes,1
SHG21538,Tamil Nadu,Women SHG,10,41,43.9,47.1,197.04,4477.27,73.6,78.1,22,Yes,0,,0,0.0,Agriculture,8800.0,6.2,No,1
SHG21539,Maharashtra,Mixed SHG,16,78,41.9,37.1,235.84,21823.65,70.5,67.8,58,Yes,1,60.8,0,3167.78,Home Improvement,41300.0,6.7,Yes,1
SHG21540,Maharashtra,Women SHG,10,29,28.9,72.7,194.6,2828.83,73.5,79.3,19,Yes,1,83.1,0,13812.72,Home Improvement,54100.0,9.1,No,0
SHG21541,Odisha,Women SHG,13,41,42.9,61.0,181.99,7621.72,52.2,82.1,37,Yes,0,,0,0.0,Livestock,23700.0,6.8,Yes,1
SHG21542,Kerala,Women SHG,9,15,33.4,41.9,262.06,2538.52,79.0,75.5,14,Yes,0,,0,0.0,Small Business,65100.0,9.4,No,0
SHG21543,West Bengal,Women SHG,13,57,47.8,100.0,187.35,7177.56,40.4,83.9,38,Yes,3,76.6,0,2677.66,Agriculture,24500.0,6.9,Yes,1
SHG21544,Andhra Pradesh,Women SHG,11,13,26.3,73.8,85.53,763.04,37.8,91.1,9,Yes,5,94.7,0,15226.36,Small Business,21700.0,6.0,Yes,1
SHG21545,Odisha,Women SHG,8,17,45.3,75.4,262.0,1818.65,87.7,54.7,13,Yes,1,80.0,1,25602.04,Education,35600.0,5.9,No,1
SHG21546,Maharashtra,Women SHG,12,10,30.9,73.7,74.62,725.78,49.9,83.9,9,Yes,0,,0,0.0,Agriculture,15900.0,8.4,Yes,1
SHG21547,Tamil Nadu,Women SHG,10,54,40.6,71.7,87.18,3613.04,59.4,53.9,45,Yes,1,74.8,0,25607.64,Home Improvement,11100.0,10.0,Yes,1
SHG21548,Kerala,Mixed SHG,8,12,35.5,75.8,37.71,241.63,57.0,81.6,11,Yes,2,92.0,1,12315.81,Livestock,20500.0,5.1,No,1
SHG21549,Odisha,Mixed SHG,17,21,43.0,81.0,88.5,1592.95,59.6,73.4,15,Yes,2,87.9,0,5989.85,Home Improvement,7600.0,5.6,Yes,1
SHG21550,Karnataka,Women SHG,16,30,40.2,77.8,176.22,6303.0,47.2,70.7,23,Yes,2,98.9,0,15964.43,Small Business,17900.0,4.5,No,0
SHG21551,Kerala,Women SHG,12,54,30.6,61.9,35.19,1858.56,50.6,49.4,50,Yes,2,87.1,1,2289.65,Education,23500.0,5.4,Yes,0
SHG21552,Kerala,Women SHG,13,14,36.9,73.7,103.34,1005.15,48.3,83.2,10,Yes,1,83.5,1,8516.07,Livestock,40200.0,8.2,Yes,1
SHG21553,Kerala,Farmer Producer Group,14,10,46.1,95.6,234.58,1954.29,96.1,82.1,7,Yes,4,98.0,0,6779.67,Livestock,53100.0,4.8,Yes,1
SHG21554,Maharashtra,Women SHG,10,87,32.4,83.9,211.89,13004.29,64.1,64.8,74,Yes,2,74.7,0,10303.47,Small Business,20100.0,7.7,Yes,1
SHG21555,Maharashtra,Women SHG,13,34,35.1,36.9,39.98,985.06,86.0,85.3,20,Yes,1,62.9,0,3294.68,Home Improvement,34400.0,6.8,Yes,1
SHG21556,Bihar,Mixed SHG,15,44,47.7,89.4,62.83,2753.77,84.3,71.6,23,Yes,0,,0,0.0,Agriculture,49700.0,4.5,Yes,0
SHG21557,Uttar Pradesh,Women SHG,12,82,38.4,61.7,167.38,11644.42,87.4,71.0,50,Yes,1,78.0,1,15737.53,Livestock,33800.0,5.6,No,1
SHG21558,Maharashtra,Women SHG,16,25,33.2,60.3,65.07,1492.46,51.5,79.6,22,Yes,1,40.5,1,8997.16,Emergency/Consumption,15100.0,6.4,Yes,1
SHG21559,Tamil Nadu,Women SHG,11,15,41.5,59.9,290.79,2531.29,69.5,94.2,8,Yes,0,,0,0.0,Agriculture,5900.0,7.0,No,0
SHG21560,Kerala,Women SHG,11,57,43.7,61.7,44.57,1810.08,83.2,70.7,53,Yes,1,63.3,0,11221.02,Emergency/Consumption,55100.0,6.1,Yes,1
SHG21561,Bihar,Women SHG,12,35,32.2,51.6,118.6,2683.93,67.1,91.2,30,Yes,0,,0,0.0,Livestock,34500.0,7.5,Yes,0
SHG21562,Uttar Pradesh,Women SHG,13,4,36.3,37.7,208.1,806.19,59.2,79.8,4,Yes,0,,0,0.0,Small Business,13700.0,6.4,Yes,1
SHG21563,Maharashtra,Farmer Producer Group,11,16,46.4,53.3,26.16,355.66,73.6,93.2,14,Yes,1,87.5,0,12636.06,Education,13100.0,5.4,Yes,1
SHG21564,Telangana,Women SHG,18,65,47.4,57.1,211.56,16988.65,71.1,75.2,56,Yes,1,74.9,0,14328.87,Livestock,13900.0,6.2,No,1
SHG21565,Andhra Pradesh,Women SHG,13,49,36.8,65.0,143.04,5997.13,58.0,86.8,32,Yes,2,95.9,0,8300.95,Emergency/Consumption,6300.0,7.2,Yes,1
SHG21566,Telangana,Women SHG,17,37,36.0,24.7,104.12,5113.81,76.5,84.1,21,Yes,2,85.6,0,3518.53,Small Business,16300.0,6.4,Yes,1
SHG21567,West Bengal,Women SHG,13,29,32.9,47.9,99.46,2547.33,96.9,77.2,19,Yes,1,63.0,1,26587.49,Agriculture,51200.0,8.9,No,1
SHG21568,Telangana,Women SHG,12,18,47.3,67.2,55.44,936.5,70.5,92.3,11,Yes,0,,0,0.0,Home Improvement,16300.0,6.1,Yes,1
SHG21569,Tamil Nadu,Farmer Producer Group,19,21,21.0,60.8,29.65,800.55,65.5,83.0,19,Yes,2,51.1,1,6696.08,Home Improvement,28300.0,7.8,No,1
SHG21570,Karnataka,Women SHG,17,28,39.0,60.5,236.99,8405.54,89.3,81.2,25,Yes,2,58.1,1,4767.86,Education,18000.0,6.2,Yes,1
SHG21571,Maharashtra,Mixed SHG,15,3,31.8,60.9,62.93,226.72,67.8,79.8,2,Yes,0,,0,0.0,Small Business,33700.0,6.0,Yes,0
SHG21572,Andhra Pradesh,Women SHG,20,51,38.3,62.5,469.0,31979.58,46.0,85.1,42,No,5,93.2,1,9987.5,Livestock,9100.0,9.5,No,1
SHG21573,Tamil Nadu,Women SHG,16,13,45.8,53.7,113.37,1183.32,82.5,70.5,12,Yes,1,45.0,1,12640.5,Livestock,41000.0,6.7,Yes,1
SHG21574,Karnataka,Women SHG,8,26,40.0,62.8,46.34,694.15,57.9,87.4,14,Yes,2,85.9,1,52451.85,Agriculture,35900.0,9.4,Yes,1
SHG21575,Maharashtra,Women SHG,10,24,29.6,80.6,56.53,1102.05,82.3,85.5,19,Yes,0,,0,0.0,Livestock,13600.0,7.6,Yes,1
SHG21576,Tamil Nadu,Farmer Producer Group,12,31,30.1,70.3,54.08,1326.48,64.1,87.8,29,No,1,78.5,2,18353.44,Small Business,24700.0,5.8,Yes,0
SHG21577,Tamil Nadu,Mixed SHG,12,39,31.2,71.2,61.65,2332.41,54.0,91.9,24,Yes,3,90.3,1,3188.89,Small Business,5000.0,6.5,Yes,1
SHG21578,Odisha,Women SHG,12,16,32.7,96.3,264.54,2561.7,54.2,80.4,11,Yes,1,61.3,0,43476.61,Livestock,9600.0,9.5,Yes,1
SHG21579,Maharashtra,Women SHG,10,16,21.9,64.6,92.6,1084.16,57.9,89.5,10,Yes,2,65.7,0,16391.44,Small Business,19600.0,8.4,Yes,1
SHG21580,West Bengal,Women SHG,20,42,38.1,81.3,230.93,14375.95,52.4,56.0,22,Yes,0,,0,0.0,Small Business,14600.0,7.1,Yes,1
SHG21581,Andhra Pradesh,Women SHG,10,35,38.8,59.3,60.86,1707.14,74.1,69.4,24,Yes,2,70.5,0,11801.81,Agriculture,14200.0,6.5,No,1
SHG21582,Tamil Nadu,Women SHG,10,19,43.4,75.3,155.27,1861.85,88.0,88.7,14,Yes,4,60.3,1,18176.55,Small Business,26000.0,8.2,Yes,1
SHG21583,Uttar Pradesh,Women SHG,15,9,26.5,61.1,56.09,576.92,52.5,72.0,5,Yes,2,59.5,0,6307.1,Livestock,11000.0,3.3,Yes,0
SHG21584,West Bengal,Women SHG,18,11,47.5,81.1,70.01,901.2,74.1,60.0,6,Yes,0,,0,0.0,Small Business,25600.0,4.6,Yes,0
SHG21585,Karnataka,Women SHG,14,24,40.7,24.6,163.05,4411.3,74.3,92.6,19,Yes,1,63.0,0,4569.37,Emergency/Consumption,60900.0,6.3,Yes,1
SHG21586,Tamil Nadu,Women SHG,13,36,46.9,83.0,71.6,1813.81,44.0,96.0,21,Yes,0,,0,0.0,Small Business,10300.0,8.0,No,1
SHG21587,Maharashtra,Farmer Producer Group,18,7,34.7,43.9,210.62,2126.61,82.0,50.0,4,Yes,1,63.4,1,4192.67,Home Improvement,8500.0,4.8,Yes,1
SHG21588,Kerala,Women SHG,14,29,36.8,46.0,145.23,4607.07,68.2,94.0,27,Yes,1,51.6,0,13130.49,Livestock,60700.0,5.2,Yes,1
SHG21589,Bihar,Farmer Producer Group,10,43,28.5,28.5,175.94,4454.67,47.9,54.8,38,Yes,0,,0,0.0,Emergency/Consumption,40000.0,7.4,Yes,1
SHG21590,Maharashtra,Women SHG,12,33,29.5,97.4,155.81,4060.31,70.7,83.4,21,No,2,77.5,0,11530.67,Home Improvement,31700.0,7.4,Yes,1
SHG21591,Bihar,Women SHG,16,42,39.3,93.4,62.39,3023.7,85.7,72.2,36,Yes,1,79.8,0,21759.27,Emergency/Consumption,9100.0,6.7,No,1
SHG21592,West Bengal,Women SHG,13,40,39.1,83.9,77.25,2595.3,61.1,72.0,27,Yes,2,96.0,0,12935.19,Agriculture,18500.0,4.0,Yes,1
SHG21593,Bihar,Farmer Producer Group,17,55,34.9,79.2,215.54,13156.97,95.1,49.1,42,Yes,2,77.2,0,9265.12,Livestock,29100.0,3.3,Yes,1
SHG21594,Karnataka,Women SHG,12,65,49.2,77.9,44.81,1947.9,61.4,74.5,47,Yes,1,92.0,0,22742.04,Small Business,41900.0,7.3,No,0
SHG21595,Uttar Pradesh,Mixed SHG,15,29,24.9,54.8,148.08,5206.93,71.4,37.8,23,Yes,0,,0,0.0,Agriculture,14100.0,4.4,Yes,1
SHG21596,Kerala,Women SHG,11,26,32.8,92.0,20.0,447.73,58.1,63.0,24,Yes,1,54.2,0,12949.96,Emergency/Consumption,14300.0,7.4,No,1
SHG21597,Odisha,Farmer Producer Group,14,28,37.2,72.9,93.64,2978.6,87.4,82.3,20,Yes,1,90.4,0,4060.52,Agriculture,16100.0,5.1,Yes,1
SHG21598,Telangana,Women SHG,13,27,36.2,61.6,129.7,2941.65,73.4,91.2,20,Yes,4,86.8,0,23095.31,Small Business,29100.0,7.3,Yes,1
SHG21599,Uttar Pradesh,Women SHG,16,27,38.7,44.6,126.53,4356.63,40.5,45.7,21,Yes,4,78.2,0,14425.95,Livestock,24000.0,5.5,No,1
SHG21600,Andhra Pradesh,Women SHG,15,17,30.2,48.1,262.68,5054.98,71.8,86.8,11,No,2,63.8,1,17702.14,Emergency/Consumption,39100.0,9.1,Yes,1
SHG21601,Bihar,Women SHG,14,7,35.3,57.4,57.39,397.38,78.6,77.7,4,Yes,2,85.0,0,5764.18,Home Improvement,36300.0,6.5,Yes,1
SHG21602,Karnataka,Women SHG,16,22,30.2,59.8,207.68,4434.83,87.6,93.5,14,Yes,4,78.3,0,3268.53,Agriculture,30700.0,6.8,No,1
SHG21603,Tamil Nadu,Women SHG,12,5,31.0,69.2,82.11,276.99,58.3,11.0,4,Yes,0,,0,0.0,Small Business,7400.0,8.3,No,0
SHG21604,Karnataka,Women SHG,12,52,28.2,65.9,138.04,5121.23,71.9,75.7,33,Yes,2,53.7,0,8277.88,Livestock,32500.0,7.2,Yes,0
SHG21605,Karnataka,Women SHG,11,14,33.6,57.9,222.54,2365.2,60.0,91.3,10,No,4,85.6,0,8979.46,Education,81700.0,6.6,Yes,1
SHG21606,Kerala,Women SHG,11,74,34.7,78.5,44.4,2652.17,82.6,91.1,45,Yes,4,55.3,1,14888.96,Emergency/Consumption,33900.0,4.2,No,1
SHG21607,Uttar Pradesh,Women SHG,10,29,33.8,78.5,79.07,1403.97,57.3,75.7,17,Yes,0,,0,0.0,Livestock,8500.0,9.2,No,1
SHG21608,Maharashtra,Mixed SHG,17,8,40.6,55.6,183.49,1407.83,73.6,93.8,7,Yes,0,,0,0.0,Small Business,41500.0,6.1,Yes,1
SHG21609,Tamil Nadu,Women SHG,14,8,45.3,69.6,53.28,313.77,51.8,48.1,4,Yes,0,,0,0.0,Livestock,32000.0,6.0,Yes,1
SHG21610,Telangana,Women SHG,16,23,42.0,53.4,59.22,1501.44,42.8,72.1,21,Yes,0,,0,0.0,Agriculture,36200.0,6.0,Yes,1
SHG21611,Uttar Pradesh,Women SHG,10,17,40.9,58.7,224.24,2771.45,36.7,59.9,11,Yes,3,72.0,0,12259.19,Home Improvement,90000.0,8.0,Yes,1
SHG21612,Tamil Nadu,Women SHG,8,8,48.5,63.5,68.76,274.49,70.9,92.4,5,Yes,0,,0,0.0,Small Business,34000.0,7.6,Yes,1
SHG21613,West Bengal,Women SHG,12,52,45.6,50.2,265.04,10187.27,94.9,93.3,42,Yes,3,91.9,0,20440.56,Livestock,46900.0,8.1,No,1
SHG21614,Tamil Nadu,Mixed SHG,10,33,40.5,63.9,166.45,4245.52,32.3,94.6,23,Yes,2,78.5,0,4903.14,Education,16400.0,7.4,Yes,1
SHG21615,Bihar,Women SHG,16,24,41.1,81.7,125.14,2896.65,86.6,50.1,16,Yes,2,85.2,0,18067.22,Small Business,22200.0,7.9,Yes,1
SHG21616,Uttar Pradesh,Women SHG,14,18,23.4,45.1,96.23,1532.94,79.3,75.9,10,Yes,1,86.9,1,10341.18,Small Business,26100.0,6.9,No,1
SHG21617,Uttar Pradesh,Women SHG,13,27,27.1,90.6,460.75,12190.75,46.4,77.8,17,No,2,83.4,1,5575.15,Emergency/Consumption,38800.0,7.8,No,1
SHG21618,Bihar,Women SHG,12,25,20.0,79.3,96.36,2016.73,38.0,89.0,21,Yes,2,89.2,0,22336.38,Small Business,13400.0,6.4,No,1
SHG21619,Karnataka,Mixed SHG,12,16,47.3,80.5,128.97,1941.52,83.2,74.2,11,Yes,0,,0,0.0,Livestock,36700.0,6.2,Yes,1
SHG21620,West Bengal,Women SHG,13,12,30.4,66.4,230.57,2185.87,81.0,51.4,8,Yes,2,78.7,0,16760.91,Agriculture,38400.0,6.6,No,1
SHG21621,Tamil Nadu,Women SHG,10,29,43.5,62.1,114.76,1941.66,90.1,81.6,18,Yes,1,76.0,0,4645.51,Small Business,28800.0,3.1,No,1
SHG21622,Tamil Nadu,Women SHG,16,83,26.2,77.9,71.02,7180.64,74.0,80.0,52,Yes,1,87.7,0,426.95,Small Business,33700.0,9.5,Yes,1
SHG21623,Karnataka,Women SHG,11,14,55.4,37.7,64.81,781.06,90.9,92.2,12,Yes,0,,0,0.0,Agriculture,28000.0,7.2,No,0
SHG21624,Maharashtra,Women SHG,12,55,35.3,89.3,116.56,4300.66,82.8,73.7,36,Yes,0,,0,0.0,Small Business,36700.0,8.4,Yes,1
SHG21625,Bihar,Women SHG,12,51,28.1,55.8,175.28,8290.2,72.5,76.3,46,Yes,1,92.9,0,11714.62,Agriculture,11200.0,7.0,Yes,1
SHG21626,Maharashtra,Women SHG,14,11,50.7,84.7,197.15,1629.77,52.2,81.0,7,Yes,2,44.0,0,50600.62,Home Improvement,30300.0,6.1,No,1
SHG21627,Bihar,Women SHG,17,15,35.6,84.9,126.82,2378.51,81.2,54.6,10,Yes,3,72.3,0,14177.19,Agriculture,53000.0,6.2,No,1
SHG21628,Tamil Nadu,Women SHG,10,25,32.9,49.2,50.18,824.45,97.6,94.2,20,No,0,,0,0.0,Livestock,19600.0,6.3,No,0
SHG21629,Odisha,Farmer Producer Group,13,10,37.1,75.0,20.0,214.61,84.9,68.3,6,Yes,1,67.9,0,16507.13,Home Improvement,28400.0,6.9,No,0
SHG21630,Kerala,Mixed SHG,14,36,38.0,55.2,170.02,4607.03,84.0,88.6,18,Yes,0,,0,0.0,Small Business,35700.0,4.7,Yes,1
SHG21631,Karnataka,Mixed SHG,12,29,32.0,46.7,186.63,3346.24,72.7,84.7,19,Yes,0,,0,0.0,Small Business,5000.0,6.0,Yes,1
SHG21632,Andhra Pradesh,Women SHG,12,16,40.4,45.0,85.14,1129.53,45.7,83.0,9,No,1,93.3,1,7911.98,Small Business,21100.0,6.8,Yes,1
SHG21633,Tamil Nadu,Women SHG,16,17,33.2,37.9,103.2,2181.55,61.5,59.0,11,Yes,1,95.5,0,2943.7,Emergency/Consumption,20300.0,7.6,No,1
SHG21634,Tamil Nadu,Women SHG,19,10,21.8,77.3,89.22,897.1,42.3,93.4,6,Yes,0,,0,0.0,Small Business,20300.0,8.1,Yes,0
SHG21635,Andhra Pradesh,Women SHG,15,12,27.0,74.0,53.77,655.5,90.6,74.6,9,Yes,0,,0,0.0,Small Business,9300.0,8.2,Yes,1
SHG21636,Andhra Pradesh,Women SHG,11,7,33.0,77.7,167.36,1070.91,55.0,88.8,6,Yes,2,78.5,2,18897.84,Home Improvement,30200.0,8.1,Yes,1
SHG21637,Telangana,Women SHG,12,11,39.5,64.9,150.48,1487.34,62.2,82.0,8,Yes,0,,0,0.0,Agriculture,40400.0,8.1,Yes,1
SHG21638,Maharashtra,Women SHG,10,67,32.6,67.6,20.0,851.27,93.9,94.8,35,Yes,1,54.8,0,1095.01,Small Business,62900.0,8.0,No,1
SHG21639,Tamil Nadu,Women SHG,17,9,39.6,73.0,47.73,395.01,86.7,61.3,9,Yes,2,52.4,0,19247.91,Small Business,18100.0,7.7,No,1
SHG21640,Karnataka,Women SHG,11,25,54.0,74.4,48.34,969.03,71.0,78.1,14,Yes,1,65.7,2,8990.44,Education,25700.0,5.0,Yes,0
SHG21641,Bihar,Women SHG,11,71,41.4,51.1,20.0,998.4,72.8,46.3,61,Yes,1,84.1,1,4342.01,Agriculture,5000.0,5.4,Yes,1
SHG21642,Tamil Nadu,Mixed SHG,15,44,35.9,55.3,49.13,2077.75,60.3,83.5,40,Yes,0,,0,0.0,Agriculture,16600.0,7.9,No,0
SHG21643,Maharashtra,Mixed SHG,14,30,34.7,63.5,96.72,2420.61,58.4,95.2,17,Yes,2,80.0,0,12258.82,Education,29800.0,6.9,Yes,1
SHG21644,Bihar,Women SHG,11,33,32.7,59.6,86.52,2212.42,77.8,75.8,30,Yes,1,76.4,0,6605.05,Livestock,30600.0,7.4,Yes,1
SHG21645,Bihar,Women SHG,12,48,26.8,62.2,232.66,7434.96,58.6,61.4,30,Yes,4,85.1,0,20555.28,Small Business,16200.0,10.0,Yes,1
SHG21646,Bihar,Women SHG,17,56,37.8,68.7,59.34,4388.54,94.8,91.8,36,Yes,2,84.2,2,14880.91,Livestock,5000.0,6.6,Yes,1
SHG21647,Tamil Nadu,Mixed SHG,9,57,53.0,73.7,61.05,2249.73,65.0,87.9,40,Yes,3,78.4,1,37587.84,Livestock,48500.0,5.6,Yes,1
SHG21648,Karnataka,Women SHG,11,22,41.5,64.3,27.96,444.32,80.8,85.3,19,Yes,1,73.4,1,4221.16,Livestock,5000.0,6.3,No,0
SHG21649,Karnataka,Women SHG,11,18,51.1,93.0,123.81,1984.0,59.5,57.0,17,Yes,1,73.1,0,32949.51,Agriculture,12400.0,7.8,Yes,1
SHG21650,Kerala,Women SHG,17,60,45.8,88.0,208.97,13802.86,79.6,49.1,41,Yes,2,80.3,0,17150.64,Small Business,22700.0,6.8,Yes,1
SHG21651,Karnataka,Women SHG,14,4,46.2,57.4,111.41,433.07,57.1,93.2,3,Yes,0,,0,0.0,Small Business,35900.0,5.0,Yes,1
SHG21652,Karnataka,Women SHG,18,72,38.1,10.0,25.14,1839.34,29.5,95.4,43,Yes,1,79.1,0,30717.4,Emergency/Consumption,30000.0,6.7,No,0
SHG21653,Bihar,Women SHG,8,59,45.9,43.3,68.6,2631.82,73.8,79.0,42,Yes,1,69.6,0,16919.32,Emergency/Consumption,14800.0,6.9,Yes,1
SHG21654,Bihar,Women SHG,14,11,39.0,50.2,187.88,2120.48,81.3,49.3,7,No,0,,0,0.0,Small Business,49200.0,5.3,Yes,0
SHG21655,Tamil Nadu,Women SHG,13,9,36.3,31.0,40.04,305.11,77.6,74.0,5,Yes,0,,0,0.0,Small Business,20800.0,7.3,Yes,0
SHG21656,Uttar Pradesh,Women SHG,10,87,41.6,56.6,169.29,9565.87,66.7,91.0,50,No,0,,0,0.0,Emergency/Consumption,15600.0,6.8,Yes,1
SHG21657,Karnataka,Women SHG,15,28,38.1,56.7,20.0,660.98,80.7,67.2,16,Yes,1,39.8,1,31026.86,Home Improvement,32200.0,7.9,Yes,0
SHG21658,Uttar Pradesh,Mixed SHG,10,14,29.5,67.1,93.62,685.35,97.5,84.6,7,Yes,1,88.2,1,44358.34,Small Business,11700.0,9.1,Yes,0
SHG21659,Kerala,Women SHG,18,27,43.5,63.5,105.32,3917.65,67.6,82.7,15,Yes,1,73.3,1,21014.34,Agriculture,66200.0,7.1,No,0
SHG21660,Tamil Nadu,Women SHG,16,49,43.7,90.7,59.07,2397.94,68.3,85.6,26,Yes,1,80.4,1,6333.36,Small Business,68000.0,5.1,Yes,0
SHG21661,Odisha,Women SHG,19,4,29.1,64.3,114.23,718.13,49.9,87.7,3,Yes,0,,0,0.0,Livestock,33500.0,4.7,Yes,0
SHG21662,Andhra Pradesh,Women SHG,14,41,25.0,48.6,26.96,963.71,79.2,69.5,23,Yes,2,63.7,0,24323.58,Livestock,27400.0,6.8,Yes,1
SHG21663,Maharashtra,Mixed SHG,8,43,23.0,62.3,101.02,2459.17,74.7,70.4,29,Yes,2,50.8,0,8007.11,Emergency/Consumption,37800.0,6.6,Yes,1
SHG21664,West Bengal,Women SHG,13,35,47.6,74.8,97.24,3069.82,69.4,88.5,18,Yes,3,79.9,0,10507.78,Livestock,5000.0,5.6,Yes,1
SHG21665,Telangana,Women SHG,18,15,33.8,100.0,241.63,3983.0,77.2,77.0,13,Yes,2,79.8,0,24537.46,Small Business,44700.0,9.1,Yes,1
SHG21666,Uttar Pradesh,Women SHG,15,25,28.5,61.7,60.94,1499.5,71.2,83.0,16,Yes,1,88.1,1,14399.74,Home Improvement,36000.0,6.1,Yes,0
SHG21667,Uttar Pradesh,Women SHG,13,7,45.3,60.2,176.96,958.77,60.4,57.3,5,Yes,1,90.0,0,13879.3,Small Business,18200.0,8.4,No,1
SHG21668,Kerala,Women SHG,14,23,28.3,67.7,145.88,3582.21,65.1,74.6,13,Yes,0,,0,0.0,Home Improvement,20200.0,5.9,Yes,1
SHG21669,West Bengal,Women SHG,14,33,36.7,81.0,162.12,5258.75,83.1,43.7,18,No,1,83.9,0,10204.29,Home Improvement,41400.0,8.1,Yes,1
SHG21670,West Bengal,Women SHG,12,18,30.4,100.0,236.47,4234.01,64.7,59.4,16,Yes,1,89.9,1,66625.67,Emergency/Consumption,46400.0,6.1,No,1
SHG21671,West Bengal,Women SHG,15,26,36.1,63.7,164.15,5139.33,53.8,70.8,24,Yes,0,,0,0.0,Livestock,72100.0,5.6,Yes,1
SHG21672,Bihar,Mixed SHG,16,40,31.4,49.1,99.5,5284.79,52.5,67.7,35,Yes,0,,0,0.0,Agriculture,5000.0,8.4,No,1
SHG21673,Telangana,Women SHG,12,82,38.5,65.9,46.1,2304.95,54.9,82.8,74,Yes,1,42.4,3,4826.15,Home Improvement,18600.0,6.9,No,0
SHG21674,Karnataka,Women SHG,9,26,38.9,44.7,126.62,1521.34,80.7,58.4,14,Yes,1,93.0,1,6206.22,Agriculture,26800.0,6.1,Yes,1
SHG21675,West Bengal,Women SHG,9,51,36.7,89.1,60.31,1498.69,67.6,77.9,26,Yes,0,,0,0.0,Small Business,14600.0,8.1,Yes,1
SHG21676,Maharashtra,Women SHG,8,42,28.6,59.7,69.22,1695.43,68.4,56.1,38,Yes,0,,0,0.0,Agriculture,36000.0,7.5,No,0
SHG21677,Uttar Pradesh,Mixed SHG,15,19,29.5,72.9,52.62,1019.88,92.8,74.1,17,No,1,83.2,0,17636.12,Home Improvement,5000.0,4.8,No,1
SHG21678,Telangana,Women SHG,10,5,29.9,53.5,129.94,452.27,92.8,64.1,3,No,0,,0,0.0,Emergency/Consumption,39400.0,6.1,Yes,0
SHG21679,Maharashtra,Women SHG,14,27,41.3,65.0,75.1,1839.99,36.9,56.8,24,No,4,74.8,1,17653.05,Livestock,21500.0,4.9,No,0
SHG21680,Bihar,Women SHG,9,9,42.7,62.5,197.75,1155.35,88.9,65.9,8,Yes,0,,0,0.0,Livestock,35000.0,8.4,No,1
SHG21681,Andhra Pradesh,Mixed SHG,8,21,37.5,58.1,274.83,2318.13,30.8,73.9,16,Yes,2,77.7,0,6529.9,Small Business,37000.0,6.8,Yes,1
SHG21682,Karnataka,Farmer Producer Group,18,16,27.2,67.1,255.74,4088.09,70.2,96.5,11,Yes,1,74.7,2,43870.53,Small Business,35600.0,6.2,Yes,0
SHG21683,Andhra Pradesh,Women SHG,11,32,30.3,16.6,136.95,2808.56,70.5,82.5,28,Yes,2,79.2,0,18069.1,Small Business,24500.0,5.3,Yes,1
SHG21684,Odisha,Women SHG,12,54,38.0,59.9,65.49,3131.37,69.9,72.3,48,Yes,1,83.3,0,45019.04,Emergency/Consumption,26400.0,9.9,Yes,0
SHG21685,Telangana,Women SHG,16,4,35.7,46.3,91.67,387.8,67.3,69.0,3,Yes,0,,0,0.0,Small Business,22100.0,7.8,No,0
SHG21686,Bihar,Women SHG,12,12,39.7,65.5,109.8,1110.56,57.6,93.4,11,Yes,2,82.7,0,37865.99,Small Business,10300.0,7.0,Yes,1
SHG21687,Maharashtra,Women SHG,14,46,31.1,70.5,28.0,1251.57,40.3,96.8,32,Yes,0,,0,0.0,Livestock,46000.0,7.5,Yes,1
SHG21688,Andhra Pradesh,Women SHG,15,61,44.0,50.2,123.81,7710.09,82.6,88.2,44,Yes,1,81.0,0,14808.03,Agriculture,5000.0,5.9,Yes,1
SHG21689,Tamil Nadu,Women SHG,12,21,37.4,72.2,92.85,1416.94,61.5,74.9,12,Yes,1,82.7,0,16938.16,Home Improvement,12800.0,8.4,Yes,1
SHG21690,Karnataka,Mixed SHG,14,26,43.3,38.7,97.98,2184.0,77.0,79.0,22,Yes,3,97.4,1,36044.77,Small Business,21000.0,7.7,No,1
SHG21691,Telangana,Women SHG,13,19,25.6,79.4,87.11,1179.6,62.6,94.7,14,Yes,1,79.9,0,573.4,Agriculture,38400.0,8.3,Yes,1
SHG21692,Odisha,Women SHG,11,120,27.1,66.6,98.79,9858.48,76.9,86.3,92,No,1,31.8,0,5527.43,Agriculture,16800.0,6.2,No,0
SHG21693,Tamil Nadu,Farmer Producer Group,13,10,47.4,53.6,57.1,603.41,98.5,62.9,6,Yes,3,90.7,0,25663.0,Education,21100.0,3.9,Yes,0
SHG21694,Andhra Pradesh,Women SHG,15,6,32.3,26.8,255.36,1150.36,86.8,42.1,4,Yes,1,78.6,1,39351.44,Livestock,137200.0,10.0,Yes,1
SHG21695,Telangana,Women SHG,14,14,26.2,59.4,208.75,2769.71,67.4,68.8,9,Yes,4,74.3,0,35680.84,Agriculture,11800.0,9.0,Yes,1
SHG21696,Bihar,Farmer Producer Group,11,41,29.0,83.7,124.23,4529.65,88.6,99.0,33,No,2,62.8,1,4069.34,Small Business,32500.0,6.7,No,1
SHG21697,West Bengal,Women SHG,14,15,27.0,85.2,473.2,6508.36,82.2,86.4,11,Yes,3,74.3,0,9183.85,Small Business,31100.0,6.8,Yes,1
SHG21698,Telangana,Women SHG,10,27,32.5,66.7,55.61,1186.49,88.2,32.2,16,No,0,,0,0.0,Emergency/Consumption,51000.0,6.8,No,0
SHG21699,Andhra Pradesh,Women SHG,12,22,23.1,93.4,656.94,12266.5,51.2,71.2,13,No,0,,0,0.0,Agriculture,41600.0,5.7,No,1
SHG21700,Karnataka,Women SHG,17,8,42.1,48.7,27.73,208.4,67.0,64.8,6,Yes,1,93.2,0,14149.53,Livestock,26300.0,7.3,Yes,1
SHG21701,Kerala,Women SHG,11,10,50.2,36.4,125.27,912.09,67.4,69.7,6,Yes,1,71.3,0,3060.38,Emergency/Consumption,15900.0,8.8,Yes,1
SHG21702,Andhra Pradesh,Women SHG,8,20,38.1,51.3,70.7,699.91,91.1,88.3,15,Yes,2,86.9,0,6325.69,Emergency/Consumption,25000.0,8.0,No,1
SHG21703,Tamil Nadu,Mixed SHG,13,41,43.0,75.2,63.41,1953.29,61.6,69.5,35,No,3,82.7,0,18070.61,Agriculture,15200.0,7.6,Yes,1
SHG21704,Maharashtra,Women SHG,11,26,51.2,43.5,40.75,799.23,44.2,84.6,15,Yes,0,,0,0.0,Agriculture,36200.0,6.0,No,0
SHG21705,West Bengal,Farmer Producer Group,13,14,35.3,64.6,123.8,1253.67,77.8,77.4,11,Yes,1,82.6,0,7887.14,Agriculture,16900.0,7.1,Yes,1
SHG21706,Karnataka,Women SHG,15,24,25.2,38.9,66.15,1560.36,58.4,80.3,21,Yes,3,85.8,0,24015.46,Small Business,38900.0,4.9,No,1
SHG21707,Bihar,Women SHG,13,20,44.2,44.2,52.87,1039.63,64.9,51.3,16,Yes,1,89.9,0,9926.29,Small Business,33700.0,5.2,No,1
SHG21708,Tamil Nadu,Women SHG,18,48,40.5,77.4,141.74,8263.07,65.9,78.2,39,Yes,2,90.6,1,6629.39,Agriculture,55100.0,7.9,Yes,1
SHG21709,Uttar Pradesh,Mixed SHG,12,6,51.8,37.5,80.56,379.62,87.1,35.9,3,Yes,2,72.6,0,2097.3,Small Business,9000.0,8.0,Yes,1
SHG21710,Tamil Nadu,Women SHG,11,22,43.0,61.0,199.25,3705.95,73.6,89.6,20,Yes,1,87.6,0,11338.67,Livestock,42000.0,4.8,Yes,1
SHG21711,Andhra Pradesh,Farmer Producer Group,11,18,38.7,70.5,106.93,1746.59,74.0,94.3,17,Yes,2,76.7,0,25525.82,Agriculture,11400.0,5.3,Yes,1
SHG21712,West Bengal,Women SHG,17,3,37.6,48.6,53.1,220.15,61.3,94.0,2,Yes,0,,0,0.0,Small Business,13600.0,8.1,Yes,0
SHG21713,West Bengal,Women SHG,17,49,39.8,99.8,192.49,9920.44,78.3,79.6,37,Yes,1,84.7,1,3898.06,Small Business,45000.0,6.1,No,1
SHG21714,Tamil Nadu,Women SHG,16,13,47.0,80.8,123.6,1777.54,85.1,95.9,10,Yes,1,52.2,1,16699.16,Emergency/Consumption,30400.0,4.5,Yes,1
SHG21715,Andhra Pradesh,Women SHG,13,31,25.3,52.4,98.14,2953.12,65.0,78.7,25,Yes,1,77.3,0,22654.09,Agriculture,29600.0,6.1,Yes,1
SHG21716,Andhra Pradesh,Women SHG,15,17,30.4,40.5,93.93,1712.85,62.5,64.8,15,Yes,1,87.0,0,15321.2,Small Business,42400.0,8.5,No,0
SHG21717,Odisha,Women SHG,13,30,45.8,32.8,116.28,3034.16,75.7,68.4,19,No,0,,0,0.0,Education,5100.0,5.7,No,1
SHG21718,West Bengal,Women SHG,18,30,38.6,62.5,20.07,827.58,88.8,83.7,23,Yes,1,85.4,0,9889.47,Agriculture,34300.0,6.4,No,1
SHG21719,West Bengal,Women SHG,18,53,41.6,66.0,24.14,1317.53,80.5,83.4,43,Yes,3,60.6,0,40700.26,Small Business,32600.0,9.8,Yes,0
SHG21720,Andhra Pradesh,Women SHG,13,27,24.7,38.1,293.73,8136.97,67.5,33.4,14,Yes,1,65.2,1,11364.73,Home Improvement,24700.0,10.0,Yes,0
SHG21721,Bihar,Women SHG,13,16,58.5,70.6,247.89,3203.69,68.5,39.6,14,Yes,1,65.5,2,5629.09,Small Business,5000.0,8.8,Yes,0
SHG21722,West Bengal,Farmer Producer Group,15,32,48.0,63.0,175.36,5986.89,73.5,68.6,27,Yes,0,,0,0.0,Emergency/Consumption,25500.0,6.9,No,1
SHG21723,Karnataka,Women SHG,20,34,32.5,74.7,149.22,6004.29,82.6,73.9,29,Yes,1,60.2,0,3479.89,Agriculture,27300.0,6.1,Yes,1
SHG21724,Tamil Nadu,Women SHG,17,39,41.4,62.1,143.65,5933.17,82.9,70.2,27,Yes,5,78.4,2,7221.69,Agriculture,8900.0,4.3,Yes,0
SHG21725,West Bengal,Women SHG,11,30,42.2,50.5,56.14,1017.09,86.3,86.0,16,Yes,1,68.9,0,22569.34,Small Business,28600.0,4.0,Yes,0
SHG21726,Odisha,Mixed SHG,17,13,30.8,51.9,83.55,1470.66,50.5,93.2,11,Yes,2,73.6,2,23855.29,Small Business,7300.0,5.8,No,1
SHG21727,Maharashtra,Women SHG,15,22,40.2,51.5,68.83,1854.96,70.6,74.3,17,Yes,2,92.0,0,9160.03,Small Business,68900.0,6.9,Yes,1
SHG21728,Kerala,Women SHG,10,17,39.9,23.1,62.89,558.38,36.7,86.1,14,Yes,1,91.4,3,8318.54,Agriculture,14400.0,6.4,No,0
SHG21729,Karnataka,Farmer Producer Group,12,6,45.6,67.8,30.01,165.46,87.4,91.8,6,Yes,4,88.3,0,1351.58,Small Business,19300.0,6.7,Yes,1
SHG21730,Maharashtra,Women SHG,13,53,40.0,67.2,207.31,11732.45,79.2,70.2,37,Yes,2,86.8,0,24595.41,Agriculture,43500.0,9.7,No,1
SHG21731,Kerala,Women SHG,10,13,38.6,64.6,150.14,1094.38,81.9,97.4,11,Yes,2,80.1,0,38127.12,Small Business,10500.0,9.4,Yes,1
SHG21732,Tamil Nadu,Mixed SHG,17,7,35.0,80.9,39.51,299.18,45.2,66.3,5,Yes,2,78.2,0,13385.65,Home Improvement,24500.0,4.1,No,0
SHG21733,Uttar Pradesh,Women SHG,17,65,52.1,51.0,84.68,6566.57,50.3,41.5,57,Yes,3,83.6,1,26015.1,Emergency/Consumption,53600.0,6.5,Yes,1
SHG21734,Andhra Pradesh,Mixed SHG,10,51,40.2,64.2,73.09,2564.8,76.0,72.2,42,No,1,83.9,1,2565.17,Agriculture,54500.0,8.0,Yes,1
SHG21735,Odisha,Women SHG,19,11,33.7,46.9,448.55,7658.0,58.8,95.0,9,Yes,2,95.4,1,13787.87,Small Business,21400.0,7.1,Yes,1
SHG21736,Tamil Nadu,Farmer Producer Group,14,25,42.4,100.0,214.22,3757.57,56.2,60.3,14,Yes,0,,0,0.0,Small Business,64800.0,10.0,Yes,1
SHG21737,Maharashtra,Women SHG,20,34,46.2,87.5,119.76,4641.36,71.0,74.6,21,Yes,1,52.3,2,32177.22,Education,40500.0,7.2,Yes,1
SHG21738,Maharashtra,Women SHG,13,24,43.8,99.8,53.65,1146.06,64.0,85.0,17,Yes,3,69.1,0,3912.69,Agriculture,135700.0,7.4,No,1
SHG21739,Odisha,Women SHG,11,12,47.5,52.7,187.72,1961.82,89.1,76.5,9,Yes,0,,0,0.0,Agriculture,81200.0,6.5,Yes,1
SHG21740,Tamil Nadu,Women SHG,18,17,42.2,51.5,126.0,2511.93,51.7,75.9,15,No,1,62.2,0,21161.49,Livestock,15700.0,8.9,No,1
SHG21741,Tamil Nadu,Women SHG,11,73,37.2,41.5,134.83,6468.34,82.3,88.3,43,Yes,2,77.3,1,13136.94,Small Business,25000.0,4.8,Yes,1
SHG21742,Kerala,Mixed SHG,13,10,46.8,68.0,173.76,1410.93,66.8,82.5,5,Yes,1,64.8,0,33687.16,Small Business,56200.0,7.4,No,1
SHG21743,Maharashtra,Women SHG,9,38,40.5,46.1,39.07,891.0,47.0,69.4,26,Yes,0,,0,0.0,Agriculture,13300.0,6.4,No,0
SHG21744,Andhra Pradesh,Women SHG,11,33,50.8,52.4,341.28,6996.13,71.7,57.4,17,Yes,2,84.4,0,22182.62,Small Business,48100.0,7.9,No,1
SHG21745,Telangana,Mixed SHG,13,16,46.0,70.1,194.28,2304.89,87.9,91.6,10,Yes,0,,0,0.0,Agriculture,51900.0,5.3,No,1
SHG21746,Maharashtra,Women SHG,14,9,31.2,74.4,68.77,712.87,52.4,40.2,7,Yes,3,78.3,1,11590.2,Emergency/Consumption,45400.0,4.6,Yes,0
SHG21747,Telangana,Women SHG,17,92,32.5,65.2,98.72,11847.84,80.6,55.0,80,Yes,2,89.9,0,31819.12,Agriculture,38000.0,7.4,No,1
SHG21748,Karnataka,Mixed SHG,13,10,63.5,50.8,30.78,254.57,75.7,53.4,7,Yes,0,,0,0.0,Livestock,39200.0,7.0,No,0
SHG21749,Uttar Pradesh,Women SHG,11,13,28.0,71.1,78.59,712.35,14.3,57.4,12,Yes,4,51.0,1,3626.08,Agriculture,31700.0,6.8,Yes,1
SHG21750,West Bengal,Women SHG,10,17,35.6,72.9,265.75,3629.42,79.1,91.9,10,Yes,0,,0,0.0,Education,47700.0,6.0,Yes,1
SHG21751,Maharashtra,Women SHG,16,20,38.8,50.1,134.09,2219.82,88.5,76.0,12,Yes,1,81.3,0,28596.71,Home Improvement,35200.0,4.7,Yes,1
SHG21752,Bihar,Women SHG,8,4,31.1,70.6,52.35,107.08,96.2,82.0,4,Yes,0,,0,0.0,Education,36300.0,9.5,No,1
SHG21753,Tamil Nadu,Women SHG,15,8,34.8,99.4,45.53,423.59,88.5,91.2,4,Yes,0,,0,0.0,Agriculture,12000.0,4.8,Yes,1
SHG21754,Telangana,Mixed SHG,13,30,46.0,69.5,74.38,2261.2,42.3,79.1,26,Yes,0,,0,0.0,Education,35600.0,6.5,Yes,0
SHG21755,Telangana,Women SHG,13,9,34.9,60.1,34.65,245.7,79.3,89.1,6,Yes,1,64.5,0,16345.76,Small Business,57200.0,6.8,Yes,1
SHG21756,Uttar Pradesh,Mixed SHG,17,30,54.1,58.2,140.66,5564.75,68.5,62.5,19,No,0,,0,0.0,Agriculture,25300.0,5.5,Yes,0
SHG21757,Karnataka,Mixed SHG,9,9,37.9,55.8,100.87,445.57,59.8,61.2,7,Yes,1,78.0,0,9601.07,Emergency/Consumption,25300.0,4.6,No,1
SHG21758,Maharashtra,Women SHG,9,20,38.8,84.4,91.61,1336.68,57.2,70.9,13,Yes,0,,0,0.0,Small Business,24900.0,8.9,No,1
SHG21759,Andhra Pradesh,Mixed SHG,13,8,25.8,65.7,157.94,1138.7,49.0,92.5,6,Yes,1,52.7,0,7080.36,Emergency/Consumption,20500.0,7.3,Yes,1
SHG21760,Karnataka,Women SHG,12,62,42.1,86.4,240.62,10872.21,56.8,63.8,58,Yes,2,76.6,0,36679.15,Agriculture,29500.0,6.2,Yes,1
SHG21761,Tamil Nadu,Women SHG,12,25,50.4,30.6,148.26,2274.72,88.6,70.0,18,Yes,0,,0,0.0,Agriculture,39200.0,5.2,No,0
SHG21762,Tamil Nadu,Women SHG,11,34,20.0,56.1,45.46,963.75,88.5,92.0,26,Yes,0,,0,0.0,Agriculture,44500.0,8.7,Yes,1
SHG21763,Tamil Nadu,Women SHG,11,6,43.1,70.9,224.95,1036.76,80.6,70.6,4,No,1,83.3,0,8244.36,Agriculture,42500.0,9.9,No,1
SHG21764,Uttar Pradesh,Women SHG,12,41,33.9,46.1,42.85,1472.51,80.3,82.0,38,Yes,1,63.8,0,4337.08,Agriculture,22400.0,9.1,Yes,0
SHG21765,Tamil Nadu,Women SHG,13,50,47.5,57.0,86.9,4213.37,84.3,78.1,31,Yes,3,57.1,0,24781.56,Education,20800.0,2.2,Yes,0
SHG21766,Uttar Pradesh,Farmer Producer Group,13,32,35.6,67.6,128.11,4177.89,68.9,62.2,18,Yes,1,46.3,0,10732.75,Emergency/Consumption,13700.0,6.6,No,1
SHG21767,Bihar,Mixed SHG,16,4,33.4,37.9,108.45,508.69,81.2,71.6,3,Yes,0,,0,0.0,Small Business,31700.0,9.2,Yes,0
SHG21768,Telangana,Women SHG,16,27,43.3,100.0,78.64,2528.47,72.1,60.2,24,Yes,0,,0,0.0,Small Business,28300.0,8.3,Yes,1
SHG21769,Telangana,Women SHG,15,69,38.4,100.0,225.59,16997.44,56.6,82.8,55,Yes,2,74.7,0,24824.6,Emergency/Consumption,18800.0,7.2,No,1
SHG21770,Tamil Nadu,Women SHG,10,51,45.3,56.0,44.36,1708.23,91.8,78.2,36,Yes,2,82.5,0,6028.15,Small Business,29100.0,6.6,Yes,1
SHG21771,Karnataka,Women SHG,8,25,37.8,91.1,42.35,451.18,79.5,82.5,20,Yes,3,68.3,0,4355.78,Home Improvement,19200.0,7.2,Yes,0
SHG21772,Bihar,Women SHG,11,19,30.8,63.7,53.3,806.74,80.9,57.9,10,Yes,1,76.7,0,23243.53,Small Business,18800.0,7.9,No,1
SHG21773,Telangana,Women SHG,15,7,29.6,47.9,157.95,1295.2,53.7,65.5,6,Yes,2,83.9,0,8014.99,Small Business,59800.0,5.8,No,0
SHG21774,Maharashtra,Mixed SHG,13,7,39.1,53.1,272.08,1821.28,39.5,74.1,4,Yes,2,83.5,0,8395.74,Small Business,17800.0,8.7,Yes,1
SHG21775,Bihar,Women SHG,12,46,48.5,69.5,33.19,996.47,39.0,93.6,29,Yes,0,,0,0.0,Livestock,81500.0,9.4,Yes,1
SHG21776,Karnataka,Women SHG,11,17,27.7,52.4,46.75,451.22,88.3,44.0,12,Yes,2,61.1,1,33216.68,Small Business,15300.0,8.6,No,1
SHG21777,Tamil Nadu,Women SHG,9,20,42.3,60.5,121.77,1755.9,59.9,73.0,14,Yes,7,90.0,0,15575.25,Small Business,25400.0,6.7,No,1
SHG21778,Tamil Nadu,Women SHG,11,11,40.1,66.3,25.04,224.96,67.7,88.2,8,No,2,78.9,0,24413.92,Small Business,10900.0,7.3,Yes,1
SHG21779,Andhra Pradesh,Women SHG,10,11,48.4,75.0,106.96,641.33,57.5,66.7,6,Yes,1,84.6,2,17877.7,Emergency/Consumption,14200.0,4.6,No,0
SHG21780,West Bengal,Women SHG,11,10,38.3,52.4,124.9,761.8,87.3,66.1,8,Yes,0,,0,0.0,Livestock,9400.0,7.7,No,0
SHG21781,Uttar Pradesh,Women SHG,16,10,42.4,39.7,184.2,1824.48,82.2,79.0,7,Yes,2,72.8,2,31870.89,Small Business,41700.0,6.7,Yes,0
SHG21782,Andhra Pradesh,Women SHG,16,28,36.6,79.9,20.0,462.8,64.7,55.1,18,Yes,0,,0,0.0,Emergency/Consumption,55700.0,7.0,No,0
SHG21783,Telangana,Women SHG,16,23,37.3,42.8,95.11,2705.78,71.1,87.3,15,Yes,1,93.0,0,18597.07,Agriculture,13000.0,5.9,Yes,1
SHG21784,Maharashtra,Women SHG,15,30,26.9,54.7,24.78,734.76,91.5,76.8,18,Yes,1,95.9,0,6386.45,Small Business,22200.0,7.0,No,1
SHG21785,Telangana,Women SHG,15,35,36.4,80.5,172.25,7285.12,92.2,79.3,23,Yes,0,,0,0.0,Education,24400.0,7.5,Yes,1
SHG21786,Kerala,Women SHG,11,17,36.3,71.6,148.06,1713.68,79.0,89.8,10,Yes,3,97.0,0,6762.91,Emergency/Consumption,30900.0,9.2,Yes,1
SHG21787,Kerala,Women SHG,17,24,43.6,78.6,109.52,2495.76,76.5,72.1,15,Yes,1,88.8,1,11790.45,Livestock,24600.0,8.0,No,1
SHG21788,Odisha,Mixed SHG,11,42,50.1,50.0,171.7,4776.8,81.0,75.6,37,Yes,0,,0,0.0,Agriculture,8800.0,7.5,No,1
SHG21789,Telangana,Mixed SHG,16,32,31.7,68.2,282.39,10692.37,85.4,46.9,25,Yes,2,61.0,0,17683.61,Agriculture,14300.0,7.6,No,0
SHG21790,Karnataka,Women SHG,12,8,32.6,63.6,106.99,603.84,63.8,83.5,6,Yes,0,,0,0.0,Emergency/Consumption,126200.0,3.7,No,0
SHG21791,Odisha,Mixed SHG,10,12,30.9,69.6,32.77,319.66,66.0,67.2,11,Yes,1,44.7,0,22038.24,Home Improvement,92700.0,7.7,No,0
SHG21792,Maharashtra,Women SHG,11,63,37.5,41.2,62.36,3134.17,60.4,75.1,32,No,1,92.9,0,36354.43,Small Business,20600.0,7.0,Yes,0
SHG21793,Andhra Pradesh,Farmer Producer Group,11,24,38.9,51.2,66.12,1355.54,61.0,53.5,13,Yes,1,57.5,0,10127.99,Home Improvement,23500.0,6.6,Yes,1
SHG21794,Karnataka,Women SHG,17,13,36.2,89.6,100.5,1537.08,85.0,61.8,8,Yes,3,76.3,0,23596.43,Small Business,11500.0,6.4,Yes,1
SHG21795,Maharashtra,Farmer Producer Group,13,31,20.9,43.8,48.89,1615.42,93.4,61.4,27,Yes,2,84.8,0,5088.93,Agriculture,85400.0,4.7,Yes,0
SHG21796,Karnataka,Women SHG,10,8,55.6,44.9,120.68,654.26,67.7,92.2,4,Yes,1,55.6,1,30898.94,Small Business,61000.0,6.6,Yes,1
SHG21797,Bihar,Women SHG,12,11,42.4,79.1,135.38,1229.06,48.0,68.6,8,Yes,0,,0,0.0,Small Business,24000.0,8.4,No,0
SHG21798,Tamil Nadu,Farmer Producer Group,13,26,46.4,40.4,175.88,3810.28,79.9,46.0,19,Yes,3,85.3,0,21898.21,Emergency/Consumption,47600.0,6.1,Yes,1
SHG21799,Tamil Nadu,Women SHG,15,44,34.7,69.1,20.0,1074.39,58.1,75.5,31,Yes,2,57.1,1,1298.59,Education,26500.0,7.4,Yes,0
SHG21800,West Bengal,Women SHG,16,34,41.0,51.3,109.35,3651.93,56.3,93.1,20,Yes,1,79.3,0,4327.83,Small Business,31800.0,6.4,Yes,1
SHG21801,Telangana,Women SHG,14,8,43.1,63.9,77.72,463.73,78.2,86.6,6,Yes,2,76.8,0,9788.7,Education,63500.0,7.9,Yes,1
SHG21802,Maharashtra,Farmer Producer Group,9,28,49.2,60.5,114.53,1513.94,97.1,84.9,20,Yes,2,72.1,0,3480.61,Small Business,9100.0,4.5,No,1
SHG21803,Telangana,Mixed SHG,15,37,36.3,56.8,48.78,1955.77,50.3,87.3,34,Yes,1,62.5,0,12729.23,Small Business,10800.0,5.6,Yes,1
SHG21804,Telangana,Women SHG,14,15,50.1,50.1,278.1,3358.52,71.4,91.9,11,Yes,1,74.7,0,5481.47,Small Business,7600.0,8.6,No,1
SHG21805,Kerala,Women SHG,12,33,46.2,93.6,97.12,2695.69,77.8,78.8,27,Yes,1,53.9,0,47496.68,Agriculture,87000.0,7.0,Yes,1
SHG21806,Maharashtra,Women SHG,10,36,28.3,61.9,182.02,5165.49,86.9,51.2,20,Yes,1,80.4,1,11144.28,Agriculture,30200.0,7.4,No,1
SHG21807,West Bengal,Farmer Producer Group,8,16,34.8,68.6,20.0,173.04,85.0,80.7,11,Yes,2,67.5,0,40118.23,Small Business,15800.0,9.6,No,0
SHG21808,Telangana,Women SHG,8,31,27.8,63.7,163.36,2879.44,72.7,74.5,16,Yes,1,36.3,0,5117.07,Agriculture,25300.0,7.4,Yes,0
SHG21809,Karnataka,Mixed SHG,15,12,28.0,84.4,106.79,1268.79,81.7,50.6,9,Yes,0,,0,0.0,Livestock,13100.0,4.7,No,1
SHG21810,Tamil Nadu,Women SHG,13,15,22.9,75.1,26.5,344.04,81.5,69.2,14,Yes,3,90.9,0,5541.54,Emergency/Consumption,24000.0,7.9,No,1
SHG21811,Tamil Nadu,Mixed SHG,12,33,32.4,69.8,30.49,755.29,66.3,76.1,30,Yes,1,82.4,0,2186.72,Small Business,37900.0,6.2,No,0
SHG21812,Telangana,Women SHG,11,54,43.1,37.9,53.97,1861.74,30.2,71.8,51,Yes,1,96.0,0,6501.98,Small Business,39600.0,6.7,No,1
SHG21813,Tamil Nadu,Farmer Producer Group,14,30,28.1,45.0,68.11,2051.78,45.4,83.0,19,Yes,0,,0,0.0,Home Improvement,25400.0,5.6,Yes,0
SHG21814,Uttar Pradesh,Women SHG,11,30,34.0,46.1,54.51,974.03,35.0,35.7,22,Yes,1,95.1,0,4363.82,Livestock,44600.0,6.3,Yes,0
SHG21815,Andhra Pradesh,Mixed SHG,15,28,34.4,53.5,104.9,2913.78,57.6,67.1,24,Yes,0,,0,0.0,Agriculture,78100.0,9.0,No,1
SHG21816,Karnataka,Women SHG,14,27,39.3,47.0,22.98,436.19,67.2,79.7,14,No,0,,0,0.0,Small Business,37800.0,7.2,No,0
SHG21817,Tamil Nadu,Farmer Producer Group,15,5,40.6,92.8,113.59,441.13,85.7,76.9,4,No,0,,0,0.0,Education,60900.0,6.2,Yes,0
SHG21818,Uttar Pradesh,Mixed SHG,14,24,42.2,89.9,79.45,1835.72,43.6,84.3,15,Yes,1,63.3,0,10377.08,Agriculture,31600.0,8.2,No,0
SHG21819,Telangana,Women SHG,11,20,42.2,82.5,104.54,1510.82,86.5,55.3,19,Yes,3,80.6,0,6274.86,Small Business,37600.0,7.7,Yes,1
SHG21820,Uttar Pradesh,Women SHG,13,22,36.1,35.4,115.49,1826.41,63.4,70.8,11,Yes,2,90.0,1,5120.68,Education,13500.0,5.9,Yes,1
SHG21821,Telangana,Mixed SHG,12,61,34.0,65.1,50.25,2141.63,65.6,63.7,56,Yes,1,55.9,2,19733.39,Small Business,39900.0,6.6,No,0
SHG21822,Uttar Pradesh,Women SHG,18,16,27.1,41.1,45.57,874.69,45.3,91.4,10,Yes,1,40.2,1,11168.32,Livestock,17900.0,6.4,Yes,0
SHG21823,Odisha,Women SHG,10,77,29.0,60.1,149.52,7965.29,67.4,92.7,44,Yes,1,52.0,0,18502.92,Livestock,41000.0,8.6,Yes,1
SHG21824,Kerala,Women SHG,8,20,33.2,31.8,181.13,2339.12,50.5,58.9,12,Yes,0,,0,0.0,Home Improvement,15500.0,4.0,Yes,1
SHG21825,Bihar,Women SHG,12,22,48.0,67.2,41.75,667.18,73.4,59.6,17,Yes,2,76.9,0,33943.92,Livestock,12800.0,8.9,No,1
SHG21826,Odisha,Mixed SHG,9,24,31.4,43.2,64.06,880.57,81.7,54.5,13,Yes,2,94.7,0,20156.59,Home Improvement,42000.0,6.9,Yes,1
SHG21827,Uttar Pradesh,Farmer Producer Group,13,18,41.8,64.6,83.63,1368.71,91.0,51.1,10,Yes,1,69.2,0,15426.67,Agriculture,26900.0,7.4,Yes,1
SHG21828,Andhra Pradesh,Women SHG,16,6,36.7,58.6,127.75,775.01,51.0,74.0,4,No,3,78.0,0,8690.19,Home Improvement,16900.0,6.5,Yes,0
SHG21829,Karnataka,Women SHG,15,26,39.6,46.8,113.7,2646.44,91.0,60.3,19,Yes,0,,0,0.0,Home Improvement,21100.0,4.4,Yes,0
SHG21830,Odisha,Women SHG,17,33,44.4,43.5,76.26,3450.04,62.2,98.7,30,Yes,1,74.6,0,7036.83,Small Business,5000.0,6.3,Yes,1
SHG21831,Andhra Pradesh,Women SHG,9,39,27.4,90.5,64.52,1886.37,58.8,87.7,21,Yes,1,63.9,0,15743.65,Emergency/Consumption,31500.0,10.0,Yes,1
SHG21832,Andhra Pradesh,Mixed SHG,14,6,23.8,74.1,131.68,700.54,58.3,59.8,3,Yes,1,96.9,0,7200.86,Home Improvement,41500.0,7.7,No,1
SHG21833,Uttar Pradesh,Women SHG,18,61,26.4,79.0,98.9,5989.75,81.2,73.3,43,Yes,1,97.7,0,42354.76,Livestock,21400.0,8.6,Yes,1
SHG21834,Andhra Pradesh,Mixed SHG,9,33,29.2,70.7,45.15,785.07,84.6,93.7,31,Yes,0,,0,0.0,Small Business,40300.0,6.0,Yes,1
SHG21835,Bihar,Farmer Producer Group,8,35,38.6,66.2,208.37,4786.03,55.4,79.3,19,Yes,1,78.5,3,7443.52,Agriculture,18600.0,10.0,No,0
SHG21836,Maharashtra,Women SHG,14,28,46.0,85.6,72.71,2155.15,82.5,90.2,25,Yes,0,,0,0.0,Small Business,35300.0,7.8,Yes,0
SHG21837,Andhra Pradesh,Women SHG,10,17,31.9,46.1,236.58,2995.77,50.4,80.9,13,Yes,1,64.9,0,48299.41,Small Business,29500.0,8.7,Yes,1
SHG21838,Andhra Pradesh,Women SHG,10,51,33.3,66.3,143.65,4156.03,91.1,93.2,44,Yes,2,82.3,1,4204.1,Home Improvement,17500.0,9.6,Yes,1
SHG21839,Telangana,Women SHG,9,37,38.2,50.1,37.89,1044.43,59.2,88.0,31,Yes,2,93.2,0,7970.18,Emergency/Consumption,22900.0,9.3,Yes,1
SHG21840,Uttar Pradesh,Women SHG,20,31,27.9,28.0,191.87,6302.94,71.9,85.6,18,Yes,3,87.1,2,15923.26,Education,38600.0,10.0,No,0
SHG21841,Kerala,Women SHG,10,5,36.6,62.9,63.41,258.08,53.1,83.6,3,No,0,,0,0.0,Agriculture,5000.0,8.1,No,0
SHG21842,Maharashtra,Women SHG,11,25,44.1,83.8,219.3,4071.19,81.1,69.4,17,Yes,3,66.2,0,2194.94,Emergency/Consumption,54200.0,8.2,Yes,1
SHG21843,Kerala,Women SHG,16,38,29.2,73.2,40.51,1318.6,65.4,69.7,20,Yes,1,92.7,0,5706.04,Agriculture,18300.0,7.8,Yes,1
SHG21844,Andhra Pradesh,Farmer Producer Group,19,21,48.5,100.0,240.22,5924.19,60.7,48.8,17,Yes,2,42.8,0,22270.69,Emergency/Consumption,5000.0,8.5,Yes,1
SHG21845,Karnataka,Mixed SHG,8,78,36.9,73.2,58.53,2580.48,70.4,65.9,61,Yes,1,86.8,0,22962.12,Small Business,5000.0,7.8,Yes,1
SHG21846,Karnataka,Mixed SHG,16,19,31.8,36.8,114.28,1969.0,87.5,86.5,15,Yes,1,91.8,2,31133.22,Livestock,8200.0,9.0,No,1
SHG21847,Tamil Nadu,Farmer Producer Group,14,30,43.4,71.3,209.5,6151.86,85.3,85.1,17,Yes,4,69.3,2,6757.53,Home Improvement,35900.0,8.0,Yes,1
SHG21848,Telangana,Women SHG,11,20,43.8,84.8,472.14,6053.43,93.9,59.8,15,Yes,0,,0,0.0,Small Business,56700.0,8.1,No,0
SHG21849,Kerala,Women SHG,18,15,41.6,25.8,45.02,833.33,91.7,86.6,11,Yes,0,,0,0.0,Small Business,64200.0,7.4,Yes,1
SHG21850,Telangana,Women SHG,12,16,45.4,43.5,38.85,523.53,66.0,92.6,8,Yes,1,83.9,1,12953.84,Agriculture,21400.0,2.4,Yes,1
SHG21851,Karnataka,Women SHG,11,26,33.9,75.7,45.14,846.96,87.6,97.1,24,Yes,1,83.3,0,6314.09,Agriculture,60000.0,6.3,Yes,1
SHG21852,Maharashtra,Women SHG,13,59,42.1,64.1,184.25,7958.62,50.6,79.9,30,No,0,,0,0.0,Agriculture,44500.0,7.2,Yes,1
SHG21853,Karnataka,Women SHG,14,18,36.1,78.3,60.56,1040.05,90.5,76.8,14,Yes,0,,0,0.0,Emergency/Consumption,49100.0,5.2,No,0
SHG21854,Maharashtra,Farmer Producer Group,15,85,45.1,68.4,71.71,4798.71,57.7,77.1,69,Yes,2,71.3,0,3663.18,Small Business,28100.0,8.4,Yes,1
SHG21855,Odisha,Farmer Producer Group,12,26,44.0,41.8,278.22,6898.35,73.3,71.6,14,Yes,1,72.9,0,3741.4,Emergency/Consumption,14700.0,7.7,No,1
SHG21856,Tamil Nadu,Women SHG,8,23,30.0,64.3,132.47,1335.06,40.0,79.7,21,Yes,1,58.8,0,17834.66,Small Business,20000.0,5.9,Yes,0
SHG21857,Karnataka,Women SHG,12,12,32.8,33.3,347.98,2916.63,75.0,87.7,7,Yes,1,53.5,0,29548.23,Livestock,49300.0,9.3,No,0
SHG21858,Tamil Nadu,Mixed SHG,15,10,41.3,28.5,158.28,1304.43,74.7,89.3,9,Yes,1,55.1,0,24206.18,Small Business,16400.0,9.0,No,1
SHG21859,Kerala,Women SHG,8,15,30.2,74.0,118.63,1079.72,43.2,60.4,9,Yes,1,62.5,0,29313.79,Agriculture,25100.0,5.8,No,1
SHG21860,West Bengal,Women SHG,19,46,46.2,67.1,184.42,12769.76,90.4,65.6,33,Yes,2,70.1,0,34061.97,Education,17100.0,6.3,Yes,1
SHG21861,Uttar Pradesh,Women SHG,18,8,42.4,82.0,118.72,1217.84,76.5,84.2,7,Yes,0,,0,0.0,Small Business,23700.0,8.4,Yes,0
SHG21862,West Bengal,Women SHG,17,63,34.4,85.6,41.66,3112.12,78.0,51.7,50,Yes,2,84.7,0,13584.83,Agriculture,22900.0,3.0,No,1
SHG21863,Tamil Nadu,Women SHG,12,13,30.0,58.1,159.86,2067.71,75.8,55.0,10,Yes,0,,0,0.0,Agriculture,12700.0,7.2,No,0
SHG21864,Kerala,Women SHG,10,7,44.4,44.9,288.53,1681.36,70.5,69.3,4,Yes,1,80.9,0,19316.96,Home Improvement,37500.0,8.1,Yes,1
SHG21865,Maharashtra,Mixed SHG,14,13,44.5,55.8,24.25,360.07,80.2,56.1,10,Yes,1,76.3,0,20012.82,Livestock,13100.0,7.0,Yes,1
SHG21866,Kerala,Mixed SHG,14,45,48.2,93.0,126.63,4865.93,69.1,84.3,33,Yes,1,89.0,0,6190.36,Small Business,37200.0,7.2,Yes,1
SHG21867,Karnataka,Farmer Producer Group,16,16,30.2,67.1,201.85,3915.21,91.8,71.3,11,Yes,1,81.2,0,46235.85,Small Business,14700.0,7.0,No,1
SHG21868,Bihar,Women SHG,15,13,43.8,81.3,78.62,931.14,60.8,67.9,10,Yes,3,85.5,0,6379.87,Agriculture,16500.0,5.9,Yes,0
SHG21869,Uttar Pradesh,Women SHG,13,10,20.0,44.2,221.43,2353.74,88.1,84.0,7,Yes,4,73.5,0,12795.44,Agriculture,32500.0,8.2,Yes,1
SHG21870,Telangana,Women SHG,13,15,36.0,45.2,29.62,417.83,37.0,76.0,12,Yes,0,,0,0.0,Small Business,32200.0,7.2,Yes,0
SHG21871,Karnataka,Mixed SHG,17,62,40.4,62.3,36.19,2660.26,98.9,60.1,40,Yes,1,88.9,0,13892.09,Livestock,49700.0,6.4,No,0
SHG21872,Uttar Pradesh,Women SHG,12,9,41.5,69.6,50.09,355.34,41.9,57.6,8,Yes,1,88.7,1,52977.61,Emergency/Consumption,19400.0,3.8,Yes,1
SHG21873,West Bengal,Women SHG,9,18,39.8,63.9,68.89,719.49,38.2,91.5,12,Yes,0,,0,0.0,Small Business,12100.0,4.2,Yes,0
SHG21874,Kerala,Women SHG,10,34,34.0,76.3,68.57,1912.83,74.5,84.9,24,Yes,1,88.6,0,34284.67,Small Business,17700.0,4.7,Yes,1
SHG21875,Tamil Nadu,Women SHG,10,7,34.1,37.9,199.58,1060.25,75.7,70.2,6,Yes,1,30.4,0,45751.43,Small Business,18300.0,8.0,Yes,1
SHG21876,Odisha,Farmer Producer Group,14,21,34.3,92.4,138.11,2664.45,90.4,95.2,16,Yes,0,,0,0.0,Small Business,59800.0,5.6,Yes,1
SHG21877,Kerala,Women SHG,17,18,41.4,58.1,170.25,4101.78,90.9,90.4,11,Yes,3,76.4,0,2022.47,Small Business,5000.0,6.6,Yes,1
SHG21878,Maharashtra,Women SHG,10,54,40.9,54.4,27.62,939.72,58.1,47.4,42,Yes,1,49.5,0,13548.04,Small Business,18700.0,6.1,Yes,1
SHG21879,Andhra Pradesh,Women SHG,15,12,42.4,61.6,64.73,654.27,73.3,71.0,8,No,1,89.8,0,23995.89,Small Business,18800.0,6.2,No,1
SHG21880,Andhra Pradesh,Women SHG,17,3,28.0,49.4,98.33,276.81,92.6,54.4,2,Yes,0,,0,0.0,Livestock,5000.0,7.5,No,0
SHG21881,Kerala,Women SHG,15,20,34.2,79.0,80.85,1302.22,74.6,82.4,12,Yes,1,83.8,0,13056.43,Agriculture,47500.0,9.0,Yes,1
SHG21882,Uttar Pradesh,Women SHG,13,33,46.6,68.2,149.76,4109.4,52.0,93.6,19,Yes,0,,0,0.0,Emergency/Consumption,26700.0,6.7,No,0
SHG21883,Karnataka,Mixed SHG,18,7,35.1,90.4,327.08,2114.48,77.8,84.2,4,Yes,3,91.7,0,17867.93,Education,9600.0,7.6,No,1
SHG21884,Andhra Pradesh,Women SHG,14,60,44.7,73.4,78.99,3483.02,86.0,80.5,52,No,1,99.3,0,10289.88,Livestock,41000.0,7.8,Yes,1
SHG21885,West Bengal,Women SHG,13,72,28.9,69.6,98.92,6075.9,82.7,69.0,47,Yes,3,48.1,0,27931.65,Emergency/Consumption,104600.0,8.1,Yes,0
SHG21886,Telangana,Women SHG,12,21,36.7,54.9,148.44,2963.33,87.5,66.0,16,No,2,76.0,2,10441.3,Emergency/Consumption,30000.0,7.5,No,0
SHG21887,West Bengal,Mixed SHG,13,23,52.1,90.5,20.0,442.78,76.7,97.9,16,Yes,3,85.8,0,1986.99,Small Business,38600.0,7.9,No,1
SHG21888,Kerala,Women SHG,19,19,44.0,71.0,58.2,1187.28,81.3,81.4,16,Yes,2,60.6,0,14068.1,Livestock,51000.0,5.2,Yes,1
SHG21889,Maharashtra,Farmer Producer Group,14,15,37.5,74.1,296.64,4191.73,85.0,65.4,10,Yes,0,,0,0.0,Livestock,48400.0,6.8,Yes,1
SHG21890,Kerala,Women SHG,10,27,40.0,87.2,137.02,2497.66,90.4,71.0,17,Yes,2,90.6,1,3315.67,Emergency/Consumption,62000.0,8.5,Yes,1
SHG21891,Telangana,Women SHG,13,33,45.8,74.3,208.52,6889.13,76.7,89.5,19,No,1,53.6,0,10492.36,Education,50200.0,10.0,No,0
SHG21892,Karnataka,Women SHG,14,26,45.2,59.0,66.05,1577.91,52.9,73.0,23,Yes,1,90.0,0,18057.76,Agriculture,45600.0,5.3,Yes,0
SHG21893,Karnataka,Women SHG,10,27,43.2,77.5,163.78,2525.05,36.3,81.5,25,Yes,0,,0,0.0,Small Business,9100.0,7.2,Yes,1
SHG21894,Bihar,Women SHG,13,6,42.2,81.1,110.01,510.91,42.9,90.7,3,Yes,0,,0,0.0,Agriculture,51300.0,8.1,No,1
SHG21895,Odisha,Mixed SHG,9,18,49.8,85.0,34.28,310.73,49.8,94.1,12,Yes,2,92.9,0,25109.44,Agriculture,23200.0,6.1,Yes,1
SHG21896,Uttar Pradesh,Women SHG,10,26,26.2,74.4,182.07,3088.56,72.8,79.3,22,Yes,0,,0,0.0,Agriculture,21200.0,5.5,Yes,0
SHG21897,Karnataka,Women SHG,13,100,36.1,57.3,85.23,6703.31,65.6,83.5,62,Yes,0,,0,0.0,Small Business,20000.0,8.7,Yes,1
SHG21898,Andhra Pradesh,Women SHG,10,44,33.3,58.8,109.57,3868.21,87.9,73.5,33,Yes,3,79.3,1,12170.45,Home Improvement,16200.0,9.1,No,1
SHG21899,Maharashtra,Women SHG,14,64,46.1,70.0,70.99,5052.41,37.8,97.9,36,Yes,1,66.7,0,1424.61,Emergency/Consumption,32700.0,6.7,Yes,1
SHG21900,Andhra Pradesh,Mixed SHG,15,50,40.4,82.7,149.11,7137.39,89.5,85.4,39,Yes,0,,0,0.0,Small Business,27500.0,7.1,Yes,1
SHG21901,Karnataka,Mixed SHG,13,17,32.2,46.8,73.86,1188.09,72.0,72.9,13,Yes,2,87.5,0,4056.13,Agriculture,8000.0,4.6,Yes,1
SHG21902,Tamil Nadu,Women SHG,13,34,32.2,57.4,131.89,4266.35,68.8,88.7,23,Yes,1,75.0,2,2365.13,Agriculture,62100.0,4.2,Yes,1
SHG21903,Kerala,Women SHG,14,84,38.7,84.6,99.79,7301.0,83.2,46.1,75,Yes,2,81.8,1,33544.08,Education,16300.0,8.5,No,0
SHG21904,Tamil Nadu,Women SHG,14,42,35.6,42.7,104.81,4567.99,58.2,64.1,33,Yes,3,68.8,0,23819.3,Home Improvement,22300.0,7.5,Yes,0
SHG21905,Telangana,Women SHG,10,23,42.0,57.8,139.63,2408.34,62.0,73.5,19,Yes,2,53.8,0,4957.28,Agriculture,17800.0,6.7,Yes,0
SHG21906,Tamil Nadu,Women SHG,16,46,41.9,55.3,40.2,1913.61,50.8,89.7,27,Yes,4,88.3,0,3952.63,Education,27400.0,8.6,Yes,1
SHG21907,Tamil Nadu,Mixed SHG,14,24,45.0,64.3,42.46,1039.07,93.7,62.9,18,Yes,3,68.2,0,24553.75,Emergency/Consumption,186000.0,5.7,Yes,1
SHG21908,Karnataka,Women SHG,13,35,47.5,44.5,56.68,1867.57,93.6,77.8,20,Yes,3,81.4,0,5124.86,Small Business,61700.0,6.5,Yes,1
SHG21909,Kerala,Women SHG,16,38,32.2,77.8,216.1,9283.57,95.0,82.5,25,Yes,1,77.7,0,16908.65,Agriculture,31800.0,6.4,Yes,1
SHG21910,Maharashtra,Women SHG,10,31,52.9,35.2,33.7,702.13,70.2,53.4,23,Yes,4,87.1,0,8398.77,Livestock,5100.0,6.4,Yes,1
SHG21911,Uttar Pradesh,Farmer Producer Group,8,19,41.2,64.9,194.11,2330.38,85.3,97.5,17,Yes,2,76.1,0,5397.69,Agriculture,49900.0,7.1,No,1
SHG21912,Uttar Pradesh,Women SHG,17,22,30.5,40.9,74.59,1475.18,92.0,92.0,14,Yes,0,,0,0.0,Emergency/Consumption,34000.0,3.4,Yes,0
SHG21913,Uttar Pradesh,Women SHG,14,43,40.9,62.8,119.63,5685.08,45.8,89.1,35,No,0,,0,0.0,Education,32300.0,8.5,Yes,0
SHG21914,Maharashtra,Women SHG,11,36,25.1,29.1,81.7,2491.99,81.2,79.7,30,No,1,83.2,0,14426.86,Livestock,21600.0,4.5,Yes,0
SHG21915,Bihar,Mixed SHG,15,20,48.1,73.8,291.43,7052.76,53.5,78.6,18,No,1,81.6,2,4760.04,Agriculture,33600.0,6.7,No,0
SHG21916,Kerala,Women SHG,16,50,28.0,44.3,83.31,5057.58,58.4,44.9,34,Yes,1,72.2,0,11906.76,Agriculture,29400.0,9.8,No,1
SHG21917,Uttar Pradesh,Women SHG,12,44,42.5,56.3,108.34,3041.14,73.4,69.6,39,Yes,2,87.2,0,4915.04,Small Business,90300.0,5.9,Yes,1
SHG21918,Andhra Pradesh,Women SHG,13,23,46.7,100.0,82.73,1700.25,76.6,86.9,12,Yes,1,80.1,2,20747.38,Livestock,71000.0,6.1,No,0
SHG21919,Tamil Nadu,Farmer Producer Group,12,16,54.6,68.9,20.0,292.51,85.5,73.0,13,Yes,2,95.8,1,11671.32,Emergency/Consumption,49600.0,9.1,Yes,1
SHG21920,Andhra Pradesh,Women SHG,15,70,31.6,63.0,72.13,4113.34,65.7,90.2,41,Yes,1,76.4,2,26122.84,Agriculture,40300.0,9.4,Yes,0
SHG21921,West Bengal,Mixed SHG,12,15,32.9,48.2,151.86,1460.69,55.7,73.4,8,Yes,1,78.1,1,9798.29,Livestock,32700.0,7.0,No,0
SHG21922,Tamil Nadu,Women SHG,13,31,40.7,66.5,184.7,5419.81,90.0,53.6,16,Yes,2,65.6,0,10989.41,Education,32300.0,6.4,Yes,1
SHG21923,Andhra Pradesh,Women SHG,15,6,48.0,77.0,77.1,370.63,53.1,59.9,5,Yes,1,79.1,0,4071.36,Emergency/Consumption,20100.0,6.2,Yes,0
SHG21924,Maharashtra,Women SHG,11,22,31.6,63.7,348.56,6905.76,56.0,72.2,13,Yes,3,87.0,1,15224.23,Small Business,16400.0,9.0,No,1
SHG21925,Odisha,Women SHG,8,58,42.1,84.9,32.19,1191.9,84.4,71.0,35,Yes,0,,0,0.0,Livestock,14200.0,3.1,Yes,0
SHG21926,Tamil Nadu,Women SHG,11,40,41.3,28.1,150.13,3917.61,77.4,70.3,28,Yes,1,86.8,0,13731.63,Agriculture,53000.0,9.0,No,1
SHG21927,Telangana,Mixed SHG,12,32,39.0,37.8,289.78,5680.99,73.5,61.4,21,Yes,0,,0,0.0,Livestock,12900.0,5.5,Yes,1
SHG21928,West Bengal,Farmer Producer Group,11,3,34.0,68.6,224.88,432.8,46.6,81.5,2,Yes,0,,0,0.0,Agriculture,38100.0,9.1,No,1
SHG21929,Karnataka,Women SHG,8,36,25.8,90.3,198.74,4450.98,39.2,64.3,28,Yes,2,87.9,0,16601.59,Home Improvement,23600.0,7.0,No,1
SHG21930,Telangana,Women SHG,11,13,36.7,41.0,274.43,2362.43,80.8,62.2,11,No,3,81.1,0,6414.4,Livestock,11700.0,7.2,No,1
SHG21931,Maharashtra,Mixed SHG,15,46,38.1,78.7,51.08,2864.66,57.2,70.9,40,No,1,85.7,0,5371.55,Home Improvement,36700.0,6.7,Yes,1
SHG21932,West Bengal,Women SHG,15,5,30.9,76.8,20.54,107.57,76.3,55.6,3,Yes,0,,0,0.0,Small Business,53800.0,6.3,No,0
SHG21933,West Bengal,Farmer Producer Group,16,52,39.1,53.2,82.46,4894.93,91.3,58.9,37,Yes,0,,0,0.0,Small Business,116500.0,6.2,No,1
SHG21934,Kerala,Farmer Producer Group,16,13,24.9,54.1,262.91,3219.81,40.1,67.7,8,Yes,0,,0,0.0,Small Business,34000.0,6.2,Yes,1
SHG21935,Bihar,Farmer Producer Group,8,15,41.8,69.7,129.4,809.24,85.3,79.9,8,Yes,2,97.4,1,7258.18,Small Business,48800.0,6.4,No,1
SHG21936,Andhra Pradesh,Women SHG,10,37,39.7,73.3,129.22,3271.55,96.2,53.6,23,Yes,1,47.2,0,23827.75,Small Business,35300.0,6.9,No,0
SHG21937,Maharashtra,Women SHG,11,31,45.5,58.4,143.47,3843.68,73.6,64.0,26,No,2,56.8,1,4061.66,Education,36700.0,6.4,No,1
SHG21938,Bihar,Women SHG,18,44,45.1,56.9,87.6,5047.89,57.3,51.7,34,No,0,,0,0.0,Agriculture,36200.0,8.8,No,0
SHG21939,Odisha,Women SHG,12,22,26.4,74.7,226.45,3910.25,71.9,69.1,19,Yes,3,77.9,0,21181.4,Small Business,37700.0,4.1,Yes,1
SHG21940,Kerala,Women SHG,15,11,45.1,54.3,59.29,518.26,58.6,78.0,8,Yes,1,76.9,0,20467.57,Livestock,44800.0,8.4,Yes,1
SHG21941,Kerala,Women SHG,11,28,29.2,63.5,182.32,4567.12,80.2,79.9,26,No,3,88.6,1,18887.28,Agriculture,12300.0,7.8,No,1
SHG21942,Uttar Pradesh,Women SHG,11,35,40.9,55.4,38.55,1233.45,90.3,74.7,25,Yes,1,61.8,1,9663.3,Emergency/Consumption,20400.0,5.4,Yes,1
SHG21943,West Bengal,Women SHG,17,56,32.8,72.4,146.13,9028.51,86.4,87.4,42,Yes,1,81.9,0,15299.41,Agriculture,40200.0,6.3,No,1
SHG21944,Tamil Nadu,Mixed SHG,13,28,36.8,37.8,101.14,2747.41,49.1,73.2,18,Yes,1,65.6,1,4746.54,Emergency/Consumption,32700.0,8.4,Yes,0
SHG21945,Odisha,Women SHG,17,30,36.9,46.2,35.06,1299.39,88.6,86.3,21,Yes,1,82.8,2,18792.52,Education,22000.0,3.7,Yes,1
SHG21946,Karnataka,Farmer Producer Group,9,12,42.3,54.5,258.01,2154.45,82.5,91.2,9,Yes,2,58.9,0,21965.52,Small Business,13100.0,5.9,No,0
SHG21947,Karnataka,Women SHG,14,34,34.8,94.1,237.83,8678.02,70.6,42.4,28,Yes,0,,0,0.0,Home Improvement,28100.0,8.2,Yes,1
SHG21948,West Bengal,Farmer Producer Group,10,14,41.6,68.9,65.31,494.55,60.0,62.2,9,Yes,1,78.8,0,23894.57,Small Business,25500.0,8.4,No,0
SHG21949,Bihar,Women SHG,14,13,46.1,80.3,26.37,371.34,55.8,44.9,7,Yes,2,93.2,1,13655.82,Emergency/Consumption,124800.0,7.4,Yes,1
SHG21950,Uttar Pradesh,Women SHG,12,20,45.4,58.5,147.09,2509.46,59.1,31.0,11,No,0,,0,0.0,Home Improvement,30400.0,8.6,Yes,1
SHG21951,Andhra Pradesh,Women SHG,8,33,39.8,20.6,82.64,1761.7,94.3,79.8,22,Yes,2,56.9,0,3487.13,Livestock,35200.0,7.5,Yes,0
SHG21952,Karnataka,Women SHG,10,55,35.5,48.7,108.42,4774.73,83.8,68.2,50,No,1,81.4,1,5384.19,Emergency/Consumption,66900.0,7.1,Yes,0
SHG21953,Odisha,Women SHG,10,16,32.7,83.3,28.24,268.32,70.5,46.9,11,Yes,1,69.0,0,3002.15,Small Business,27700.0,5.6,No,1
SHG21954,Kerala,Mixed SHG,10,43,31.3,73.7,222.62,5877.44,45.0,69.2,23,Yes,0,,0,0.0,Education,47800.0,5.5,Yes,0
SHG21955,Kerala,Women SHG,13,55,28.5,66.2,64.31,3198.5,88.3,81.3,51,Yes,2,72.6,0,4445.31,Education,21900.0,3.4,No,1
SHG21956,Kerala,Farmer Producer Group,14,19,34.2,55.4,76.42,1511.2,80.1,91.7,16,Yes,0,,0,0.0,Small Business,33300.0,3.8,No,1
SHG21957,Odisha,Women SHG,11,38,31.0,61.4,249.1,7707.05,65.4,81.0,26,Yes,1,68.9,0,9097.56,Agriculture,23700.0,7.4,Yes,1
SHG21958,Telangana,Women SHG,10,72,42.8,52.3,24.16,1145.23,79.9,74.3,59,Yes,1,47.5,0,28441.28,Emergency/Consumption,9400.0,6.1,Yes,1
SHG21959,West Bengal,Women SHG,17,42,30.9,76.7,93.89,5138.3,71.6,40.5,22,Yes,0,,0,0.0,Livestock,24500.0,5.4,Yes,1
SHG21960,West Bengal,Farmer Producer Group,15,12,40.1,82.9,161.06,1488.7,82.3,51.7,8,Yes,0,,0,0.0,Emergency/Consumption,37300.0,8.2,Yes,1
SHG21961,Bihar,Women SHG,12,14,44.8,47.9,67.7,709.6,62.4,81.6,7,No,2,69.6,3,952.17,Home Improvement,79300.0,7.3,Yes,0
SHG21962,Maharashtra,Women SHG,9,28,49.7,54.4,20.0,285.7,97.0,73.4,24,Yes,0,,0,0.0,Home Improvement,57300.0,6.3,No,1
SHG21963,West Bengal,Women SHG,17,8,35.1,31.9,137.09,1279.31,97.0,61.8,7,Yes,1,89.8,0,35905.45,Small Business,12800.0,7.7,No,1
SHG21964,Telangana,Women SHG,12,23,48.1,81.4,147.69,3056.06,67.7,94.3,22,Yes,1,80.4,0,12277.25,Education,42300.0,6.8,Yes,1
SHG21965,Tamil Nadu,Mixed SHG,18,9,36.2,58.8,38.47,486.0,90.0,57.1,5,Yes,2,81.8,0,9536.77,Small Business,82000.0,7.7,No,1
SHG21966,Odisha,Women SHG,11,19,42.0,27.2,86.01,1262.71,67.9,88.1,10,Yes,3,85.8,0,37779.4,Small Business,26600.0,10.0,Yes,1
SHG21967,Andhra Pradesh,Women SHG,11,45,27.5,70.0,20.0,724.79,84.1,49.7,40,Yes,3,82.5,0,7561.45,Small Business,32700.0,6.7,No,1
SHG21968,Odisha,Women SHG,12,16,25.5,47.4,35.57,468.85,86.9,78.5,8,Yes,3,79.5,0,22080.25,Small Business,7300.0,5.7,No,0
SHG21969,Telangana,Mixed SHG,15,36,37.3,52.1,124.45,4496.83,89.9,85.4,24,Yes,3,84.3,1,36870.55,Livestock,26300.0,5.2,No,1
SHG21970,Karnataka,Women SHG,12,7,45.8,47.1,284.79,1625.78,32.2,80.0,5,Yes,2,80.7,1,16257.68,Agriculture,55400.0,8.3,Yes,1
SHG21971,West Bengal,Women SHG,15,39,39.8,59.7,73.4,2217.66,63.5,96.2,27,Yes,3,76.5,0,9070.58,Emergency/Consumption,6900.0,7.8,Yes,1
SHG21972,Maharashtra,Women SHG,10,30,57.6,66.7,92.63,2201.06,84.2,64.4,26,Yes,1,68.4,0,6211.16,Agriculture,56900.0,6.9,No,0
SHG21973,Karnataka,Women SHG,18,28,36.4,84.1,67.63,2006.85,60.9,92.8,14,Yes,0,,0,0.0,Small Business,20800.0,9.0,Yes,1
SHG21974,Kerala,Women SHG,12,52,33.0,52.1,60.25,3017.23,73.9,90.5,33,Yes,3,76.2,0,9464.31,Agriculture,47000.0,5.7,Yes,1
SHG21975,Uttar Pradesh,Mixed SHG,13,38,39.2,91.4,86.91,3133.7,65.8,76.5,20,No,1,90.3,1,20913.57,Livestock,80400.0,6.9,Yes,1
SHG21976,Bihar,Women SHG,12,49,46.0,43.3,192.6,5775.7,74.1,70.1,35,Yes,0,,0,0.0,Small Business,30800.0,6.6,No,1
SHG21977,Andhra Pradesh,Mixed SHG,8,48,32.2,70.8,147.93,3421.96,80.1,98.1,32,Yes,2,69.0,0,16507.47,Livestock,7900.0,3.1,Yes,0
SHG21978,Maharashtra,Women SHG,17,37,46.8,41.9,20.0,646.65,73.4,93.5,30,Yes,0,,0,0.0,Emergency/Consumption,26100.0,7.5,Yes,0
SHG21979,Uttar Pradesh,Women SHG,13,23,38.3,67.5,52.93,1162.16,78.3,71.2,19,Yes,1,66.0,0,38213.5,Emergency/Consumption,7000.0,3.0,No,0
SHG21980,Bihar,Mixed SHG,11,23,40.1,76.0,80.03,1331.31,75.5,87.1,12,Yes,0,,0,0.0,Home Improvement,31000.0,9.8,Yes,1
SHG21981,Tamil Nadu,Mixed SHG,9,15,25.6,32.6,241.96,1951.03,60.1,89.7,11,Yes,1,83.5,1,5476.85,Small Business,26600.0,8.5,No,1
SHG21982,Andhra Pradesh,Women SHG,11,54,29.2,55.4,157.41,6109.38,88.7,79.2,28,Yes,1,77.9,0,25478.1,Agriculture,28500.0,8.0,Yes,1
SHG21983,Odisha,Women SHG,12,19,48.8,71.4,109.68,1309.78,41.1,41.1,12,Yes,1,72.5,0,41673.14,Education,30800.0,8.0,No,0
SHG21984,Maharashtra,Women SHG,12,19,44.3,44.0,54.55,897.4,56.4,69.0,17,Yes,3,47.6,1,9530.88,Small Business,38000.0,6.4,Yes,0
SHG21985,Maharashtra,Mixed SHG,8,32,25.5,48.4,128.02,2265.36,50.8,79.9,20,Yes,0,,0,0.0,Education,58700.0,7.8,Yes,0
SHG21986,Tamil Nadu,Mixed SHG,15,24,42.1,75.6,123.17,3169.54,92.8,78.8,13,Yes,1,82.1,1,18506.52,Agriculture,53400.0,8.0,Yes,1
SHG21987,Uttar Pradesh,Farmer Producer Group,14,95,35.4,79.3,63.47,5663.98,98.2,70.5,68,Yes,0,,0,0.0,Small Business,36800.0,6.0,No,1
SHG21988,Andhra Pradesh,Women SHG,13,26,37.5,82.3,31.38,732.61,70.0,84.3,24,Yes,1,80.5,0,30211.86,Home Improvement,5000.0,6.8,No,1
SHG21989,Tamil Nadu,Women SHG,13,95,41.2,42.0,143.14,11378.98,77.3,85.8,84,Yes,1,75.9,0,26821.3,Small Business,10300.0,5.9,No,1
SHG21990,Kerala,Women SHG,10,33,29.4,47.3,114.78,2586.67,76.6,66.2,22,Yes,0,,0,0.0,Agriculture,27500.0,6.1,Yes,0
SHG21991,Telangana,Women SHG,13,11,55.6,70.2,45.54,439.99,86.3,73.4,9,Yes,1,56.8,0,17553.67,Livestock,12500.0,3.3,Yes,1
SHG21992,Andhra Pradesh,Mixed SHG,13,69,37.2,52.5,77.49,5198.39,80.4,86.9,37,Yes,1,88.9,0,14292.92,Education,33100.0,9.7,Yes,1
SHG21993,Telangana,Women SHG,11,33,34.2,63.9,172.85,5225.74,57.3,91.5,22,Yes,4,92.4,0,28002.15,Emergency/Consumption,13100.0,6.8,Yes,1
SHG21994,Telangana,Farmer Producer Group,13,17,28.5,35.8,43.38,705.23,57.6,71.5,12,Yes,3,67.9,0,20649.54,Emergency/Consumption,89400.0,6.8,Yes,0
SHG21995,Karnataka,Women SHG,16,6,49.6,66.8,234.22,1808.67,81.3,76.2,5,Yes,1,66.0,0,14793.84,Agriculture,32300.0,8.3,Yes,0
SHG21996,Karnataka,Women SHG,8,31,37.7,39.4,86.41,1223.39,70.4,78.8,25,Yes,4,90.0,0,25176.76,Home Improvement,15300.0,5.4,Yes,1
SHG21997,Odisha,Farmer Producer Group,8,52,49.7,66.6,87.47,2908.93,69.5,91.0,31,Yes,4,88.6,0,8488.2,Agriculture,20800.0,8.6,No,1
SHG21998,Karnataka,Mixed SHG,13,21,45.2,41.6,92.65,1280.72,35.0,78.2,15,Yes,4,74.7,1,30715.91,Agriculture,60600.0,6.2,Yes,1
SHG21999,Karnataka,Women SHG,11,12,25.7,62.9,22.25,171.63,36.1,93.2,10,Yes,1,77.7,0,9946.55,Agriculture,20300.0,8.0,No,0
SHG22000,Maharashtra,Women SHG,8,25,44.1,80.0,251.5,3306.92,93.3,62.3,23,Yes,1,96.0,0,19037.71,Emergency/Consumption,36500.0,8.0,Yes,1
SHG22001,Karnataka,Women SHG,10,7,34.0,27.3,66.01,380.5,71.1,92.1,4,Yes,2,79.9,1,10089.04,Agriculture,31100.0,7.4,Yes,1
SHG22002,Andhra Pradesh,Women SHG,12,32,34.1,79.4,62.32,1557.58,64.7,81.3,29,Yes,0,,0,0.0,Small Business,74000.0,8.0,No,1
SHG22003,Andhra Pradesh,Mixed SHG,15,11,38.3,85.7,119.95,1576.01,57.9,57.8,10,Yes,2,73.1,0,12105.16,Home Improvement,37300.0,7.4,Yes,1
SHG22004,Kerala,Women SHG,13,82,38.9,54.4,61.3,4687.62,78.8,86.4,42,Yes,4,82.5,0,5789.77,Small Business,18700.0,5.8,Yes,1
SHG22005,Odisha,Women SHG,8,25,29.9,77.0,59.87,816.99,60.9,67.6,15,Yes,3,91.0,0,51569.45,Small Business,15800.0,7.2,Yes,1
SHG22006,Odisha,Farmer Producer Group,8,10,45.6,98.9,155.21,941.83,73.3,91.6,6,No,2,76.2,0,11119.35,Emergency/Consumption,23800.0,5.9,Yes,0
SHG22007,Odisha,Women SHG,17,36,27.3,31.6,52.24,1871.35,35.0,81.1,21,No,2,83.5,0,8084.02,Agriculture,31700.0,7.3,No,1
SHG22008,Andhra Pradesh,Women SHG,10,12,46.1,39.2,258.33,1635.3,70.8,58.7,9,Yes,0,,0,0.0,Small Business,45900.0,9.7,No,0
SHG22009,Maharashtra,Farmer Producer Group,14,24,27.2,73.6,134.28,3669.55,75.1,56.0,21,Yes,1,81.9,0,10272.05,Agriculture,6500.0,6.3,Yes,1
SHG22010,Odisha,Women SHG,11,12,43.0,80.9,206.91,1673.82,86.2,87.9,6,No,3,67.4,0,18619.47,Emergency/Consumption,12800.0,7.3,Yes,1
SHG22011,West Bengal,Women SHG,12,17,31.0,85.3,36.41,490.46,77.9,81.1,9,No,0,,0,0.0,Emergency/Consumption,34400.0,7.5,Yes,1
SHG22012,Odisha,Mixed SHG,12,25,30.9,34.1,173.9,3115.98,77.4,49.4,17,Yes,3,69.3,0,8536.21,Small Business,79900.0,6.4,Yes,1
SHG22013,Tamil Nadu,Women SHG,14,19,42.9,65.6,206.73,3848.45,83.9,79.2,15,Yes,0,,0,0.0,Agriculture,41800.0,7.4,Yes,1
SHG22014,Tamil Nadu,Farmer Producer Group,10,12,48.3,75.7,96.07,943.69,69.2,72.0,6,Yes,1,80.4,0,11742.74,Livestock,74600.0,4.7,Yes,1
SHG22015,Tamil Nadu,Women SHG,17,70,39.2,57.8,20.0,1639.25,76.8,55.4,54,Yes,2,78.0,0,16796.36,Home Improvement,20700.0,8.6,Yes,1
SHG22016,Kerala,Women SHG,15,35,36.8,77.9,34.08,1113.08,85.8,57.1,27,Yes,3,93.3,1,13672.25,Small Business,16700.0,4.8,No,1
SHG22017,Bihar,Mixed SHG,11,26,38.6,56.6,44.8,837.21,62.3,63.0,16,Yes,1,86.0,1,2654.45,Agriculture,30000.0,5.5,Yes,1
SHG22018,West Bengal,Women SHG,11,51,44.4,80.9,115.36,5120.39,83.1,95.9,35,No,2,84.1,0,24667.1,Emergency/Consumption,15600.0,6.8,No,1
SHG22019,Kerala,Women SHG,16,37,34.1,46.9,206.09,9815.64,72.1,92.2,22,Yes,0,,0,0.0,Home Improvement,95100.0,6.1,Yes,1
SHG22020,Tamil Nadu,Women SHG,14,53,35.4,44.1,257.14,14715.38,80.8,82.7,40,Yes,1,66.3,1,16992.88,Emergency/Consumption,32900.0,6.6,No,1
SHG22021,Andhra Pradesh,Women SHG,12,56,59.5,38.7,213.22,8100.62,42.2,85.9,46,Yes,0,,0,0.0,Agriculture,16500.0,7.8,No,1
SHG22022,Bihar,Women SHG,10,20,29.2,50.3,102.04,1642.57,87.5,68.5,15,Yes,1,77.3,0,28242.79,Education,36900.0,6.9,No,1
SHG22023,Andhra Pradesh,Women SHG,13,15,28.7,67.9,132.77,1948.9,53.0,89.0,11,Yes,1,76.7,0,6325.69,Education,51200.0,8.0,No,1
SHG22024,Odisha,Women SHG,11,3,43.5,54.8,91.88,196.23,57.6,83.9,2,Yes,0,,0,0.0,Agriculture,27300.0,6.9,Yes,1
SHG22025,Karnataka,Women SHG,17,56,33.4,41.5,165.49,12062.13,49.8,86.0,41,Yes,1,73.7,0,7003.04,Agriculture,19100.0,7.3,No,0
SHG22026,Tamil Nadu,Women SHG,11,31,43.9,51.8,26.27,563.11,71.2,79.8,27,No,3,46.6,0,7805.35,Small Business,62100.0,6.6,No,0
SHG22027,West Bengal,Women SHG,14,59,33.6,98.3,83.62,5646.59,64.1,41.9,48,Yes,1,94.1,0,4585.0,Small Business,68800.0,8.0,Yes,0
SHG22028,Maharashtra,Women SHG,12,5,32.3,82.6,415.47,1911.2,75.8,85.7,4,Yes,0,,0,0.0,Small Business,58300.0,5.3,Yes,0
SHG22029,Telangana,Women SHG,8,11,49.3,64.7,104.03,474.56,80.8,75.3,8,Yes,0,,0,0.0,Emergency/Consumption,38900.0,6.3,Yes,1
SHG22030,Maharashtra,Mixed SHG,14,3,61.4,74.2,20.0,45.78,49.8,88.1,3,Yes,0,,0,0.0,Emergency/Consumption,27400.0,7.0,Yes,0
SHG22031,Tamil Nadu,Women SHG,20,26,35.1,73.5,392.96,12759.21,78.1,82.5,13,Yes,1,68.4,1,22430.42,Small Business,33400.0,9.5,Yes,1
SHG22032,Kerala,Mixed SHG,13,13,29.6,72.9,55.93,566.87,82.8,80.5,8,Yes,0,,0,0.0,Agriculture,33400.0,4.0,No,0
SHG22033,Bihar,Women SHG,20,34,26.9,54.0,54.04,2934.81,79.5,89.9,23,Yes,0,,0,0.0,Emergency/Consumption,25700.0,7.6,No,1
SHG22034,West Bengal,Women SHG,10,38,33.2,66.2,46.81,1194.89,53.4,91.7,26,Yes,1,68.3,0,7209.32,Agriculture,7200.0,5.1,No,0
SHG22035,Uttar Pradesh,Women SHG,13,27,33.8,68.3,74.26,1962.36,81.3,61.8,22,Yes,0,,0,0.0,Livestock,56300.0,8.1,No,1
SHG22036,Telangana,Women SHG,16,30,39.0,66.8,47.45,1766.46,62.9,85.4,22,Yes,0,,0,0.0,Agriculture,40300.0,7.3,Yes,0
SHG22037,Tamil Nadu,Mixed SHG,12,5,27.3,83.4,78.0,255.08,61.0,69.7,3,No,0,,0,0.0,Small Business,14100.0,10.0,Yes,0
SHG22038,Odisha,Women SHG,16,8,33.6,89.4,53.82,550.06,87.7,73.0,5,Yes,2,61.3,0,22557.37,Livestock,33100.0,6.0,Yes,1
SHG22039,Kerala,Women SHG,11,40,48.5,56.3,233.67,8456.8,58.4,88.2,30,Yes,1,79.9,0,15932.82,Small Business,39600.0,5.4,No,1
SHG22040,Telangana,Women SHG,13,28,36.7,59.9,200.82,4259.1,96.2,92.6,26,Yes,3,75.6,0,26481.16,Livestock,43300.0,8.0,Yes,1
SHG22041,Tamil Nadu,Farmer Producer Group,13,19,32.9,80.7,89.57,1526.85,82.0,64.2,15,No,4,92.4,1,3532.8,Agriculture,16300.0,6.5,Yes,0
SHG22042,Karnataka,Women SHG,11,13,29.3,49.9,59.9,552.27,54.0,61.4,9,Yes,0,,0,0.0,Livestock,24000.0,7.4,Yes,1
SHG22043,Bihar,Women SHG,16,21,41.9,59.1,58.46,1510.13,56.3,79.1,17,Yes,0,,0,0.0,Small Business,11900.0,5.8,Yes,0
SHG22044,Andhra Pradesh,Women SHG,13,41,48.3,73.2,79.53,2748.43,94.5,65.1,21,No,1,84.8,0,36112.16,Livestock,10600.0,5.5,Yes,0
SHG22045,Bihar,Women SHG,16,35,32.4,23.6,20.0,568.48,87.4,85.7,20,No,1,84.6,1,37217.99,Home Improvement,21800.0,3.4,Yes,1
SHG22046,Uttar Pradesh,Women SHG,14,29,43.8,88.1,190.99,6247.33,68.5,69.4,25,Yes,1,82.0,1,7586.38,Agriculture,10200.0,7.3,No,1
SHG22047,Maharashtra,Women SHG,18,43,57.3,83.9,202.03,12235.63,46.3,51.0,23,Yes,2,55.5,0,8273.86,Small Business,10400.0,6.2,Yes,0
SHG22048,Tamil Nadu,Women SHG,10,30,36.6,71.3,241.6,3669.26,83.4,58.6,21,No,1,88.6,0,17946.67,Small Business,47600.0,7.0,No,1
SHG22049,Bihar,Women SHG,15,30,48.2,27.4,167.32,4760.22,39.4,94.6,21,Yes,2,95.1,0,12521.93,Agriculture,21200.0,6.2,No,0
SHG22050,Telangana,Women SHG,13,9,55.0,45.8,37.82,326.13,88.0,65.2,8,No,2,47.4,0,17730.89,Education,11200.0,6.1,No,0
SHG22051,Telangana,Women SHG,13,15,46.9,67.4,77.11,1250.03,41.5,89.9,14,Yes,0,,0,0.0,Home Improvement,59400.0,6.7,No,0
SHG22052,Telangana,Women SHG,10,16,51.2,66.2,368.2,3506.98,94.8,90.7,15,Yes,3,89.2,0,15824.2,Home Improvement,14500.0,7.1,Yes,1
SHG22053,Maharashtra,Women SHG,15,13,43.4,64.4,44.11,708.47,70.9,51.4,7,Yes,4,76.1,0,10423.2,Emergency/Consumption,24800.0,8.9,Yes,0
SHG22054,Bihar,Mixed SHG,10,8,40.5,65.4,42.49,174.44,69.9,70.0,7,Yes,2,87.8,0,299.42,Emergency/Consumption,44200.0,8.0,Yes,1
SHG22055,Tamil Nadu,Mixed SHG,18,5,38.6,40.2,95.5,601.75,82.6,83.2,4,Yes,0,,0,0.0,Agriculture,54200.0,6.1,No,1
SHG22056,West Bengal,Women SHG,11,34,37.3,69.6,144.21,3876.34,56.5,93.2,24,Yes,0,,0,0.0,Livestock,33400.0,6.6,No,0
SHG22057,West Bengal,Farmer Producer Group,8,11,45.7,91.1,123.43,643.79,92.0,65.3,10,No,2,78.5,0,34249.02,Livestock,33800.0,10.0,Yes,1
SHG22058,Telangana,Women SHG,13,16,30.4,41.5,67.21,916.53,38.2,89.0,15,Yes,1,39.1,0,34059.51,Small Business,16800.0,4.0,No,1
SHG22059,Karnataka,Women SHG,13,58,44.8,96.1,54.24,3006.1,85.5,27.1,37,Yes,3,91.9,0,23752.93,Agriculture,8500.0,6.6,Yes,1
SHG22060,Karnataka,Mixed SHG,15,35,46.3,80.0,286.16,11727.34,37.4,69.7,33,Yes,0,,0,0.0,Livestock,34400.0,9.5,No,1
SHG22061,Karnataka,Women SHG,12,61,46.3,76.5,74.43,4213.55,49.8,71.4,44,Yes,0,,0,0.0,Small Business,12700.0,6.9,Yes,1
SHG22062,Uttar Pradesh,Mixed SHG,14,65,36.0,52.8,331.03,21787.98,91.5,80.3,49,Yes,2,82.6,0,2972.13,Home Improvement,22500.0,7.9,Yes,1
SHG22063,Odisha,Women SHG,13,67,41.5,95.2,149.63,10226.73,34.7,71.1,42,Yes,3,88.5,0,5345.07,Home Improvement,6000.0,4.9,Yes,1
SHG22064,Telangana,Women SHG,9,34,50.0,74.5,277.97,4307.6,60.2,89.3,27,Yes,1,86.0,0,24181.3,Agriculture,34600.0,6.1,Yes,1
SHG22065,Karnataka,Women SHG,10,51,47.0,100.0,50.45,1628.45,75.8,76.1,35,Yes,2,85.4,0,33362.14,Education,12400.0,6.7,Yes,0
SHG22066,Uttar Pradesh,Farmer Producer Group,14,14,55.4,79.8,147.07,1524.79,55.5,86.7,12,Yes,0,,0,0.0,Livestock,19000.0,5.8,No,0
SHG22067,Karnataka,Farmer Producer Group,11,23,40.8,46.1,22.83,303.23,61.4,88.5,12,Yes,0,,0,0.0,Education,47400.0,3.1,Yes,1
SHG22068,Telangana,Farmer Producer Group,11,25,40.3,73.4,256.14,5557.25,73.6,63.4,22,Yes,1,79.0,0,9752.85,Small Business,31300.0,6.1,Yes,1
SHG22069,Uttar Pradesh,Farmer Producer Group,14,23,34.2,84.9,110.24,2663.24,80.0,83.4,21,Yes,0,,0,0.0,Small Business,53800.0,6.4,No,1
SHG22070,Karnataka,Women SHG,12,23,41.4,76.0,150.25,2232.27,87.9,74.3,12,Yes,0,,0,0.0,Agriculture,36500.0,6.4,No,0
SHG22071,Maharashtra,Women SHG,9,22,33.7,78.1,73.79,1206.39,62.3,75.6,18,Yes,0,,0,0.0,Small Business,36400.0,9.1,No,1
SHG22072,Odisha,Women SHG,8,82,50.7,41.3,186.59,8147.45,84.1,62.7,45,Yes,0,,0,0.0,Agriculture,18300.0,5.6,Yes,1
SHG22073,Karnataka,Women SHG,12,10,37.7,56.2,141.8,1164.06,68.8,89.5,8,Yes,1,69.0,1,6616.56,Livestock,46100.0,6.8,No,1
SHG22074,Odisha,Women SHG,14,63,56.0,75.1,379.24,17893.04,43.4,60.5,37,No,0,,0,0.0,Livestock,11100.0,4.7,Yes,0
SHG22075,Telangana,Women SHG,11,74,43.0,45.8,338.32,15534.82,84.0,85.2,58,Yes,1,59.6,1,26526.91,Livestock,33800.0,9.5,Yes,1
SHG22076,West Bengal,Women SHG,11,19,30.7,77.6,106.23,1475.44,83.1,53.8,17,Yes,1,77.7,1,61353.16,Small Business,20300.0,9.1,Yes,1
SHG22077,Tamil Nadu,Women SHG,15,5,27.1,100.0,92.97,542.51,69.7,75.6,3,Yes,0,,0,0.0,Agriculture,52500.0,8.0,Yes,1
SHG22078,Uttar Pradesh,Farmer Producer Group,11,35,32.1,44.0,87.46,2511.96,80.6,81.8,24,Yes,1,84.1,0,8489.19,Agriculture,13700.0,8.0,No,1
SHG22079,Uttar Pradesh,Mixed SHG,11,15,28.6,76.9,27.21,265.65,45.3,75.8,11,Yes,1,61.9,1,9826.37,Livestock,5000.0,8.9,Yes,0
SHG22080,Andhra Pradesh,Women SHG,11,26,47.4,75.0,95.02,1403.85,84.0,75.1,22,Yes,2,66.8,0,18098.1,Agriculture,14500.0,4.8,Yes,1
SHG22081,Karnataka,Women SHG,15,8,50.3,34.7,44.55,426.45,74.3,82.8,5,Yes,2,57.3,1,6962.25,Emergency/Consumption,14800.0,8.5,No,0
SHG22082,Tamil Nadu,Women SHG,18,15,30.9,77.8,128.7,2439.56,67.0,81.2,8,Yes,2,58.1,0,9832.1,Small Business,13200.0,6.9,Yes,1
SHG22083,Uttar Pradesh,Mixed SHG,17,31,44.6,31.1,342.16,10284.17,53.3,57.2,23,Yes,0,,0,0.0,Small Business,17800.0,6.1,Yes,0
SHG22084,Telangana,Women SHG,13,32,32.2,91.3,47.29,1346.85,60.8,80.6,27,Yes,0,,0,0.0,Small Business,38100.0,7.4,Yes,1
SHG22085,Bihar,Women SHG,16,22,39.8,49.4,100.17,2892.77,70.6,59.0,16,Yes,0,,0,0.0,Small Business,9700.0,8.0,Yes,1
SHG22086,Odisha,Women SHG,10,47,36.0,82.7,118.27,3618.08,66.9,57.3,44,Yes,1,65.4,2,5846.75,Education,56200.0,6.4,No,0
SHG22087,Telangana,Women SHG,14,28,38.2,47.2,153.12,3900.18,48.0,88.9,20,Yes,1,81.5,0,6181.39,Livestock,23600.0,5.7,Yes,1
SHG22088,Telangana,Women SHG,13,29,38.1,67.9,124.5,3167.89,64.2,61.4,18,Yes,2,75.3,1,17268.74,Small Business,7900.0,6.9,Yes,1
SHG22089,Uttar Pradesh,Women SHG,10,8,32.1,79.9,185.94,793.96,60.7,90.2,4,Yes,1,72.7,0,10745.48,Agriculture,59700.0,7.9,Yes,1
SHG22090,Karnataka,Mixed SHG,11,34,38.5,72.2,174.67,5268.41,80.8,61.4,28,Yes,1,92.3,0,10012.11,Agriculture,49300.0,5.6,Yes,1
SHG22091,Maharashtra,Women SHG,11,26,37.3,45.8,65.96,970.01,42.2,78.9,14,Yes,3,69.9,0,31288.23,Home Improvement,30300.0,8.4,Yes,0
SHG22092,Karnataka,Farmer Producer Group,9,52,48.9,58.6,362.64,11747.98,96.2,71.8,30,Yes,1,65.0,0,19392.3,Livestock,17400.0,8.8,Yes,1
SHG22093,Telangana,Farmer Producer Group,10,41,32.8,81.6,20.0,496.38,70.8,60.2,24,Yes,3,80.2,0,21286.99,Agriculture,42600.0,4.1,No,0
SHG22094,Tamil Nadu,Mixed SHG,13,6,44.5,69.7,354.82,1605.97,69.5,91.4,3,No,3,71.5,0,11185.24,Small Business,41000.0,7.7,Yes,1
SHG22095,Karnataka,Women SHG,9,30,37.7,71.9,79.82,1388.14,80.4,80.3,19,Yes,0,,0,0.0,Small Business,35000.0,4.1,Yes,1
SHG22096,Odisha,Women SHG,8,7,31.3,71.0,50.91,153.75,75.1,86.1,4,Yes,1,38.8,0,28734.98,Small Business,27100.0,10.0,Yes,0
SHG22097,Telangana,Women SHG,9,24,44.2,43.2,78.08,845.56,77.4,92.6,21,Yes,2,89.0,1,25324.58,Home Improvement,27600.0,7.6,Yes,1
SHG22098,Maharashtra,Women SHG,15,27,39.0,46.2,95.41,2794.82,77.2,90.8,14,Yes,2,88.6,0,6894.59,Small Business,17100.0,8.2,Yes,1
SHG22099,Telangana,Women SHG,11,5,29.5,60.2,74.68,217.4,70.9,59.2,4,Yes,0,,0,0.0,Emergency/Consumption,7900.0,6.0,Yes,0
SHG22100,West Bengal,Mixed SHG,12,47,38.0,73.7,66.41,2497.76,62.8,79.7,42,Yes,1,73.8,0,9105.69,Agriculture,57400.0,7.2,No,1
SHG22101,Karnataka,Mixed SHG,20,69,49.5,42.2,168.19,15305.16,94.9,60.4,54,Yes,2,45.0,1,18563.36,Agriculture,82900.0,8.8,No,0
SHG22102,West Bengal,Mixed SHG,11,38,30.9,96.1,83.29,2856.89,85.8,58.3,19,Yes,2,75.3,0,55455.43,Emergency/Consumption,21800.0,5.7,No,1
SHG22103,Telangana,Mixed SHG,8,49,25.9,70.4,136.56,4312.56,78.9,76.2,40,Yes,2,60.2,0,28751.78,Livestock,14800.0,6.1,Yes,1
SHG22104,Tamil Nadu,Farmer Producer Group,15,39,56.5,54.5,61.74,1916.59,60.7,90.1,26,Yes,0,,0,0.0,Agriculture,64400.0,7.2,Yes,0
SHG22105,Uttar Pradesh,Women SHG,18,11,53.6,66.2,87.44,1414.6,60.9,63.6,8,Yes,2,92.3,3,14531.03,Agriculture,47900.0,6.9,Yes,1
SHG22106,Tamil Nadu,Mixed SHG,13,18,38.9,71.1,54.89,919.81,86.3,84.5,9,Yes,1,63.8,1,6674.92,Emergency/Consumption,20400.0,7.1,Yes,1
SHG22107,Telangana,Women SHG,13,24,46.4,50.5,316.67,5892.14,25.6,71.8,20,Yes,3,89.7,0,11504.37,Small Business,5000.0,6.2,Yes,1
SHG22108,Uttar Pradesh,Farmer Producer Group,13,19,22.1,68.3,59.2,1141.28,65.5,79.7,12,Yes,0,,0,0.0,Home Improvement,96700.0,7.3,Yes,1
SHG22109,Maharashtra,Women SHG,15,63,45.5,47.4,24.29,1443.96,65.0,92.2,35,Yes,3,79.8,0,9023.8,Agriculture,47200.0,5.7,No,1
SHG22110,Maharashtra,Women SHG,18,22,53.9,54.9,68.26,1507.42,56.9,88.6,13,Yes,1,82.7,1,17524.22,Home Improvement,53700.0,8.4,Yes,1
SHG22111,Karnataka,Women SHG,10,16,26.9,60.8,70.03,622.95,61.7,95.3,9,No,0,,0,0.0,Home Improvement,15800.0,7.9,Yes,1
SHG22112,Tamil Nadu,Women SHG,13,6,40.2,49.9,37.34,221.15,77.9,92.3,3,Yes,1,78.6,1,10568.82,Home Improvement,25600.0,7.8,Yes,1
SHG22113,Uttar Pradesh,Women SHG,9,54,36.1,70.1,48.51,1179.83,73.3,39.6,49,Yes,4,91.2,1,5548.35,Livestock,27300.0,3.6,Yes,0
SHG22114,Odisha,Women SHG,17,55,22.6,54.0,368.24,25406.89,91.4,34.2,51,Yes,2,97.1,0,25302.85,Home Improvement,18800.0,8.1,No,1
SHG22115,Odisha,Women SHG,10,14,37.2,75.1,276.85,2177.43,85.6,51.7,7,Yes,1,59.2,0,38734.85,Agriculture,21000.0,8.8,Yes,0
SHG22116,Kerala,Women SHG,14,36,36.6,55.2,212.82,7419.22,55.4,89.8,22,Yes,1,78.7,0,6264.81,Emergency/Consumption,10900.0,4.3,Yes,1
SHG22117,Karnataka,Women SHG,8,45,38.3,62.6,96.43,2207.11,87.7,89.0,40,No,0,,0,0.0,Small Business,68200.0,7.5,Yes,0
SHG22118,Andhra Pradesh,Women SHG,17,90,20.8,75.3,99.1,10987.33,85.2,96.2,61,No,1,49.1,0,18811.07,Education,5000.0,6.0,Yes,1
SHG22119,Andhra Pradesh,Women SHG,10,13,40.4,61.9,156.9,1698.44,73.2,68.0,11,No,2,84.9,0,24202.35,Agriculture,92000.0,7.0,Yes,0
SHG22120,Bihar,Women SHG,15,28,38.8,58.5,35.29,873.9,87.0,74.7,14,No,1,91.0,0,2478.23,Livestock,9000.0,7.4,Yes,1
SHG22121,Telangana,Women SHG,13,59,40.6,64.6,316.13,15952.34,80.9,95.7,36,Yes,1,33.8,1,8810.9,Livestock,95900.0,8.6,Yes,1
SHG22122,Uttar Pradesh,Women SHG,14,30,37.8,88.1,224.47,6856.92,55.8,66.8,20,Yes,3,87.8,0,13219.44,Small Business,16900.0,6.6,No,1
SHG22123,Odisha,Mixed SHG,12,17,43.5,55.2,84.71,1010.8,88.5,75.4,12,Yes,1,75.1,0,37261.66,Education,20800.0,4.6,No,0
SHG22124,Maharashtra,Women SHG,14,44,45.9,24.6,238.21,9566.92,38.8,76.6,36,Yes,1,76.6,0,23031.44,Small Business,19100.0,8.2,Yes,1
SHG22125,Uttar Pradesh,Mixed SHG,20,18,46.0,30.7,153.25,4471.06,71.3,93.0,14,Yes,1,49.9,0,20036.09,Small Business,34800.0,6.9,Yes,1
SHG22126,Maharashtra,Women SHG,11,39,42.0,88.6,87.77,2740.89,73.9,32.8,22,Yes,1,79.1,0,12844.22,Small Business,12900.0,6.4,No,1
SHG22127,Tamil Nadu,Women SHG,12,20,38.1,89.0,38.91,734.04,72.8,68.9,14,Yes,1,78.6,0,21009.52,Livestock,49900.0,6.6,No,0
SHG22128,West Bengal,Women SHG,13,38,37.3,74.5,113.01,3233.22,77.7,90.4,28,Yes,1,63.1,0,12467.87,Small Business,46300.0,7.2,No,0
SHG22129,Maharashtra,Women SHG,14,5,36.5,80.5,95.93,552.55,90.4,85.6,5,Yes,0,,0,0.0,Agriculture,20300.0,9.1,Yes,0
SHG22130,Andhra Pradesh,Women SHG,10,28,28.1,78.9,32.56,527.64,60.5,69.5,22,Yes,1,85.8,2,26763.29,Small Business,36700.0,5.7,Yes,0
SHG22131,Odisha,Mixed SHG,17,36,33.1,43.9,68.6,2163.43,70.4,70.8,24,No,0,,0,0.0,Education,50400.0,6.5,Yes,1
SHG22132,West Bengal,Women SHG,20,17,34.8,74.1,90.09,2442.69,72.4,50.1,12,Yes,2,83.8,1,13718.88,Livestock,97300.0,7.2,No,1
SHG22133,Bihar,Women SHG,17,23,37.2,38.3,75.67,2428.23,73.5,84.0,17,Yes,1,88.8,1,12830.05,Agriculture,18500.0,6.6,No,0
SHG22134,West Bengal,Women SHG,20,29,50.4,50.8,301.5,10943.69,97.6,68.9,24,Yes,3,94.7,1,10010.68,Small Business,24100.0,8.1,No,1
SHG22135,Karnataka,Women SHG,17,16,43.8,60.4,23.28,461.32,62.4,81.5,14,Yes,1,55.1,0,22239.59,Emergency/Consumption,17900.0,5.3,Yes,1
SHG22136,Odisha,Women SHG,13,38,21.8,72.1,77.82,1987.63,56.4,91.0,35,No,2,86.8,0,12930.84,Small Business,5300.0,5.8,No,1
SHG22137,Maharashtra,Women SHG,14,18,30.1,67.2,142.15,2706.85,53.0,90.9,12,Yes,1,81.7,0,6632.96,Home Improvement,33500.0,7.8,No,1
SHG22138,Kerala,Women SHG,16,33,35.5,61.0,227.02,9905.28,63.0,90.9,27,Yes,1,64.5,0,5119.45,Livestock,13300.0,6.6,No,1
SHG22139,Karnataka,Farmer Producer Group,15,56,29.0,63.5,157.41,8456.15,63.1,64.6,33,No,0,,0,0.0,Livestock,33100.0,8.1,No,0
SHG22140,Kerala,Women SHG,14,20,33.8,69.5,28.77,629.61,86.6,74.9,12,Yes,2,74.2,1,34669.01,Education,36000.0,9.4,No,1
SHG22141,Telangana,Women SHG,9,48,38.8,70.4,68.78,2075.07,80.6,81.6,30,Yes,0,,0,0.0,Agriculture,21700.0,8.4,No,1
SHG22142,Andhra Pradesh,Women SHG,9,62,33.9,60.1,200.38,6447.28,69.5,94.9,56,Yes,2,96.7,0,2590.85,Agriculture,45900.0,6.7,No,1
SHG22143,Uttar Pradesh,Farmer Producer Group,14,51,48.8,31.4,36.36,1697.98,88.7,80.1,44,Yes,4,83.5,0,11937.34,Agriculture,7700.0,6.5,Yes,1
SHG22144,Telangana,Women SHG,14,56,59.9,52.5,20.0,962.0,67.9,47.7,50,No,1,85.6,0,7051.71,Emergency/Consumption,33000.0,7.0,Yes,1
SHG22145,Andhra Pradesh,Farmer Producer Group,16,19,34.3,51.2,34.07,751.31,85.3,72.9,14,Yes,0,,0,0.0,Agriculture,5900.0,9.1,No,1
SHG22146,West Bengal,Women SHG,9,25,44.7,95.5,87.2,1518.94,97.9,78.7,14,Yes,2,86.5,1,5128.96,Home Improvement,20400.0,7.1,Yes,1
SHG22147,Tamil Nadu,Women SHG,18,40,24.1,60.2,20.61,935.81,76.0,85.2,29,Yes,2,88.2,1,14248.33,Home Improvement,74700.0,5.9,Yes,1
SHG22148,Tamil Nadu,Women SHG,17,20,31.1,72.4,145.59,2723.62,61.1,86.1,13,No,0,,0,0.0,Home Improvement,21900.0,8.0,Yes,0
SHG22149,Karnataka,Women SHG,10,41,20.0,81.1,225.75,6027.58,90.0,64.9,33,Yes,0,,0,0.0,Education,9700.0,5.4,No,1
SHG22150,Kerala,Mixed SHG,17,11,41.3,100.0,156.21,1699.77,76.2,91.6,7,Yes,0,,0,0.0,Home Improvement,45500.0,5.9,Yes,1
SHG22151,Andhra Pradesh,Women SHG,14,20,46.1,75.6,118.05,2151.58,79.4,90.4,16,Yes,1,73.3,0,9368.08,Small Business,19700.0,6.3,No,1
SHG22152,Telangana,Women SHG,11,21,38.2,36.6,97.95,1302.94,72.1,77.0,14,Yes,1,76.4,0,39503.3,Small Business,62900.0,9.1,Yes,1
SHG22153,Bihar,Mixed SHG,16,39,47.5,77.2,76.45,2588.81,90.0,85.6,23,Yes,1,66.0,0,12743.62,Small Business,32800.0,8.4,Yes,1
SHG22154,Maharashtra,Women SHG,13,16,35.7,64.1,167.69,2299.4,93.8,76.1,13,Yes,0,,0,0.0,Agriculture,13200.0,5.7,Yes,1
SHG22155,Andhra Pradesh,Mixed SHG,15,31,31.4,47.3,142.53,4707.1,25.0,92.4,28,Yes,1,87.4,1,26368.25,Small Business,17500.0,8.6,Yes,1
SHG22156,Tamil Nadu,Women SHG,20,17,41.0,42.3,225.5,3998.74,58.9,69.8,10,Yes,0,,0,0.0,Agriculture,18700.0,7.6,No,1
SHG22157,Karnataka,Women SHG,11,26,32.6,69.2,119.53,2212.42,90.7,48.9,23,Yes,3,75.0,0,4835.63,Small Business,45600.0,7.8,Yes,1
SHG22158,Tamil Nadu,Women SHG,8,16,30.9,67.2,63.71,536.75,81.9,50.6,10,Yes,0,,0,0.0,Home Improvement,14900.0,6.7,No,1
SHG22159,Telangana,Women SHG,10,28,52.4,59.6,39.74,694.56,55.6,63.3,17,Yes,1,72.1,0,289.56,Agriculture,20600.0,7.8,Yes,1
SHG22160,Maharashtra,Women SHG,8,20,42.1,41.0,173.29,1867.43,76.8,88.2,12,No,3,41.7,0,15446.3,Emergency/Consumption,33600.0,8.2,Yes,1
SHG22161,Telangana,Women SHG,8,8,32.1,74.5,86.78,377.79,88.8,78.0,7,Yes,0,,0,0.0,Agriculture,36700.0,7.9,Yes,1
SHG22162,Bihar,Mixed SHG,10,45,49.5,61.8,104.73,2540.37,69.6,72.8,23,Yes,3,91.6,0,2500.19,Livestock,21500.0,8.7,Yes,0
SHG22163,Bihar,Women SHG,18,25,35.3,66.8,224.24,7986.42,14.5,94.3,24,Yes,1,51.0,1,6615.17,Livestock,19200.0,5.8,Yes,1
SHG22164,Bihar,Mixed SHG,15,17,32.0,52.5,38.79,645.36,77.1,71.5,12,No,0,,0,0.0,Small Business,22700.0,6.7,Yes,1
SHG22165,Odisha,Women SHG,11,43,39.0,43.7,295.34,8483.38,63.7,81.1,40,Yes,0,,0,0.0,Small Business,10300.0,4.5,Yes,1
SHG22166,West Bengal,Women SHG,13,30,28.2,77.7,201.22,3974.11,84.3,66.8,21,Yes,1,60.6,0,11419.55,Agriculture,33900.0,5.5,No,1
SHG22167,Kerala,Women SHG,9,3,33.8,73.7,221.95,457.96,50.1,85.9,3,Yes,0,,0,0.0,Agriculture,28600.0,5.4,Yes,1
SHG22168,Karnataka,Women SHG,11,12,46.3,66.6,83.83,852.52,93.1,77.8,8,Yes,4,56.8,1,4656.96,Livestock,54000.0,5.7,Yes,1
SHG22169,Bihar,Women SHG,18,32,38.5,64.1,93.96,4315.26,90.7,78.1,25,Yes,2,91.0,0,24372.54,Agriculture,68600.0,6.8,No,1
SHG22170,Uttar Pradesh,Women SHG,16,3,31.4,65.9,137.68,501.35,66.2,79.0,3,No,0,,0,0.0,Livestock,29600.0,7.1,No,0
SHG22171,Maharashtra,Mixed SHG,15,11,41.7,66.4,84.24,1043.65,51.9,88.0,8,Yes,0,,0,0.0,Agriculture,12600.0,7.1,Yes,1
SHG22172,Tamil Nadu,Women SHG,13,23,47.3,69.1,97.23,2215.72,57.8,69.8,14,Yes,2,60.3,0,30262.7,Small Business,53000.0,5.9,Yes,1
SHG22173,Andhra Pradesh,Women SHG,14,7,52.9,81.0,68.64,554.47,85.0,86.2,5,Yes,0,,0,0.0,Small Business,18300.0,7.9,No,1
SHG22174,Odisha,Women SHG,14,17,28.7,91.9,161.76,1953.27,66.7,40.5,16,No,1,80.7,1,5042.22,Emergency/Consumption,32000.0,9.3,Yes,1
SHG22175,Telangana,Women SHG,9,37,32.6,58.3,120.37,2074.57,98.7,67.2,22,Yes,0,,0,0.0,Education,39900.0,6.5,Yes,1
SHG22176,Telangana,Women SHG,15,21,42.0,86.5,121.44,2970.76,79.1,77.0,14,Yes,1,69.6,0,33932.35,Agriculture,11300.0,6.4,Yes,1
SHG22177,Uttar Pradesh,Women SHG,14,51,41.5,77.0,110.83,6100.56,74.9,91.5,37,Yes,2,90.7,0,14141.24,Agriculture,8100.0,6.3,Yes,1
SHG22178,West Bengal,Women SHG,15,124,39.8,79.9,197.38,19914.55,76.1,76.3,71,Yes,0,,0,0.0,Agriculture,60100.0,8.2,No,1
SHG22179,Bihar,Women SHG,9,17,36.6,42.0,161.0,1394.89,97.0,73.9,10,Yes,3,89.7,0,12280.13,Emergency/Consumption,20300.0,4.7,Yes,1
SHG22180,Odisha,Women SHG,10,48,41.0,62.9,81.68,2468.15,82.5,61.8,38,Yes,2,54.6,0,4076.46,Emergency/Consumption,65700.0,8.8,Yes,1
SHG22181,Odisha,Women SHG,14,18,52.3,58.6,41.74,792.5,85.7,60.1,16,Yes,2,58.1,0,5977.75,Emergency/Consumption,11300.0,5.9,No,1
SHG22182,Telangana,Women SHG,18,30,29.6,54.1,48.17,1811.95,59.6,76.4,18,Yes,1,86.5,0,7716.61,Livestock,19700.0,6.1,Yes,1
SHG22183,Karnataka,Women SHG,12,80,46.4,58.3,224.0,15497.75,57.2,42.7,69,Yes,2,81.9,0,19783.38,Livestock,28600.0,9.1,Yes,1
SHG22184,Karnataka,Women SHG,10,22,37.8,68.7,369.72,5717.7,76.0,61.5,20,Yes,3,87.3,1,13916.05,Emergency/Consumption,40500.0,4.7,Yes,1
SHG22185,Tamil Nadu,Mixed SHG,18,37,28.7,100.0,140.23,5124.04,88.1,53.4,29,No,2,71.6,1,10189.05,Livestock,6800.0,7.2,Yes,1
SHG22186,Karnataka,Women SHG,13,11,29.2,68.4,83.59,888.41,81.9,93.9,8,Yes,0,,0,0.0,Agriculture,33400.0,8.5,Yes,1
SHG22187,Karnataka,Women SHG,11,19,44.2,57.0,127.18,1488.2,83.2,60.6,15,Yes,1,81.6,0,37643.64,Livestock,27300.0,7.5,Yes,1
SHG22188,Maharashtra,Women SHG,18,28,39.3,75.5,34.85,914.2,45.9,75.6,21,No,2,86.5,0,1393.09,Education,75000.0,5.6,No,0
SHG22189,Karnataka,Women SHG,16,10,34.3,51.2,20.0,180.23,75.2,97.9,8,Yes,2,57.8,1,1033.4,Small Business,16200.0,7.2,No,1
SHG22190,Uttar Pradesh,Women SHG,10,28,42.2,59.3,90.23,1896.49,66.9,55.2,15,Yes,1,68.8,1,9114.52,Education,68800.0,6.9,Yes,1
SHG22191,Odisha,Women SHG,12,39,44.5,25.1,20.0,692.12,80.1,68.4,27,Yes,3,63.0,1,22074.4,Agriculture,11100.0,6.4,No,0
SHG22192,Kerala,Women SHG,15,19,33.6,82.6,20.0,378.22,62.6,71.1,10,Yes,1,63.4,2,24034.68,Home Improvement,55900.0,5.3,No,0
SHG22193,Odisha,Women SHG,16,42,37.7,65.6,49.13,2697.76,63.4,95.0,36,Yes,2,74.8,0,1412.38,Agriculture,46700.0,7.3,No,1
SHG22194,Maharashtra,Women SHG,15,12,45.0,33.7,77.7,887.83,73.7,97.0,7,Yes,1,84.0,0,5124.49,Agriculture,41000.0,5.8,Yes,1
SHG22195,Bihar,Mixed SHG,10,7,33.2,93.5,132.9,586.3,82.8,64.7,4,Yes,1,85.3,0,18222.09,Agriculture,49900.0,6.7,No,1
SHG22196,Maharashtra,Women SHG,16,40,24.3,78.4,140.12,4853.35,71.5,88.5,28,No,0,,0,0.0,Livestock,48000.0,7.2,Yes,1
SHG22197,Karnataka,Women SHG,8,4,42.2,74.9,36.59,66.87,83.1,61.0,4,Yes,0,,0,0.0,Emergency/Consumption,10700.0,7.8,Yes,1
SHG22198,Kerala,Women SHG,18,20,40.9,54.7,220.89,5251.04,80.0,98.9,18,Yes,1,83.6,1,15619.66,Agriculture,22600.0,5.7,Yes,1
SHG22199,Odisha,Women SHG,8,13,38.8,53.0,134.27,989.87,90.4,60.6,12,Yes,1,91.6,0,10871.87,Education,32000.0,9.0,Yes,1
SHG22200,Kerala,Women SHG,10,51,39.3,68.6,20.0,721.69,93.8,87.7,42,Yes,0,,0,0.0,Small Business,38700.0,9.6,No,1
SHG22201,Andhra Pradesh,Farmer Producer Group,9,24,33.3,61.2,123.46,2109.72,70.2,91.1,16,Yes,2,92.2,0,44900.6,Livestock,5000.0,7.3,Yes,1
SHG22202,Telangana,Mixed SHG,12,54,40.5,78.9,230.07,8363.54,63.0,77.8,48,Yes,3,64.6,1,1110.11,Agriculture,24900.0,8.1,Yes,0
SHG22203,Uttar Pradesh,Women SHG,19,15,30.9,52.6,114.26,2545.23,43.4,94.9,10,Yes,1,75.2,0,11522.34,Agriculture,82300.0,7.8,Yes,0
SHG22204,Andhra Pradesh,Women SHG,11,3,34.8,53.0,91.45,191.13,63.4,73.5,2,Yes,0,,0,0.0,Education,5200.0,4.1,No,0
SHG22205,Tamil Nadu,Women SHG,12,24,30.2,61.5,97.61,1678.84,86.0,63.0,16,Yes,1,71.8,0,25321.29,Agriculture,15000.0,6.7,No,0
SHG22206,Maharashtra,Mixed SHG,15,50,43.9,49.4,222.04,9657.98,70.2,81.9,47,Yes,0,,0,0.0,Home Improvement,9400.0,6.8,Yes,1
SHG22207,Odisha,Women SHG,15,29,43.2,76.1,149.65,4100.0,83.6,93.3,21,Yes,2,51.1,0,68819.48,Emergency/Consumption,14800.0,6.9,Yes,1
SHG22208,Maharashtra,Women SHG,11,74,40.0,86.1,20.0,1238.55,58.3,89.7,57,Yes,1,93.1,1,10485.69,Emergency/Consumption,22400.0,5.9,Yes,0
SHG22209,Odisha,Mixed SHG,12,37,38.1,41.2,38.38,881.53,90.6,90.9,20,Yes,0,,0,0.0,Agriculture,9800.0,7.9,Yes,1
SHG22210,Andhra Pradesh,Mixed SHG,15,21,46.6,58.2,119.45,2697.57,69.5,56.7,12,Yes,3,74.1,2,16876.36,Small Business,33400.0,5.2,No,0
SHG22211,Maharashtra,Women SHG,12,6,39.8,71.2,20.0,116.52,53.4,60.8,4,Yes,4,45.8,0,12680.0,Livestock,19400.0,5.0,No,0
SHG22212,Maharashtra,Farmer Producer Group,13,51,37.1,38.1,52.62,1942.53,51.3,82.2,27,Yes,2,92.2,1,16275.45,Emergency/Consumption,38400.0,5.5,Yes,1
SHG22213,Bihar,Women SHG,15,9,43.6,70.0,113.12,924.09,84.4,68.1,6,Yes,0,,0,0.0,Small Business,32400.0,6.0,No,0
SHG22214,Bihar,Women SHG,10,20,46.5,68.4,67.9,736.78,61.7,80.0,10,Yes,5,90.8,0,11626.43,Agriculture,21000.0,6.8,Yes,0
SHG22215,Tamil Nadu,Women SHG,8,21,42.7,70.6,222.82,3066.94,76.3,90.6,19,Yes,2,62.1,2,6079.44,Small Business,23800.0,8.4,No,0
SHG22216,Karnataka,Women SHG,10,6,45.1,40.3,53.93,226.48,36.5,69.4,4,Yes,2,50.6,0,8120.89,Education,68100.0,6.0,Yes,0
SHG22217,Odisha,Mixed SHG,11,43,33.6,59.8,20.0,582.02,70.2,41.5,34,Yes,2,83.9,0,3750.66,Small Business,36000.0,2.7,Yes,1
SHG22218,Maharashtra,Women SHG,12,12,31.8,61.4,27.44,213.62,59.3,57.5,6,Yes,0,,0,0.0,Agriculture,5000.0,5.2,No,1
SHG22219,Tamil Nadu,Women SHG,16,48,47.1,79.0,194.09,8193.88,78.0,91.0,26,Yes,2,89.7,1,17788.69,Small Business,16000.0,9.8,Yes,1
SHG22220,Karnataka,Women SHG,15,11,25.9,82.1,88.29,813.76,79.5,90.6,7,Yes,2,76.2,0,9994.68,Emergency/Consumption,59100.0,6.4,No,1
SHG22221,Telangana,Farmer Producer Group,18,23,34.0,23.2,158.91,4593.09,98.1,64.9,14,Yes,1,66.8,0,27498.14,Small Business,41500.0,8.4,No,1
SHG22222,West Bengal,Women SHG,17,44,39.4,40.6,121.51,6435.85,69.7,38.7,35,Yes,1,87.3,0,22689.65,Small Business,27500.0,8.3,Yes,1
SHG22223,Andhra Pradesh,Women SHG,15,82,32.1,94.6,109.56,10622.0,73.0,94.3,62,Yes,1,72.0,2,47229.7,Livestock,15400.0,6.5,Yes,0
SHG22224,Tamil Nadu,Women SHG,11,27,42.4,54.6,20.0,323.85,51.0,67.7,18,Yes,3,93.1,1,3031.23,Education,33000.0,9.7,Yes,1
SHG22225,West Bengal,Women SHG,13,11,46.5,63.6,76.61,681.38,64.3,93.3,10,Yes,4,57.7,0,18933.84,Agriculture,62900.0,8.1,Yes,0
SHG22226,Uttar Pradesh,Women SHG,12,12,28.4,47.5,62.89,581.99,61.3,78.2,9,Yes,3,57.6,0,10069.91,Education,33100.0,9.2,Yes,1
SHG22227,Bihar,Women SHG,11,83,37.3,47.3,41.99,2970.03,68.0,61.1,68,Yes,1,86.3,0,34185.8,Livestock,21800.0,7.3,Yes,1
SHG22228,Bihar,Women SHG,13,20,21.0,57.6,146.95,2515.07,68.8,90.0,15,Yes,2,78.1,0,1461.94,Livestock,19900.0,8.2,No,1
SHG22229,Maharashtra,Women SHG,12,11,48.7,59.3,97.47,664.86,35.8,43.9,8,No,1,95.0,0,11157.68,Livestock,55100.0,7.1,No,0
SHG22230,Odisha,Mixed SHG,16,12,27.8,35.6,36.44,429.6,82.2,64.1,7,Yes,1,93.9,2,6884.91,Small Business,13200.0,7.4,Yes,1
SHG22231,Andhra Pradesh,Farmer Producer Group,8,3,32.3,83.2,238.94,458.14,80.6,83.7,3,Yes,0,,0,0.0,Education,37000.0,8.8,Yes,0
SHG22232,Tamil Nadu,Women SHG,17,11,39.5,60.7,33.87,462.74,70.1,78.1,9,Yes,0,,0,0.0,Home Improvement,29800.0,5.2,Yes,1
SHG22233,Bihar,Women SHG,16,15,40.0,35.8,67.15,998.24,84.1,88.9,10,Yes,3,82.4,2,4928.18,Education,7700.0,7.3,No,1
SHG22234,Kerala,Mixed SHG,13,22,34.6,55.8,81.67,1309.25,71.2,73.6,20,No,1,79.2,0,50486.34,Small Business,52100.0,5.9,No,0
SHG22235,Kerala,Women SHG,13,22,33.9,78.0,79.74,1585.62,95.4,75.8,12,Yes,2,52.6,0,17481.17,Agriculture,32700.0,6.8,Yes,1
SHG22236,Andhra Pradesh,Women SHG,11,24,48.1,41.2,20.0,410.33,30.2,92.5,20,Yes,0,,0,0.0,Small Business,19800.0,8.0,Yes,0
SHG22237,Maharashtra,Women SHG,16,42,30.3,73.9,109.14,5034.46,65.7,86.4,32,Yes,1,91.8,0,12967.58,Emergency/Consumption,18600.0,3.8,No,1
SHG22238,Karnataka,Mixed SHG,11,18,32.0,37.0,38.82,616.0,57.6,57.4,17,Yes,1,62.2,2,32849.2,Home Improvement,13600.0,7.3,Yes,0
SHG22239,Bihar,Women SHG,8,17,43.5,64.2,160.76,1577.58,97.4,75.8,14,Yes,1,62.9,0,10868.33,Education,28300.0,6.6,No,0
SHG22240,Odisha,Women SHG,14,27,33.8,74.1,24.65,687.38,88.4,76.3,23,Yes,1,89.4,0,22674.95,Livestock,40800.0,8.8,Yes,0
SHG22241,Kerala,Women SHG,14,9,36.6,66.4,41.81,366.83,39.1,63.2,6,Yes,1,76.5,1,23239.87,Emergency/Consumption,27900.0,8.7,No,0
SHG22242,Andhra Pradesh,Women SHG,13,13,49.2,39.3,34.16,367.23,86.6,55.1,12,Yes,2,87.3,1,12464.85,Home Improvement,83000.0,7.7,No,0
SHG22243,Karnataka,Women SHG,13,36,36.4,65.0,68.48,2034.32,43.4,94.0,21,Yes,0,,0,0.0,Emergency/Consumption,10600.0,7.6,Yes,1
SHG22244,West Bengal,Women SHG,13,13,41.4,66.1,247.4,2984.01,53.1,82.9,9,No,0,,0,0.0,Agriculture,48500.0,9.4,Yes,1
SHG22245,Odisha,Women SHG,13,57,51.8,94.2,148.6,8957.93,78.4,85.7,37,Yes,1,78.4,0,13400.49,Emergency/Consumption,27300.0,6.7,Yes,1
SHG22246,Maharashtra,Women SHG,10,11,42.4,63.2,189.03,1059.63,80.4,69.4,9,Yes,2,84.0,0,18514.1,Livestock,39800.0,6.1,No,1
SHG22247,Telangana,Women SHG,17,42,43.5,74.7,206.62,8995.85,90.0,65.2,32,Yes,0,,0,0.0,Emergency/Consumption,5000.0,7.1,Yes,1
SHG22248,Karnataka,Women SHG,16,21,38.7,73.7,168.27,3498.6,73.0,89.4,15,Yes,2,67.5,0,9210.88,Small Business,33800.0,6.1,Yes,1
SHG22249,Andhra Pradesh,Women SHG,15,26,42.1,70.8,186.42,4186.82,94.6,76.5,16,Yes,0,,0,0.0,Home Improvement,19500.0,8.2,Yes,1
SHG22250,Bihar,Women SHG,12,50,39.4,56.6,75.96,2919.9,80.3,90.4,46,Yes,1,27.9,0,11546.49,Livestock,16000.0,6.0,No,1
SHG22251,Bihar,Mixed SHG,11,77,39.0,46.0,196.35,12276.09,92.1,77.1,41,Yes,2,93.8,1,13221.47,Small Business,7800.0,5.3,Yes,1
SHG22252,Uttar Pradesh,Mixed SHG,16,42,38.4,45.3,38.28,1571.99,59.2,78.5,25,Yes,0,,0,0.0,Agriculture,9400.0,7.1,Yes,1
SHG22253,Odisha,Women SHG,18,15,36.2,54.6,105.74,2032.67,60.4,88.3,14,Yes,3,85.1,2,43285.09,Education,31100.0,4.8,No,0
SHG22254,Odisha,Women SHG,13,61,34.7,100.0,207.14,10615.86,96.5,87.6,50,Yes,0,,0,0.0,Emergency/Consumption,26000.0,9.4,No,1
SHG22255,Maharashtra,Women SHG,11,17,20.0,17.2,70.5,873.32,88.2,92.5,11,Yes,0,,0,0.0,Agriculture,32500.0,5.6,Yes,1
SHG22256,Karnataka,Farmer Producer Group,12,44,32.7,72.9,100.37,2674.8,73.5,88.1,38,Yes,1,67.1,1,10749.86,Agriculture,17400.0,7.3,Yes,1
SHG22257,Uttar Pradesh,Women SHG,14,18,21.2,75.8,41.0,594.47,84.3,58.3,15,Yes,0,,0,0.0,Livestock,8600.0,6.1,No,1
SHG22258,Odisha,Farmer Producer Group,17,95,33.6,69.2,43.26,4167.91,73.9,64.8,72,Yes,3,45.1,0,28953.99,Agriculture,55700.0,6.7,No,1
SHG22259,Maharashtra,Women SHG,13,13,37.3,40.4,20.0,179.01,67.7,76.5,12,Yes,2,77.6,1,15072.58,Home Improvement,22400.0,9.6,Yes,1
SHG22260,Andhra Pradesh,Women SHG,12,48,31.0,60.0,65.07,2797.53,87.3,90.7,32,Yes,0,,0,0.0,Education,20600.0,8.4,No,1
SHG22261,Tamil Nadu,Mixed SHG,9,26,31.3,85.7,187.29,2494.59,68.1,71.0,23,Yes,2,72.7,0,13732.77,Small Business,28900.0,4.7,No,1
SHG22262,Uttar Pradesh,Farmer Producer Group,16,22,40.9,76.5,129.19,2734.59,78.2,89.7,19,Yes,2,80.1,1,5722.23,Home Improvement,54800.0,8.6,Yes,1
SHG22263,Telangana,Women SHG,15,30,20.0,80.7,80.76,2740.38,56.1,50.0,15,Yes,0,,0,0.0,Livestock,11200.0,8.4,Yes,1
SHG22264,Tamil Nadu,Farmer Producer Group,10,9,42.8,48.3,90.7,580.34,84.6,79.5,7,Yes,3,94.5,0,2077.74,Home Improvement,39200.0,7.5,Yes,1
SHG22265,Maharashtra,Farmer Producer Group,10,30,29.5,70.2,297.82,7054.24,96.2,77.4,24,Yes,1,53.3,0,16379.63,Livestock,10400.0,6.6,No,1
SHG22266,Andhra Pradesh,Women SHG,13,28,53.1,61.6,118.81,3209.46,91.8,87.0,15,No,0,,0,0.0,Small Business,8100.0,8.3,No,0
SHG22267,Telangana,Women SHG,12,14,31.8,76.8,25.0,224.15,75.9,47.8,10,Yes,4,64.8,1,35712.67,Agriculture,75500.0,6.4,Yes,0
SHG22268,Telangana,Women SHG,19,29,51.6,49.4,55.79,2145.37,54.6,50.9,25,Yes,2,78.7,1,8206.03,Small Business,34500.0,8.7,Yes,1
SHG22269,Tamil Nadu,Women SHG,11,28,32.2,64.5,121.97,2468.0,49.9,72.0,20,Yes,3,71.2,2,14242.81,Small Business,18500.0,6.3,Yes,1
SHG22270,Uttar Pradesh,Women SHG,14,36,27.7,61.6,320.34,11928.02,95.8,70.3,32,Yes,1,71.6,0,18743.95,Small Business,29100.0,8.9,Yes,1
SHG22271,Odisha,Women SHG,16,16,28.1,26.9,135.74,2670.91,87.6,77.2,14,Yes,2,72.2,0,7724.9,Small Business,50100.0,9.8,Yes,1
SHG22272,Uttar Pradesh,Women SHG,17,51,30.4,43.9,95.52,6882.36,73.4,39.6,37,Yes,1,42.4,0,3685.56,Livestock,22300.0,7.1,Yes,1
SHG22273,Tamil Nadu,Women SHG,16,44,34.3,67.1,152.93,5465.64,53.2,62.5,35,Yes,0,,0,0.0,Livestock,38700.0,7.1,Yes,1
SHG22274,Telangana,Mixed SHG,13,3,43.0,54.3,32.76,73.45,79.8,63.7,2,No,0,,0,0.0,Agriculture,64800.0,9.6,Yes,0
SHG22275,Maharashtra,Mixed SHG,9,40,35.2,93.4,48.43,1206.53,62.2,70.6,29,Yes,2,85.8,2,4483.03,Agriculture,58100.0,4.3,Yes,0
SHG22276,Andhra Pradesh,Women SHG,10,11,37.7,66.2,112.81,682.67,52.2,77.7,8,Yes,2,69.7,1,38733.79,Livestock,28500.0,7.5,No,0
SHG22277,Kerala,Mixed SHG,9,41,51.7,91.4,449.36,12252.07,81.4,64.0,31,Yes,0,,0,0.0,Agriculture,17900.0,5.6,No,0
SHG22278,Telangana,Women SHG,11,49,37.0,62.9,177.21,7447.68,75.7,93.9,41,Yes,1,79.5,0,25363.93,Agriculture,21800.0,6.0,Yes,1
SHG22279,Maharashtra,Women SHG,14,26,41.0,37.5,200.77,5596.44,68.3,73.9,14,Yes,2,61.6,1,13617.41,Home Improvement,30600.0,7.2,Yes,1
SHG22280,Maharashtra,Mixed SHG,13,23,26.5,54.8,105.95,2014.3,73.7,51.2,16,Yes,0,,0,0.0,Education,60000.0,8.9,Yes,0
SHG22281,Andhra Pradesh,Women SHG,13,41,40.3,95.2,171.47,6769.92,76.6,93.2,23,Yes,2,68.0,0,36649.78,Small Business,41500.0,8.4,Yes,1
SHG22282,Bihar,Women SHG,16,8,25.9,70.7,69.76,531.72,71.5,73.5,5,Yes,3,59.1,0,48528.76,Agriculture,24500.0,5.6,No,1
SHG22283,Uttar Pradesh,Women SHG,11,40,20.0,56.2,200.38,6717.26,83.9,87.7,26,Yes,3,96.6,0,10555.8,Agriculture,28100.0,6.8,Yes,1
SHG22284,Kerala,Women SHG,13,5,40.8,59.4,363.14,1559.74,91.0,34.0,3,Yes,0,,0,0.0,Emergency/Consumption,32800.0,7.9,Yes,0
SHG22285,Maharashtra,Women SHG,13,45,38.9,56.2,49.58,2198.88,93.5,90.8,31,Yes,0,,0,0.0,Livestock,17900.0,7.1,Yes,1
SHG22286,Tamil Nadu,Women SHG,14,33,41.9,61.4,263.27,6243.64,68.5,88.0,24,Yes,1,73.1,0,6865.17,Education,5000.0,7.1,Yes,1
SHG22287,Andhra Pradesh,Farmer Producer Group,9,74,35.1,80.3,87.88,4598.59,40.6,85.0,50,Yes,1,32.7,0,24495.87,Home Improvement,12200.0,7.9,Yes,1
SHG22288,Odisha,Mixed SHG,17,44,40.3,70.2,225.09,11946.88,49.4,90.1,33,Yes,0,,0,0.0,Home Improvement,15300.0,5.6,Yes,1
SHG22289,Odisha,Women SHG,10,19,41.9,65.4,156.04,1663.87,89.4,75.2,11,Yes,1,65.6,0,28410.87,Agriculture,5000.0,8.4,No,1
SHG22290,Odisha,Women SHG,15,80,41.3,34.6,217.48,15893.5,85.8,94.8,63,Yes,0,,0,0.0,Agriculture,22400.0,7.0,No,0
SHG22291,Odisha,Women SHG,12,10,44.5,90.8,144.41,1169.97,76.5,83.6,5,Yes,0,,0,0.0,Small Business,36200.0,8.0,Yes,1
SHG22292,Andhra Pradesh,Women SHG,15,47,25.4,60.3,212.87,11795.8,82.1,94.6,35,Yes,1,61.2,1,27697.22,Home Improvement,21500.0,4.8,No,1
SHG22293,Karnataka,Women SHG,12,27,37.1,58.5,28.27,678.78,73.3,66.1,16,Yes,1,78.3,0,11875.22,Livestock,25700.0,5.2,No,0
SHG22294,Tamil Nadu,Mixed SHG,11,77,42.0,62.9,132.53,8495.38,60.3,94.1,63,Yes,0,,0,0.0,Small Business,104100.0,9.4,Yes,1
SHG22295,Andhra Pradesh,Women SHG,16,13,30.6,42.2,85.68,1330.77,92.1,79.7,12,Yes,1,80.7,0,4210.69,Small Business,15100.0,5.5,Yes,0
SHG22296,Kerala,Women SHG,13,10,43.9,69.6,276.28,2593.27,72.3,78.3,9,No,2,82.7,0,8306.97,Emergency/Consumption,6400.0,7.9,Yes,1
SHG22297,Maharashtra,Women SHG,13,30,52.0,23.4,268.8,5412.37,96.6,65.0,20,Yes,0,,0,0.0,Home Improvement,29600.0,10.0,No,1
SHG22298,Bihar,Farmer Producer Group,8,54,37.3,78.8,91.66,2371.87,95.3,89.5,48,Yes,0,,0,0.0,Emergency/Consumption,42100.0,7.1,Yes,1
SHG22299,Kerala,Women SHG,11,74,28.2,86.0,273.23,15298.85,83.8,74.4,65,No,0,,0,0.0,Agriculture,8900.0,9.9,Yes,1
SHG22300,Andhra Pradesh,Women SHG,10,10,32.3,62.2,51.59,292.75,90.4,80.7,6,Yes,0,,0,0.0,Agriculture,28400.0,6.7,Yes,0
SHG22301,Bihar,Farmer Producer Group,14,30,46.0,76.1,113.73,2608.46,52.7,68.0,20,Yes,1,94.6,0,36872.43,Education,31100.0,8.6,No,1
SHG22302,Kerala,Mixed SHG,8,12,38.5,48.3,82.7,626.39,83.7,86.1,9,Yes,1,66.5,1,9857.8,Agriculture,17100.0,9.2,Yes,1
SHG22303,Odisha,Women SHG,16,68,51.6,47.0,93.13,7855.42,69.3,67.9,34,Yes,0,,0,0.0,Livestock,17300.0,8.7,No,1
SHG22304,Uttar Pradesh,Women SHG,16,25,44.2,48.2,65.03,2140.7,66.1,52.7,21,Yes,1,85.4,1,5525.91,Small Business,17600.0,7.7,Yes,1
SHG22305,West Bengal,Mixed SHG,14,11,33.4,75.9,138.66,1199.87,77.1,93.5,7,Yes,1,84.5,0,10103.17,Home Improvement,16600.0,7.7,Yes,1
SHG22306,Andhra Pradesh,Women SHG,9,45,37.5,58.6,22.23,624.58,82.2,80.5,34,Yes,2,85.8,0,4859.24,Livestock,13100.0,6.5,No,1
SHG22307,Tamil Nadu,Women SHG,8,35,20.0,64.5,83.14,1641.82,98.8,59.3,26,Yes,1,38.6,0,19301.71,Livestock,50500.0,8.5,Yes,0
SHG22308,Maharashtra,Women SHG,11,35,34.1,87.1,170.07,4578.12,65.2,71.8,26,No,3,91.8,0,25097.24,Small Business,8000.0,5.7,Yes,1
SHG22309,Uttar Pradesh,Women SHG,13,21,37.4,30.9,88.06,1589.03,68.5,71.2,11,Yes,1,78.4,0,17167.03,Emergency/Consumption,5800.0,5.7,Yes,1
SHG22310,Andhra Pradesh,Women SHG,11,36,42.9,71.4,203.67,4728.81,67.2,75.8,33,No,2,88.0,0,9451.37,Agriculture,27600.0,7.9,Yes,1
SHG22311,Andhra Pradesh,Mixed SHG,14,39,41.3,67.8,109.79,3401.39,59.8,75.5,27,Yes,1,79.5,1,31593.46,Emergency/Consumption,30400.0,7.2,No,1
SHG22312,Andhra Pradesh,Women SHG,14,5,42.9,72.2,97.93,562.17,84.9,75.1,3,Yes,0,,0,0.0,Home Improvement,9800.0,6.6,No,0
SHG22313,Karnataka,Farmer Producer Group,10,22,37.9,56.9,69.96,1244.63,92.7,64.5,19,Yes,1,88.3,2,12141.47,Home Improvement,65400.0,8.0,No,1
SHG22314,Telangana,Farmer Producer Group,13,13,40.4,66.2,58.12,750.08,73.4,56.0,10,Yes,1,97.4,0,14493.5,Agriculture,17900.0,6.2,Yes,1
SHG22315,Tamil Nadu,Women SHG,12,20,46.9,84.4,384.27,6772.94,97.0,81.5,17,Yes,2,53.8,0,9122.78,Livestock,15200.0,6.4,Yes,1
SHG22316,Kerala,Women SHG,12,49,31.9,87.6,132.4,5743.9,63.4,93.3,38,Yes,3,71.0,0,19713.38,Livestock,11900.0,5.3,Yes,1
SHG22317,Telangana,Women SHG,11,71,42.1,59.0,177.39,8376.14,86.7,77.7,43,Yes,1,93.3,0,3159.75,Agriculture,28300.0,7.5,No,1
SHG22318,Telangana,Women SHG,10,18,41.3,58.7,119.23,1716.94,38.6,73.5,12,Yes,0,,0,0.0,Small Business,21900.0,5.2,Yes,0
SHG22319,Odisha,Women SHG,19,35,35.1,64.8,131.78,6119.76,91.5,68.4,24,No,1,70.1,0,17639.08,Home Improvement,69300.0,8.3,No,0
SHG22320,Uttar Pradesh,Women SHG,13,29,43.8,47.3,181.07,5505.72,65.9,75.8,19,No,0,,0,0.0,Emergency/Consumption,20000.0,6.2,Yes,1
SHG22321,Karnataka,Women SHG,18,41,39.8,49.1,111.91,6329.67,74.1,92.5,23,Yes,2,91.9,1,3413.83,Livestock,14800.0,7.1,Yes,1
SHG22322,Odisha,Women SHG,14,18,44.6,73.1,156.07,3231.55,78.2,75.3,14,Yes,3,46.1,0,15913.71,Emergency/Consumption,16100.0,8.4,Yes,1
SHG22323,Bihar,Women SHG,17,58,30.9,58.2,43.07,3091.07,67.7,97.7,31,Yes,1,95.5,0,13720.11,Education,12000.0,7.9,Yes,1
SHG22324,West Bengal,Women SHG,13,18,25.9,100.0,66.78,925.02,83.8,65.3,13,Yes,1,65.1,1,18664.01,Small Business,5000.0,6.4,Yes,1
SHG22325,Odisha,Women SHG,13,31,30.7,27.9,93.13,2765.33,87.9,68.9,20,No,3,60.7,0,7196.16,Education,59300.0,5.5,Yes,0
SHG22326,Odisha,Women SHG,10,24,22.2,39.8,118.31,1634.17,35.4,86.8,18,Yes,3,73.4,1,20720.78,Small Business,31200.0,9.1,Yes,0
SHG22327,Karnataka,Women SHG,17,23,42.2,100.0,128.64,2844.82,69.3,92.3,21,Yes,0,,0,0.0,Livestock,5000.0,6.7,No,1
SHG22328,West Bengal,Women SHG,16,9,26.8,59.3,181.42,1773.01,83.5,76.3,6,Yes,4,78.0,1,8952.26,Livestock,35700.0,8.4,Yes,1
SHG22329,Maharashtra,Mixed SHG,12,16,38.6,76.3,79.64,1020.02,88.7,87.8,11,Yes,1,78.0,0,27950.6,Livestock,12500.0,7.5,No,0
SHG22330,Kerala,Women SHG,14,35,27.3,14.9,81.57,2577.12,78.3,95.9,20,Yes,4,62.5,1,30037.05,Small Business,24800.0,8.7,Yes,1
SHG22331,Andhra Pradesh,Women SHG,8,14,42.8,76.7,20.0,179.94,72.1,82.7,12,Yes,0,,0,0.0,Livestock,16500.0,3.4,Yes,1
SHG22332,West Bengal,Mixed SHG,11,23,35.0,67.4,105.15,1869.78,63.5,39.8,18,Yes,1,83.0,1,17945.15,Emergency/Consumption,33800.0,6.9,Yes,1
SHG22333,Telangana,Farmer Producer Group,10,35,25.6,43.7,218.47,4327.37,77.3,68.3,21,Yes,2,84.0,0,1668.28,Home Improvement,12800.0,5.8,Yes,1
SHG22334,Tamil Nadu,Mixed SHG,15,8,30.8,97.9,235.5,2057.29,78.3,64.3,6,Yes,3,72.0,1,10007.87,Small Business,14000.0,9.2,Yes,1
SHG22335,Andhra Pradesh,Mixed SHG,17,24,37.9,34.4,133.28,2982.84,66.5,87.6,18,Yes,0,,0,0.0,Small Business,5000.0,7.0,No,1
SHG22336,Tamil Nadu,Women SHG,13,5,42.0,52.2,94.65,392.65,53.1,95.4,3,Yes,0,,0,0.0,Small Business,53400.0,6.8,Yes,1
SHG22337,Odisha,Women SHG,19,39,22.4,71.1,115.08,7095.36,84.7,88.5,28,Yes,1,65.1,0,20158.89,Livestock,9900.0,5.6,Yes,1
SHG22338,Karnataka,Women SHG,14,50,33.0,39.3,211.87,8260.59,51.3,62.2,42,Yes,0,,0,0.0,Livestock,56600.0,9.3,Yes,1
SHG22339,Karnataka,Mixed SHG,11,21,36.0,51.3,36.51,534.05,48.4,88.6,12,Yes,2,97.5,0,16858.06,Emergency/Consumption,35600.0,8.1,Yes,1
SHG22340,Maharashtra,Women SHG,8,35,45.6,68.7,149.14,2273.26,59.7,70.8,20,Yes,0,,0,0.0,Small Business,38900.0,2.8,No,0
SHG22341,Odisha,Women SHG,17,60,24.1,65.7,84.47,5451.11,56.4,85.9,40,Yes,1,74.7,0,5763.41,Home Improvement,39600.0,6.7,No,1
SHG22342,Karnataka,Farmer Producer Group,11,33,45.2,71.7,85.53,1646.65,50.4,46.4,23,Yes,4,65.7,0,11872.98,Small Business,28600.0,5.8,Yes,1
SHG22343,Maharashtra,Women SHG,8,30,35.9,72.4,137.78,2541.55,45.0,85.3,22,Yes,2,92.4,1,17866.47,Emergency/Consumption,64400.0,10.0,Yes,0
SHG22344,Tamil Nadu,Women SHG,15,7,35.0,57.9,152.65,1271.63,95.1,94.2,6,Yes,0,,0,0.0,Agriculture,58600.0,7.0,No,0
SHG22345,Tamil Nadu,Mixed SHG,16,12,24.6,39.6,86.8,866.52,89.5,96.1,9,Yes,2,72.8,0,2373.1,Agriculture,33300.0,9.1,Yes,1
SHG22346,Kerala,Mixed SHG,18,9,39.3,30.0,276.24,3058.7,67.0,72.7,8,Yes,1,93.0,0,42796.97,Agriculture,22000.0,5.2,Yes,1
SHG22347,Andhra Pradesh,Women SHG,16,22,41.2,38.2,30.11,754.8,93.2,75.2,17,Yes,0,,0,0.0,Home Improvement,18400.0,6.9,Yes,1
SHG22348,Maharashtra,Mixed SHG,15,44,35.8,50.1,91.53,3342.56,83.4,97.8,34,Yes,0,,0,0.0,Small Business,65000.0,8.8,Yes,1
SHG22349,Telangana,Women SHG,18,27,31.6,63.2,36.63,1056.44,57.1,88.1,23,No,1,91.4,0,14326.94,Agriculture,29700.0,5.1,Yes,1
SHG22350,Karnataka,Women SHG,9,3,42.2,51.4,82.39,132.55,58.3,79.6,2,Yes,0,,0,0.0,Livestock,90600.0,7.4,Yes,1
SHG22351,Bihar,Women SHG,20,39,34.2,83.6,216.24,11977.16,76.0,90.2,29,Yes,1,37.6,1,14386.07,Agriculture,61400.0,3.0,Yes,1
SHG22352,Telangana,Mixed SHG,16,44,34.1,49.8,123.72,4715.07,60.0,73.4,39,Yes,0,,0,0.0,Emergency/Consumption,14600.0,6.2,Yes,1
SHG22353,West Bengal,Women SHG,10,61,20.0,71.2,150.13,5487.89,30.1,74.7,51,Yes,0,,0,0.0,Home Improvement,41300.0,6.3,Yes,1
SHG22354,Uttar Pradesh,Women SHG,11,32,37.3,65.8,337.76,9192.71,41.1,70.2,29,Yes,1,81.1,0,5454.75,Emergency/Consumption,19800.0,7.9,No,1
SHG22355,Bihar,Farmer Producer Group,14,29,39.1,45.0,54.28,1819.46,81.2,74.5,16,No,2,51.1,1,8472.31,Emergency/Consumption,38900.0,6.3,Yes,0
SHG22356,West Bengal,Women SHG,18,7,37.7,78.5,20.0,199.06,42.1,75.2,6,Yes,0,,0,0.0,Agriculture,103800.0,5.6,Yes,0
SHG22357,West Bengal,Mixed SHG,13,50,35.1,64.0,355.66,19074.2,56.8,87.2,26,Yes,2,47.9,0,19637.11,Agriculture,25000.0,7.3,Yes,1
SHG22358,Andhra Pradesh,Women SHG,10,64,42.1,68.1,122.3,4111.22,45.7,74.2,48,Yes,3,57.5,0,23967.02,Small Business,33100.0,7.9,Yes,1
SHG22359,Maharashtra,Mixed SHG,12,31,38.5,98.4,163.84,4518.25,89.1,65.9,23,No,0,,0,0.0,Livestock,16900.0,9.3,Yes,1
SHG22360,Karnataka,Mixed SHG,17,60,31.7,72.3,264.55,15478.13,58.6,50.7,44,Yes,1,85.1,2,25430.3,Education,37800.0,6.0,No,1
SHG22361,Maharashtra,Mixed SHG,13,16,33.9,41.0,124.41,1676.58,43.8,65.8,8,Yes,3,74.4,0,7183.04,Livestock,12000.0,6.1,Yes,1
SHG22362,Odisha,Women SHG,14,35,49.9,85.1,239.0,6881.1,61.7,64.4,23,Yes,0,,0,0.0,Livestock,26400.0,8.2,Yes,1
SHG22363,Andhra Pradesh,Women SHG,13,7,42.0,52.3,50.9,259.04,60.3,70.9,5,Yes,2,79.8,0,20032.17,Emergency/Consumption,7700.0,10.0,Yes,1
SHG22364,Uttar Pradesh,Women SHG,10,76,26.0,66.2,64.11,3856.87,81.9,64.4,55,Yes,3,60.8,1,30846.89,Home Improvement,18400.0,5.2,No,1
SHG22365,Karnataka,Women SHG,16,17,35.3,75.3,96.13,1541.09,43.5,59.5,11,Yes,1,77.4,0,11909.28,Agriculture,53700.0,8.0,Yes,0
SHG22366,Maharashtra,Women SHG,18,18,28.7,34.5,212.87,4566.49,86.4,88.0,14,Yes,1,84.9,0,14966.81,Small Business,19900.0,3.0,Yes,1
SHG22367,Tamil Nadu,Women SHG,14,46,37.3,99.7,43.03,1977.08,76.5,53.9,36,Yes,1,59.2,0,7489.51,Small Business,40400.0,6.9,Yes,0
SHG22368,Karnataka,Mixed SHG,20,38,46.8,75.8,90.41,4227.7,78.3,63.7,26,Yes,1,93.8,2,15550.64,Home Improvement,32000.0,7.1,No,1
SHG22369,Maharashtra,Women SHG,14,25,52.2,66.6,140.63,3320.61,75.8,78.9,19,Yes,3,92.2,0,15319.94,Home Improvement,41100.0,6.1,Yes,1
SHG22370,Odisha,Women SHG,11,12,42.7,78.4,236.32,2174.5,53.9,85.7,8,Yes,0,,0,0.0,Emergency/Consumption,65700.0,8.6,Yes,1
SHG22371,Maharashtra,Women SHG,17,25,42.2,83.1,52.77,1850.92,80.3,95.1,13,Yes,0,,0,0.0,Emergency/Consumption,14100.0,7.4,Yes,1
SHG22372,West Bengal,Women SHG,15,12,33.9,57.5,128.65,1710.0,76.0,87.5,10,Yes,2,75.0,0,23078.47,Small Business,12300.0,6.3,Yes,1
SHG22373,Kerala,Women SHG,12,47,30.8,88.5,193.99,8564.64,89.0,82.0,34,Yes,1,78.2,1,12489.78,Livestock,18800.0,6.5,No,1
SHG22374,Bihar,Women SHG,12,32,48.0,54.3,20.0,482.92,85.6,65.2,21,Yes,0,,0,0.0,Livestock,36700.0,7.3,Yes,1
SHG22375,Bihar,Mixed SHG,15,34,41.2,71.8,29.15,804.79,81.7,69.2,17,Yes,3,83.1,0,9156.82,Agriculture,18000.0,9.7,No,1
SHG22376,Tamil Nadu,Women SHG,13,28,38.2,65.1,52.59,1080.42,81.7,77.2,24,Yes,0,,0,0.0,Small Business,25800.0,5.8,No,0
SHG22377,West Bengal,Mixed SHG,12,52,38.6,73.7,73.45,2361.91,59.2,83.0,45,Yes,2,87.7,2,11124.48,Agriculture,33900.0,4.3,Yes,1
SHG22378,Bihar,Women SHG,14,30,20.6,84.2,199.76,4440.59,90.9,76.0,27,Yes,0,,0,0.0,Education,20900.0,6.2,Yes,1
SHG22379,Andhra Pradesh,Mixed SHG,14,42,33.0,50.4,232.51,7026.9,79.5,85.6,32,No,0,,0,0.0,Agriculture,33200.0,5.6,Yes,1
SHG22380,Maharashtra,Women SHG,9,14,31.5,76.1,88.37,560.82,82.4,58.5,7,Yes,2,57.8,0,12452.97,Livestock,18200.0,7.4,Yes,0
SHG22381,Karnataka,Women SHG,11,40,40.7,66.2,88.8,2881.8,90.0,84.5,25,Yes,3,76.5,0,52487.56,Education,97400.0,4.7,Yes,1
SHG22382,Kerala,Women SHG,16,18,33.3,56.7,49.74,974.09,70.6,52.5,11,No,1,75.7,1,6428.95,Emergency/Consumption,79700.0,6.8,Yes,1
SHG22383,Karnataka,Women SHG,8,73,44.7,81.9,88.78,3623.36,65.5,54.8,49,Yes,0,,0,0.0,Emergency/Consumption,10900.0,6.9,Yes,1
SHG22384,Odisha,Farmer Producer Group,12,6,36.3,68.4,356.05,1519.18,78.4,88.4,5,Yes,2,65.1,1,27347.03,Emergency/Consumption,21100.0,7.7,Yes,1
SHG22385,West Bengal,Mixed SHG,12,38,24.2,59.9,68.76,2562.45,61.0,81.0,24,Yes,3,89.9,0,26922.24,Small Business,9100.0,8.5,Yes,1
SHG22386,Uttar Pradesh,Women SHG,12,27,26.5,45.0,27.68,480.75,81.1,70.5,21,Yes,2,81.4,0,9619.84,Small Business,6100.0,6.3,Yes,1
SHG22387,Kerala,Women SHG,12,3,36.4,68.1,34.63,76.58,62.8,67.2,3,Yes,0,,0,0.0,Small Business,43100.0,5.8,No,0
SHG22388,Tamil Nadu,Women SHG,12,71,36.5,22.9,45.64,1986.17,54.8,79.0,55,Yes,0,,0,0.0,Small Business,10700.0,5.3,No,1
SHG22389,Andhra Pradesh,Women SHG,14,58,44.2,61.9,173.28,8572.74,85.7,86.9,31,Yes,2,78.7,1,6357.47,Home Improvement,45200.0,6.9,No,1
SHG22390,Karnataka,Women SHG,13,25,42.8,62.4,94.82,2305.98,84.3,73.9,18,Yes,2,86.4,0,11225.3,Agriculture,12000.0,7.8,No,1
SHG22391,Tamil Nadu,Farmer Producer Group,13,12,45.5,45.9,54.95,640.09,66.1,67.6,8,Yes,0,,0,0.0,Small Business,34700.0,7.4,Yes,1
SHG22392,Andhra Pradesh,Women SHG,14,19,21.3,71.0,29.8,513.03,90.4,85.0,13,Yes,0,,0,0.0,Small Business,25300.0,9.0,No,1
SHG22393,Tamil Nadu,Farmer Producer Group,14,30,34.9,49.9,70.32,2003.49,72.8,55.1,28,Yes,0,,0,0.0,Home Improvement,19100.0,7.9,Yes,1
SHG22394,Tamil Nadu,Women SHG,12,19,52.8,53.0,57.76,906.1,66.1,93.1,15,Yes,3,82.1,0,34464.43,Home Improvement,52800.0,5.9,Yes,1
SHG22395,Karnataka,Farmer Producer Group,14,59,43.4,78.3,207.67,10323.21,71.7,92.0,55,Yes,4,69.7,0,10454.26,Agriculture,43400.0,8.7,Yes,1
SHG22396,Telangana,Women SHG,15,63,38.1,68.2,141.0,7396.24,73.3,84.6,32,Yes,1,42.8,1,32572.82,Small Business,95100.0,4.9,Yes,0
SHG22397,Karnataka,Women SHG,13,39,42.3,99.8,102.95,3191.41,80.0,93.6,29,Yes,2,69.2,0,8675.92,Agriculture,14100.0,5.6,Yes,1
SHG22398,West Bengal,Women SHG,9,75,41.3,72.6,148.51,5980.17,93.6,55.2,45,No,1,64.2,1,43041.24,Livestock,28700.0,7.5,Yes,1
SHG22399,Telangana,Women SHG,10,5,43.8,70.5,282.57,863.08,87.5,71.6,3,Yes,0,,0,0.0,Agriculture,7900.0,7.3,Yes,1
SHG22400,Andhra Pradesh,Women SHG,11,56,31.6,61.5,69.15,2433.39,47.8,68.6,32,Yes,0,,0,0.0,Agriculture,25500.0,8.1,No,0
SHG22401,Tamil Nadu,Women SHG,15,28,41.0,47.7,118.41,3736.25,96.8,92.7,23,Yes,2,74.4,2,12431.49,Education,60200.0,5.0,Yes,1
SHG22402,West Bengal,Mixed SHG,10,65,44.4,46.3,238.07,12035.9,39.3,87.7,51,Yes,2,84.3,0,40983.48,Livestock,40700.0,5.1,Yes,1
SHG22403,Telangana,Women SHG,19,15,29.4,70.9,416.01,7822.01,74.5,97.0,10,Yes,2,88.7,1,8965.21,Livestock,41400.0,8.5,Yes,1
SHG22404,Maharashtra,Women SHG,14,71,44.6,59.5,26.7,1551.44,84.0,35.1,55,Yes,1,85.5,0,29106.21,Small Business,29200.0,7.7,Yes,0
SHG22405,Bihar,Women SHG,8,30,56.3,46.5,153.34,2972.61,85.6,65.1,22,Yes,1,78.1,0,29412.81,Small Business,66500.0,5.3,No,1
SHG22406,Uttar Pradesh,Women SHG,14,45,30.7,31.8,144.79,7377.61,66.1,72.8,35,Yes,0,,0,0.0,Home Improvement,59100.0,6.8,Yes,1
SHG22407,West Bengal,Women SHG,16,55,37.9,48.6,25.14,1794.25,52.1,46.2,52,Yes,0,,0,0.0,Home Improvement,26800.0,7.3,Yes,1
SHG22408,Maharashtra,Women SHG,17,15,28.1,80.2,94.78,1992.03,87.1,73.7,10,No,2,94.4,1,3818.35,Small Business,5000.0,6.0,Yes,0
SHG22409,Tamil Nadu,Mixed SHG,13,37,36.3,78.9,189.68,4897.18,35.5,89.4,34,Yes,2,76.8,0,10409.01,Home Improvement,72100.0,5.7,Yes,1
SHG22410,Kerala,Women SHG,12,11,35.9,26.5,300.07,2804.79,61.0,62.3,9,Yes,0,,0,0.0,Emergency/Consumption,18000.0,6.9,Yes,0
SHG22411,Telangana,Women SHG,14,14,31.3,63.4,345.77,4277.99,16.5,46.6,11,Yes,4,75.4,1,3809.25,Small Business,37400.0,8.1,Yes,1
SHG22412,Bihar,Women SHG,9,5,22.6,76.9,20.0,57.23,74.4,81.5,4,No,0,,0,0.0,Livestock,14000.0,6.7,No,0
SHG22413,Bihar,Farmer Producer Group,12,14,35.8,70.6,191.92,2562.06,85.6,83.4,12,Yes,0,,0,0.0,Agriculture,5600.0,4.5,Yes,1
SHG22414,Andhra Pradesh,Mixed SHG,15,30,47.9,82.0,104.66,3486.1,88.2,76.4,24,Yes,0,,0,0.0,Small Business,67100.0,8.3,No,1
SHG22415,Karnataka,Women SHG,12,27,28.7,56.4,333.99,7786.34,66.3,73.3,26,Yes,1,82.3,0,9988.01,Emergency/Consumption,17000.0,8.6,No,1
SHG22416,Tamil Nadu,Women SHG,15,7,33.0,26.9,101.99,732.76,50.9,82.4,6,Yes,3,60.0,0,12163.13,Small Business,17700.0,7.1,Yes,0
SHG22417,Karnataka,Women SHG,12,21,36.9,68.3,127.14,2453.78,86.2,87.4,18,Yes,3,82.3,0,2087.52,Small Business,24600.0,8.6,Yes,1
SHG22418,Uttar Pradesh,Women SHG,9,25,38.0,100.0,63.39,1039.35,65.3,91.5,19,Yes,2,74.3,0,39514.17,Small Business,26500.0,7.1,No,1
SHG22419,Telangana,Women SHG,10,44,43.2,57.8,288.43,9618.15,75.2,81.5,22,Yes,0,,0,0.0,Agriculture,11300.0,9.0,No,1
SHG22420,Kerala,Women SHG,14,24,46.9,59.7,168.86,4283.89,75.8,83.0,16,Yes,1,68.8,1,23675.78,Agriculture,20100.0,6.1,No,1
SHG22421,Tamil Nadu,Women SHG,10,25,40.0,46.7,334.65,5361.41,94.3,63.7,18,Yes,1,73.0,0,22422.78,Education,24300.0,7.4,No,1
SHG22422,Odisha,Women SHG,11,22,32.4,59.5,31.2,482.94,33.3,86.6,20,Yes,2,75.0,1,14807.4,Agriculture,17200.0,6.1,Yes,0
SHG22423,Karnataka,Women SHG,18,30,41.1,74.0,36.22,1061.11,79.6,96.8,17,Yes,0,,0,0.0,Agriculture,37900.0,7.9,Yes,0
SHG22424,Tamil Nadu,Women SHG,16,25,51.8,74.4,186.9,4984.4,58.8,93.6,17,Yes,0,,0,0.0,Small Business,19100.0,6.7,No,1
SHG22425,Bihar,Mixed SHG,16,26,48.1,57.7,240.48,5200.01,73.1,89.1,22,Yes,1,66.8,0,3386.08,Education,24600.0,6.5,No,1
SHG22426,Maharashtra,Women SHG,11,26,25.0,60.7,160.47,2716.58,82.3,78.0,18,Yes,1,80.3,0,15047.16,Agriculture,16500.0,6.6,No,0
SHG22427,Maharashtra,Women SHG,17,49,32.4,60.9,77.41,3518.69,72.7,97.8,26,Yes,1,76.8,0,14345.43,Home Improvement,14600.0,7.3,Yes,1
SHG22428,Tamil Nadu,Women SHG,13,30,21.6,61.6,178.39,4152.98,53.6,90.6,17,No,1,45.9,0,24531.38,Livestock,21300.0,6.7,Yes,0
SHG22429,Kerala,Farmer Producer Group,10,66,41.9,50.7,117.52,5432.35,52.1,88.7,45,Yes,2,73.6,1,28995.51,Agriculture,50900.0,7.1,No,1
SHG22430,West Bengal,Women SHG,13,73,27.4,48.9,240.85,15934.39,29.9,88.4,43,Yes,0,,0,0.0,Agriculture,59600.0,5.7,Yes,1
SHG22431,Andhra Pradesh,Women SHG,15,18,27.2,65.1,196.45,2991.29,63.3,55.2,11,Yes,2,86.5,1,38443.18,Small Business,89000.0,6.8,No,1
SHG22432,Karnataka,Women SHG,11,4,54.9,57.3,187.77,466.34,68.5,60.1,2,Yes,0,,0,0.0,Emergency/Consumption,15900.0,7.6,Yes,1
SHG22433,Tamil Nadu,Farmer Producer Group,16,63,50.3,65.8,182.54,13911.01,53.2,68.7,47,No,2,76.1,0,33078.27,Agriculture,9700.0,8.3,No,1
SHG22434,West Bengal,Farmer Producer Group,15,77,47.6,59.9,64.58,5706.49,71.0,51.3,59,Yes,1,73.2,1,17188.34,Home Improvement,13100.0,9.3,Yes,1
SHG22435,Telangana,Mixed SHG,15,50,39.1,54.7,34.93,1381.34,95.2,74.3,41,Yes,2,91.1,0,22410.33,Emergency/Consumption,27800.0,5.5,Yes,1
SHG22436,Maharashtra,Women SHG,12,10,33.8,35.4,81.04,644.48,76.0,90.2,7,Yes,3,43.4,1,12686.15,Home Improvement,62800.0,6.9,No,1
SHG22437,Uttar Pradesh,Women SHG,12,15,43.0,66.6,35.8,354.18,82.2,81.2,9,Yes,1,88.2,0,43009.35,Livestock,23900.0,8.2,Yes,0
SHG22438,Telangana,Women SHG,15,28,31.4,61.8,106.8,2552.57,70.8,76.8,14,Yes,3,80.6,0,18530.52,Education,7300.0,3.8,No,0
SHG22439,Maharashtra,Women SHG,12,5,53.6,74.7,20.0,87.53,56.1,71.4,3,No,0,,0,0.0,Livestock,42300.0,6.0,Yes,0
SHG22440,Bihar,Women SHG,14,19,35.7,63.0,92.02,1304.33,93.2,74.5,15,Yes,1,62.1,1,9054.69,Small Business,44800.0,8.7,Yes,1
SHG22441,Odisha,Women SHG,16,42,47.5,56.3,32.15,1602.37,52.8,39.9,33,Yes,5,76.4,0,22977.79,Agriculture,19300.0,6.7,Yes,1
SHG22442,Odisha,Women SHG,9,12,34.1,57.0,137.51,1198.42,91.5,31.2,11,No,1,46.3,2,2656.27,Emergency/Consumption,24100.0,4.6,Yes,0
SHG22443,Bihar,Farmer Producer Group,15,25,34.0,79.7,55.85,1504.6,69.1,85.3,20,Yes,1,53.5,0,11336.49,Agriculture,121200.0,5.0,Yes,0
SHG22444,Maharashtra,Women SHG,17,40,33.9,63.2,181.33,10004.64,62.7,82.4,21,Yes,2,82.1,0,33519.48,Small Business,11600.0,5.4,Yes,1
SHG22445,Andhra Pradesh,Women SHG,11,18,34.4,94.6,408.49,4619.5,42.9,72.8,10,Yes,1,51.9,0,7012.38,Small Business,40700.0,7.6,Yes,0
SHG22446,Karnataka,Mixed SHG,13,17,29.0,94.9,103.64,1499.1,31.8,94.6,9,Yes,0,,0,0.0,Emergency/Consumption,18200.0,5.2,No,0
SHG22447,Telangana,Women SHG,13,16,43.4,76.9,47.08,729.91,53.1,64.6,14,Yes,0,,0,0.0,Agriculture,15000.0,7.5,No,1
SHG22448,Odisha,Mixed SHG,11,47,36.1,59.0,34.82,1341.64,29.5,54.7,36,Yes,3,73.1,0,33665.55,Emergency/Consumption,22900.0,7.8,Yes,1
SHG22449,Karnataka,Farmer Producer Group,10,22,35.8,77.5,106.64,1399.15,69.4,31.3,13,Yes,1,94.3,0,20736.86,Emergency/Consumption,12000.0,10.0,Yes,1
SHG22450,Odisha,Farmer Producer Group,12,27,38.8,64.1,130.18,2571.4,90.1,64.7,19,Yes,0,,0,0.0,Small Business,33800.0,7.7,Yes,0
SHG22451,Karnataka,Mixed SHG,13,30,43.9,54.4,92.44,2775.54,56.1,91.9,27,No,2,96.8,0,11065.57,Agriculture,32700.0,7.0,No,1
SHG22452,Tamil Nadu,Women SHG,9,34,32.6,77.9,131.78,3043.96,66.4,98.4,18,Yes,1,87.8,0,15805.1,Home Improvement,6500.0,6.3,Yes,1
SHG22453,Telangana,Women SHG,10,41,36.0,77.3,74.45,2066.06,94.3,87.3,34,Yes,3,91.9,0,8854.23,Small Business,70400.0,7.1,No,1
SHG22454,Telangana,Women SHG,12,59,33.8,66.5,25.92,1120.53,66.5,38.8,56,Yes,4,79.6,0,7338.73,Agriculture,11800.0,8.2,Yes,1
SHG22455,Bihar,Women SHG,12,15,26.0,55.3,170.63,1772.0,77.5,97.9,14,Yes,2,55.5,0,4325.2,Agriculture,7100.0,5.3,Yes,1
SHG22456,Karnataka,Farmer Producer Group,19,17,35.6,75.4,105.12,2798.87,54.7,89.0,13,Yes,2,80.0,0,11192.72,Agriculture,97900.0,8.3,Yes,0
SHG22457,Uttar Pradesh,Women SHG,13,46,36.7,32.2,78.28,2368.8,70.5,80.8,41,Yes,1,71.7,1,1882.85,Livestock,7900.0,6.2,No,1
SHG22458,Tamil Nadu,Women SHG,14,29,41.9,54.9,20.0,431.52,77.3,79.1,18,Yes,0,,0,0.0,Emergency/Consumption,27900.0,10.0,Yes,1
SHG22459,West Bengal,Women SHG,13,75,37.9,75.2,82.99,4936.83,85.2,37.6,39,Yes,3,63.1,1,24507.98,Agriculture,13400.0,9.0,No,1
SHG22460,Bihar,Women SHG,15,37,40.2,54.9,150.26,6116.23,76.8,80.2,35,Yes,3,81.6,0,13305.42,Agriculture,61700.0,6.2,No,1
SHG22461,West Bengal,Mixed SHG,16,20,41.8,90.7,131.23,2958.07,82.3,58.3,16,Yes,3,42.1,0,30401.37,Agriculture,21500.0,8.1,Yes,1
SHG22462,Tamil Nadu,Women SHG,9,34,47.8,60.9,128.73,2939.7,88.8,57.5,21,Yes,1,68.9,0,14733.92,Education,52300.0,8.4,No,1
SHG22463,Kerala,Women SHG,17,30,36.1,69.5,175.17,6017.07,70.6,77.2,16,No,1,51.5,0,10852.75,Small Business,6000.0,8.1,Yes,1
SHG22464,Kerala,Women SHG,14,23,57.7,42.3,100.66,2559.76,44.3,57.7,17,Yes,0,,0,0.0,Livestock,21800.0,8.7,Yes,1
SHG22465,Maharashtra,Mixed SHG,16,16,31.2,100.0,267.78,3809.05,67.4,57.2,9,Yes,0,,0,0.0,Agriculture,23400.0,5.0,Yes,0
SHG22466,Telangana,Mixed SHG,12,20,25.7,61.6,108.45,1910.76,84.9,68.6,18,Yes,1,80.5,0,16370.64,Emergency/Consumption,73200.0,9.1,Yes,1
SHG22467,West Bengal,Women SHG,8,14,43.1,77.9,134.73,1065.33,77.1,60.9,10,Yes,2,86.3,1,8445.36,Agriculture,31600.0,7.8,Yes,1
SHG22468,Telangana,Women SHG,9,16,44.7,46.2,41.42,318.45,69.8,72.7,8,Yes,1,90.4,1,18366.72,Home Improvement,10900.0,6.6,Yes,1
SHG22469,Karnataka,Mixed SHG,12,35,30.7,66.1,20.0,462.74,88.0,53.3,20,Yes,3,92.8,1,21382.05,Livestock,5000.0,7.6,Yes,1
SHG22470,Bihar,Women SHG,16,12,43.9,61.3,118.24,1277.97,97.9,82.3,7,Yes,2,49.9,0,14994.03,Agriculture,85200.0,8.5,Yes,1
SHG22471,Maharashtra,Women SHG,8,12,38.7,67.2,94.05,700.08,82.7,52.7,10,Yes,4,90.3,0,8387.39,Small Business,24300.0,6.0,No,1
SHG22472,West Bengal,Mixed SHG,17,13,38.7,24.6,116.52,1762.49,89.0,52.4,8,No,0,,0,0.0,Livestock,63300.0,7.4,Yes,1
SHG22473,Tamil Nadu,Women SHG,15,52,40.5,60.7,125.41,5244.95,79.3,71.7,31,Yes,1,48.1,0,10473.91,Small Business,56700.0,5.8,Yes,0
SHG22474,Karnataka,Women SHG,13,74,31.9,50.0,419.1,28622.2,77.1,83.9,43,Yes,2,77.6,0,11413.64,Livestock,5000.0,7.2,Yes,1
SHG22475,Kerala,Mixed SHG,15,19,46.7,54.1,164.62,3030.41,84.5,92.1,14,Yes,1,81.9,0,19022.61,Small Business,42000.0,2.9,No,1
SHG22476,Karnataka,Farmer Producer Group,15,10,36.3,68.9,165.42,1979.01,88.6,77.5,7,No,5,66.0,1,29961.6,Emergency/Consumption,20200.0,6.0,Yes,1
SHG22477,Maharashtra,Mixed SHG,11,16,50.5,24.6,54.3,673.62,44.6,68.3,9,Yes,1,88.9,0,16377.19,Livestock,31800.0,7.7,No,1
SHG22478,Telangana,Women SHG,8,27,41.6,69.2,146.37,2130.19,74.3,86.5,19,Yes,0,,0,0.0,Small Business,28900.0,4.6,Yes,1
SHG22479,Tamil Nadu,Women SHG,14,13,47.2,80.4,252.47,3254.63,52.0,69.9,10,Yes,0,,0,0.0,Small Business,20200.0,7.9,Yes,1
SHG22480,Bihar,Mixed SHG,11,37,34.2,98.2,411.25,9722.7,70.5,84.0,20,Yes,0,,0,0.0,Emergency/Consumption,73400.0,8.7,Yes,1
SHG22481,Karnataka,Women SHG,15,18,39.5,67.4,20.0,345.44,63.2,90.9,9,Yes,2,83.8,1,11341.25,Emergency/Consumption,17600.0,6.8,Yes,0
SHG22482,Maharashtra,Women SHG,9,29,46.1,80.5,157.49,2873.91,86.6,88.2,25,Yes,1,72.8,0,11344.5,Small Business,44800.0,7.6,Yes,1
SHG22483,Telangana,Women SHG,10,25,40.1,63.1,182.43,2418.17,43.1,54.1,15,Yes,1,92.2,0,20219.22,Education,56500.0,4.7,Yes,1
SHG22484,Odisha,Women SHG,13,44,34.8,22.9,20.0,860.9,74.0,46.5,24,Yes,0,,0,0.0,Small Business,15800.0,8.0,Yes,1
SHG22485,Maharashtra,Women SHG,13,100,50.2,74.4,74.13,5499.81,55.1,90.5,83,Yes,2,76.8,0,9534.57,Livestock,54500.0,9.2,No,1
SHG22486,Tamil Nadu,Women SHG,16,21,55.2,69.4,96.35,2078.62,55.8,91.1,11,Yes,1,75.7,0,6667.03,Small Business,15400.0,6.8,Yes,1
SHG22487,Maharashtra,Women SHG,17,35,44.3,56.2,148.69,5264.91,82.7,77.7,18,Yes,2,55.1,0,23726.93,Agriculture,8400.0,7.2,No,0
SHG22488,Maharashtra,Women SHG,12,28,39.3,68.3,167.75,2926.47,64.4,73.6,16,Yes,1,81.6,0,28740.72,Livestock,27300.0,6.8,Yes,1
SHG22489,Andhra Pradesh,Mixed SHG,8,29,30.1,61.0,410.4,6577.99,71.5,71.4,27,Yes,2,75.6,0,10116.02,Small Business,26700.0,9.0,Yes,1
SHG22490,West Bengal,Farmer Producer Group,11,104,36.0,48.5,20.0,1285.82,53.9,65.6,54,Yes,0,,0,0.0,Small Business,8900.0,8.3,No,1
SHG22491,Bihar,Women SHG,16,40,37.2,53.7,107.73,4283.18,71.2,64.8,26,Yes,2,92.6,1,15237.16,Home Improvement,10800.0,6.5,Yes,1
SHG22492,Bihar,Women SHG,9,51,39.7,52.7,36.2,1300.9,83.7,84.5,47,Yes,1,74.3,0,13168.74,Small Business,36700.0,4.7,Yes,1
SHG22493,Bihar,Women SHG,11,43,42.5,58.2,129.1,3442.53,77.3,45.6,22,Yes,3,84.4,1,33360.92,Agriculture,55500.0,8.1,Yes,1
SHG22494,Tamil Nadu,Mixed SHG,15,13,40.4,77.2,130.82,1515.42,88.4,76.6,8,Yes,1,71.7,0,21392.27,Small Business,34400.0,6.9,Yes,1
SHG22495,Kerala,Women SHG,11,17,30.8,73.0,81.77,1091.01,98.7,85.9,14,Yes,1,67.0,0,6393.63,Emergency/Consumption,5000.0,6.4,No,1
SHG22496,Tamil Nadu,Women SHG,15,85,29.9,78.5,68.52,5577.82,94.0,80.0,71,No,2,49.4,0,10297.34,Emergency/Consumption,5000.0,6.0,Yes,0
SHG22497,West Bengal,Women SHG,19,9,37.7,75.4,122.82,1541.31,66.5,76.4,6,Yes,2,83.3,0,18403.97,Agriculture,13000.0,5.7,Yes,1
SHG22498,Bihar,Women SHG,14,10,43.5,59.3,164.86,1887.46,36.6,92.5,5,Yes,3,57.4,1,14456.68,Education,18000.0,7.1,Yes,1
SHG22499,Maharashtra,Women SHG,14,30,50.6,95.1,152.15,3276.69,91.6,66.0,19,Yes,3,67.4,0,8931.49,Small Business,17800.0,6.7,Yes,1
SHG22500,Andhra Pradesh,Mixed SHG,12,50,34.1,60.1,260.78,11683.94,54.6,46.7,30,Yes,0,,0,0.0,Livestock,23300.0,2.5,No,0
SHG22501,Telangana,Women SHG,12,18,42.3,43.8,20.0,301.92,68.3,80.3,14,Yes,1,54.7,0,15934.16,Livestock,43600.0,6.8,Yes,1
SHG22502,Maharashtra,Women SHG,13,20,31.9,67.4,189.86,3330.44,67.6,95.9,11,Yes,1,60.3,0,15349.21,Small Business,8400.0,5.4,Yes,1
SHG22503,Maharashtra,Women SHG,16,22,48.1,56.9,117.25,3212.34,92.6,57.1,14,Yes,1,86.2,0,6940.81,Small Business,9600.0,4.5,No,1
SHG22504,Odisha,Women SHG,17,40,45.7,63.1,117.05,4299.78,68.3,91.8,29,Yes,1,77.3,1,20569.61,Agriculture,23300.0,5.7,No,1
SHG22505,Karnataka,Mixed SHG,17,42,35.9,45.2,210.0,8534.84,40.9,65.4,30,Yes,1,94.5,1,12923.91,Agriculture,58900.0,6.0,No,0
SHG22506,Kerala,Women SHG,14,18,25.3,42.1,20.0,377.33,57.5,88.7,17,Yes,0,,0,0.0,Education,18700.0,10.0,Yes,1
SHG22507,Karnataka,Women SHG,8,24,29.0,76.1,69.21,739.26,73.7,86.8,13,No,1,62.1,0,3900.41,Small Business,5000.0,8.3,Yes,1
SHG22508,Maharashtra,Women SHG,18,36,37.4,62.7,111.23,5248.94,81.0,71.2,31,Yes,1,76.3,0,11807.6,Education,25300.0,6.7,No,1
SHG22509,Maharashtra,Women SHG,8,31,40.3,64.9,20.0,290.6,68.6,58.5,28,Yes,1,87.1,0,24876.59,Small Business,33400.0,8.4,Yes,1
SHG22510,Tamil Nadu,Women SHG,11,33,43.7,61.5,191.91,5247.29,76.3,88.3,17,Yes,0,,0,0.0,Emergency/Consumption,40800.0,6.4,Yes,0
SHG22511,Kerala,Women SHG,15,17,39.7,60.1,134.01,2618.29,85.1,81.7,11,Yes,4,78.4,2,3443.47,Education,41800.0,3.9,No,0
SHG22512,Telangana,Mixed SHG,9,36,43.5,56.7,130.82,2749.94,67.6,79.8,26,Yes,2,79.9,1,39985.53,Emergency/Consumption,11400.0,6.6,Yes,1
SHG22513,Andhra Pradesh,Women SHG,16,55,37.6,33.2,168.82,11417.1,86.6,78.7,42,Yes,2,89.5,0,25014.48,Emergency/Consumption,79400.0,8.2,No,1
SHG22514,Maharashtra,Women SHG,13,42,33.0,64.2,198.91,5557.01,63.6,87.1,36,Yes,0,,0,0.0,Emergency/Consumption,16400.0,9.5,Yes,1
SHG22515,Odisha,Women SHG,14,17,31.0,60.5,188.88,2386.85,78.8,85.4,10,Yes,1,93.5,2,11783.41,Small Business,12100.0,7.1,Yes,0
SHG22516,Kerala,Women SHG,8,17,28.0,69.2,97.02,1042.59,92.6,89.6,15,Yes,1,62.5,0,13651.09,Livestock,18100.0,6.4,Yes,1
SHG22517,Bihar,Women SHG,8,55,55.3,78.6,40.47,1161.02,88.1,68.5,32,No,3,84.1,0,8008.15,Small Business,85000.0,4.3,No,0
SHG22518,Odisha,Women SHG,11,11,43.1,51.4,87.98,558.2,85.6,65.4,6,No,1,90.2,1,24805.3,Education,43600.0,4.0,Yes,1
SHG22519,Bihar,Women SHG,14,19,39.1,43.3,20.0,318.48,35.0,74.4,12,Yes,2,58.0,0,18297.97,Home Improvement,61500.0,5.2,Yes,0
SHG22520,Tamil Nadu,Mixed SHG,11,30,38.6,56.7,71.49,1309.75,68.5,82.1,26,Yes,0,,0,0.0,Education,48000.0,5.6,No,1
SHG22521,Karnataka,Women SHG,20,7,46.9,38.8,36.1,255.28,73.4,81.8,6,Yes,1,73.7,1,15266.63,Agriculture,5000.0,6.8,No,1
SHG22522,Uttar Pradesh,Mixed SHG,13,15,28.3,68.6,103.73,1227.75,52.0,57.2,13,No,1,79.7,0,4489.42,Emergency/Consumption,28600.0,4.8,Yes,0
SHG22523,Bihar,Farmer Producer Group,11,21,50.7,70.1,40.11,516.98,56.1,87.9,20,Yes,1,71.0,1,6089.24,Emergency/Consumption,30300.0,9.5,Yes,1
SHG22524,Andhra Pradesh,Women SHG,10,24,36.2,95.9,217.95,2654.28,83.7,81.2,20,Yes,1,87.7,0,13973.39,Education,9800.0,7.3,No,1
SHG22525,Tamil Nadu,Mixed SHG,13,15,20.0,71.5,141.55,2259.9,65.8,52.6,13,No,1,74.8,0,11461.43,Emergency/Consumption,18400.0,7.3,Yes,1
SHG22526,Andhra Pradesh,Women SHG,9,16,32.6,84.7,80.3,802.99,28.7,61.4,10,Yes,1,96.1,0,7974.19,Home Improvement,10300.0,6.0,No,1
SHG22527,Tamil Nadu,Mixed SHG,8,45,45.7,19.9,173.39,4987.26,96.2,54.4,27,Yes,4,77.3,0,13971.17,Small Business,79600.0,9.2,Yes,1
SHG22528,Karnataka,Farmer Producer Group,16,5,34.1,86.0,140.83,765.21,85.1,92.1,4,No,0,,0,0.0,Agriculture,15900.0,10.0,No,0
SHG22529,Tamil Nadu,Women SHG,10,23,32.1,70.1,20.0,291.58,61.5,40.5,21,Yes,2,72.0,0,3480.57,Emergency/Consumption,95000.0,7.9,Yes,1
SHG22530,Telangana,Mixed SHG,9,54,45.1,65.1,122.42,3437.1,83.9,81.5,43,No,1,70.4,1,11889.79,Agriculture,28500.0,6.9,Yes,0
SHG22531,Uttar Pradesh,Mixed SHG,15,18,40.8,91.1,202.61,3519.3,60.9,91.2,11,Yes,3,67.1,1,6496.73,Home Improvement,57100.0,6.1,Yes,1
SHG22532,Andhra Pradesh,Women SHG,12,41,29.2,72.0,86.2,2210.44,67.8,85.9,24,Yes,0,,0,0.0,Agriculture,21000.0,7.6,No,0
SHG22533,Kerala,Women SHG,13,31,29.1,61.7,140.92,3414.83,85.6,78.9,25,Yes,1,33.6,0,8179.0,Small Business,11200.0,6.1,Yes,1
SHG22534,Andhra Pradesh,Women SHG,13,35,31.3,67.7,33.6,1100.36,77.8,66.1,29,Yes,1,67.6,0,42308.17,Small Business,38700.0,6.5,Yes,1
SHG22535,Bihar,Mixed SHG,16,56,52.8,54.9,82.23,6111.58,64.6,74.9,30,Yes,1,80.9,0,9946.25,Agriculture,31500.0,6.9,Yes,1
SHG22536,Maharashtra,Women SHG,10,62,39.7,19.2,100.76,3185.49,81.1,95.3,57,Yes,1,76.0,1,11394.21,Agriculture,27600.0,5.9,No,1
SHG22537,Maharashtra,Women SHG,9,47,37.8,93.7,114.08,4014.82,86.3,89.1,33,Yes,2,86.2,1,28203.83,Livestock,35000.0,8.3,Yes,1
SHG22538,Odisha,Women SHG,9,11,34.2,62.0,121.46,970.81,59.3,75.6,9,Yes,1,67.5,0,7372.16,Home Improvement,5000.0,9.6,Yes,1
SHG22539,Uttar Pradesh,Farmer Producer Group,15,24,36.8,68.9,93.83,2072.83,77.7,56.3,18,Yes,2,89.4,2,33847.51,Education,27300.0,6.7,Yes,0
SHG22540,Karnataka,Women SHG,12,37,30.6,77.3,99.36,3155.12,35.2,78.0,32,Yes,2,75.6,0,34594.52,Small Business,12200.0,6.6,Yes,1
SHG22541,Tamil Nadu,Women SHG,8,50,44.6,63.4,170.0,5486.66,79.4,81.5,39,Yes,1,72.9,0,11202.54,Small Business,22100.0,5.9,Yes,1
SHG22542,Andhra Pradesh,Women SHG,17,41,37.4,41.3,168.21,6255.68,77.3,76.8,27,Yes,3,74.4,0,12761.86,Agriculture,21100.0,7.3,Yes,1
SHG22543,Maharashtra,Women SHG,13,23,41.9,57.2,179.81,4043.46,63.8,73.7,12,Yes,0,,0,0.0,Home Improvement,12800.0,7.8,Yes,1
SHG22544,Karnataka,Mixed SHG,11,27,39.5,92.7,240.43,4914.77,85.7,80.5,23,No,2,92.3,0,31670.24,Small Business,58800.0,4.9,Yes,1
SHG22545,Uttar Pradesh,Farmer Producer Group,15,38,32.2,66.9,72.25,3044.55,69.0,57.9,29,Yes,1,92.3,1,34691.67,Small Business,46900.0,9.1,No,1
SHG22546,Telangana,Women SHG,13,12,29.5,69.2,196.72,1636.02,46.7,73.8,8,Yes,3,82.9,0,32322.19,Livestock,14700.0,6.4,Yes,1
SHG22547,Telangana,Women SHG,17,17,47.3,52.5,81.31,1259.11,78.2,67.1,9,Yes,1,81.1,0,18527.75,Emergency/Consumption,28300.0,7.4,No,1
SHG22548,Andhra Pradesh,Farmer Producer Group,14,36,33.7,34.8,132.96,4266.77,66.0,57.0,23,Yes,1,93.0,0,4455.1,Education,26400.0,6.9,Yes,0
SHG22549,Tamil Nadu,Mixed SHG,15,34,37.2,71.7,198.5,7383.16,82.2,77.5,32,Yes,2,56.5,0,1647.39,Small Business,50100.0,7.7,No,1
SHG22550,Andhra Pradesh,Women SHG,15,31,42.8,77.8,138.39,4784.45,48.4,43.8,20,Yes,0,,0,0.0,Agriculture,33000.0,6.0,Yes,1
SHG22551,Kerala,Women SHG,12,48,31.2,64.1,128.08,5300.25,85.6,65.4,35,Yes,1,81.1,0,16917.77,Livestock,27700.0,9.5,Yes,1
SHG22552,Bihar,Women SHG,16,18,37.8,60.7,92.87,1717.79,63.7,86.9,10,No,1,71.8,1,1259.08,Small Business,27700.0,7.0,No,0
SHG22553,Maharashtra,Women SHG,9,79,35.5,62.2,137.91,7324.28,88.2,86.7,62,Yes,0,,0,0.0,Agriculture,36700.0,8.1,Yes,1
SHG22554,Karnataka,Women SHG,13,13,29.3,76.6,305.42,3946.03,29.4,89.1,9,Yes,1,79.1,1,7258.86,Home Improvement,5000.0,7.7,No,1
SHG22555,Bihar,Women SHG,14,26,58.4,93.4,135.96,3042.47,46.3,88.7,22,Yes,2,95.0,0,2243.28,Agriculture,61800.0,5.3,No,0
SHG22556,Tamil Nadu,Women SHG,11,5,39.7,10.7,218.31,722.86,72.9,74.9,5,No,0,,0,0.0,Agriculture,59700.0,8.4,Yes,1
SHG22557,Odisha,Mixed SHG,16,24,61.7,53.0,89.76,1983.19,77.3,79.3,13,Yes,2,57.2,0,28901.79,Agriculture,7500.0,4.9,Yes,1
SHG22558,Odisha,Women SHG,9,16,32.5,56.3,20.0,239.63,75.6,56.6,15,Yes,1,89.8,0,16777.28,Home Improvement,43300.0,6.1,Yes,1
SHG22559,Bihar,Women SHG,11,54,38.5,66.3,61.98,2249.87,56.6,55.9,40,No,0,,0,0.0,Home Improvement,45900.0,7.7,No,1
SHG22560,Maharashtra,Women SHG,13,22,35.7,55.2,137.02,2831.61,93.7,90.2,15,Yes,3,32.9,0,8360.11,Agriculture,27400.0,7.3,Yes,0
SHG22561,Uttar Pradesh,Farmer Producer Group,14,22,44.5,43.6,71.92,1380.24,69.2,55.8,15,Yes,2,88.5,1,10416.63,Livestock,57900.0,5.2,Yes,1
SHG22562,Telangana,Women SHG,13,26,30.6,74.3,120.7,3147.39,62.3,76.9,22,Yes,5,84.4,1,5096.05,Livestock,22700.0,7.0,No,1
SHG22563,Andhra Pradesh,Women SHG,11,40,35.2,71.0,63.1,2006.62,90.1,52.1,22,No,1,72.2,0,23021.73,Agriculture,53100.0,7.3,Yes,0
SHG22564,Maharashtra,Mixed SHG,13,27,46.6,76.6,158.07,3238.49,60.8,90.7,24,Yes,0,,0,0.0,Agriculture,25200.0,7.4,Yes,1
SHG22565,Andhra Pradesh,Women SHG,13,12,47.1,79.7,25.59,292.26,64.3,83.4,8,Yes,1,95.5,0,1727.06,Education,22600.0,5.5,Yes,0
SHG22566,Tamil Nadu,Farmer Producer Group,15,59,20.0,75.6,25.03,1357.56,74.1,55.6,45,Yes,0,,0,0.0,Small Business,28500.0,8.0,Yes,1
SHG22567,Kerala,Women SHG,15,51,31.9,75.4,80.7,3869.49,70.1,75.3,48,Yes,1,81.0,1,8109.17,Agriculture,6400.0,6.3,No,1
SHG22568,Telangana,Farmer Producer Group,8,18,34.9,72.7,104.97,1031.95,77.3,72.8,15,Yes,1,88.4,0,21894.84,Livestock,5000.0,6.6,Yes,0
SHG22569,Uttar Pradesh,Women SHG,9,54,36.2,58.9,46.73,1273.28,81.6,81.6,28,Yes,1,81.8,0,9837.3,Agriculture,35800.0,7.6,No,1
SHG22570,Kerala,Women SHG,10,24,23.4,66.9,125.69,2242.17,41.0,97.2,19,Yes,2,95.5,0,19451.69,Small Business,14400.0,7.7,Yes,1
SHG22571,Bihar,Women SHG,10,6,30.2,80.3,23.5,81.97,60.7,65.7,5,Yes,3,75.4,0,16242.04,Education,40200.0,7.7,Yes,1
SHG22572,West Bengal,Women SHG,15,16,46.9,95.8,88.5,1560.08,72.9,93.6,9,Yes,3,80.4,1,25543.52,Agriculture,7300.0,7.9,Yes,0
SHG22573,Bihar,Women SHG,11,76,43.5,34.8,52.57,2420.53,84.3,78.5,54,Yes,1,90.1,0,11003.08,Education,23000.0,8.6,Yes,0
SHG22574,Odisha,Women SHG,8,54,29.9,69.2,174.43,5309.02,73.4,70.8,44,Yes,1,53.7,0,20995.36,Emergency/Consumption,48900.0,6.1,No,1
SHG22575,Andhra Pradesh,Women SHG,14,15,40.9,53.8,178.64,2480.61,85.4,55.8,8,Yes,1,85.9,1,16543.71,Agriculture,16800.0,7.1,Yes,1
SHG22576,Karnataka,Women SHG,13,72,33.5,74.4,131.39,9401.21,95.1,52.0,43,Yes,1,89.1,0,5506.85,Agriculture,51800.0,7.4,No,1
SHG22577,Maharashtra,Women SHG,13,33,34.6,81.2,52.32,1834.22,63.1,75.6,29,Yes,0,,0,0.0,Agriculture,28400.0,9.0,No,0
SHG22578,Odisha,Women SHG,12,8,21.6,46.4,75.11,435.21,80.4,84.7,6,Yes,3,74.2,0,7259.84,Small Business,22500.0,6.6,No,1
SHG22579,Bihar,Mixed SHG,16,8,40.1,41.3,175.02,1676.01,40.2,66.8,7,Yes,6,60.6,1,27709.98,Small Business,24000.0,7.0,Yes,1
SHG22580,Telangana,Women SHG,12,17,49.5,58.6,83.43,1039.63,88.2,82.9,14,Yes,0,,0,0.0,Emergency/Consumption,35100.0,8.1,Yes,0
SHG22581,Odisha,Women SHG,14,46,27.6,50.6,183.98,5942.76,77.5,52.4,38,Yes,0,,0,0.0,Agriculture,42400.0,6.4,Yes,1
SHG22582,Bihar,Mixed SHG,11,11,35.2,26.2,145.54,891.63,90.5,83.5,9,Yes,2,79.4,0,29037.73,Livestock,68500.0,6.6,Yes,0
SHG22583,Bihar,Mixed SHG,12,21,46.7,57.6,86.65,1315.86,61.9,84.8,12,Yes,1,80.3,0,8874.0,Agriculture,17900.0,6.6,No,0
SHG22584,Maharashtra,Women SHG,18,94,45.1,85.0,313.44,34028.03,72.5,70.8,80,Yes,0,,0,0.0,Home Improvement,73100.0,6.0,No,1
SHG22585,Karnataka,Women SHG,12,24,39.1,54.9,124.27,1992.39,86.8,47.0,21,Yes,0,,0,0.0,Emergency/Consumption,50100.0,5.0,No,0
SHG22586,Bihar,Women SHG,9,14,45.0,50.0,40.77,389.21,59.2,81.4,8,Yes,1,81.0,0,9271.08,Agriculture,39400.0,6.0,Yes,1
SHG22587,Odisha,Women SHG,8,3,40.9,60.2,55.04,78.79,68.4,93.2,2,Yes,0,,0,0.0,Emergency/Consumption,9500.0,5.8,Yes,0
SHG22588,Andhra Pradesh,Women SHG,12,12,23.4,43.3,197.2,1981.97,77.0,90.4,8,No,0,,0,0.0,Small Business,42500.0,6.0,Yes,1
SHG22589,Odisha,Women SHG,15,28,38.8,42.3,20.0,513.57,76.5,64.5,20,Yes,3,60.1,0,14183.61,Small Business,12100.0,8.0,Yes,1
SHG22590,Telangana,Women SHG,14,12,38.9,58.3,160.13,1459.05,71.0,86.8,6,Yes,0,,0,0.0,Home Improvement,40200.0,4.6,No,1
SHG22591,Telangana,Women SHG,11,45,37.6,41.8,159.32,5041.44,51.5,53.1,23,No,0,,0,0.0,Agriculture,32600.0,7.3,Yes,1
SHG22592,Odisha,Women SHG,15,24,36.6,50.1,121.31,3129.71,81.6,67.0,13,Yes,5,75.9,1,12005.15,Agriculture,47600.0,7.4,Yes,1
SHG22593,Tamil Nadu,Mixed SHG,17,10,37.0,79.3,155.81,1927.54,86.1,72.4,7,Yes,3,72.2,0,6064.16,Small Business,22100.0,7.6,No,1
SHG22594,Telangana,Farmer Producer Group,18,54,50.3,66.7,137.44,11089.9,64.3,79.0,32,Yes,1,81.9,0,16566.48,Agriculture,23400.0,7.5,Yes,1
SHG22595,Bihar,Farmer Producer Group,14,75,52.3,37.6,127.8,7922.62,87.9,89.0,71,Yes,2,65.1,0,15437.84,Home Improvement,33000.0,6.2,No,0
SHG22596,West Bengal,Women SHG,16,25,41.8,80.4,75.06,1688.14,68.5,77.7,13,Yes,2,60.1,0,489.72,Agriculture,108100.0,6.1,Yes,1
SHG22597,Tamil Nadu,Farmer Producer Group,12,55,46.6,65.8,165.41,5561.4,74.1,87.3,37,Yes,0,,0,0.0,Education,56800.0,2.8,Yes,1
SHG22598,Andhra Pradesh,Women SHG,12,17,38.3,91.0,79.59,986.98,36.9,81.3,9,Yes,3,75.6,0,41526.5,Education,32400.0,9.0,Yes,1
SHG22599,Andhra Pradesh,Women SHG,15,39,31.3,87.3,20.0,962.42,43.9,66.1,31,Yes,3,87.7,1,26538.18,Agriculture,25200.0,9.3,Yes,1
SHG22600,Kerala,Women SHG,12,37,42.5,82.9,21.56,652.47,44.7,68.6,35,Yes,3,68.7,1,13262.68,Livestock,10400.0,4.5,No,0
SHG22601,Andhra Pradesh,Women SHG,12,46,34.5,76.3,34.05,1466.1,60.8,91.1,36,Yes,1,83.0,0,43647.51,Agriculture,41600.0,7.6,Yes,1
SHG22602,Karnataka,Women SHG,13,48,41.2,61.7,96.78,3840.61,68.0,85.1,29,Yes,1,50.7,0,16467.84,Small Business,32600.0,9.3,Yes,1
SHG22603,Odisha,Women SHG,13,26,28.2,91.6,197.72,4786.87,67.0,80.3,15,Yes,0,,0,0.0,Education,88500.0,5.7,Yes,1
SHG22604,Tamil Nadu,Women SHG,11,28,46.7,75.9,197.16,3207.29,49.2,80.7,25,No,0,,0,0.0,Small Business,35100.0,9.1,No,0
SHG22605,Tamil Nadu,Women SHG,16,54,35.3,45.4,61.47,3713.5,93.7,74.4,50,Yes,0,,0,0.0,Education,14700.0,5.2,Yes,1
SHG22606,West Bengal,Women SHG,11,15,44.3,53.0,228.4,2091.22,88.9,52.4,8,Yes,1,67.6,0,9284.52,Agriculture,23400.0,7.1,Yes,1
SHG22607,Bihar,Women SHG,13,27,54.1,63.2,45.62,873.79,93.3,66.7,17,No,0,,0,0.0,Agriculture,19900.0,6.5,No,0
SHG22608,Bihar,Women SHG,13,24,40.8,38.7,70.32,1318.58,85.3,78.6,17,Yes,1,61.0,0,10389.98,Small Business,49800.0,5.1,No,1
SHG22609,Tamil Nadu,Women SHG,10,32,46.9,90.7,27.83,504.35,65.5,78.7,25,Yes,0,,0,0.0,Agriculture,60600.0,9.7,Yes,0
SHG22610,Maharashtra,Mixed SHG,14,14,34.6,34.6,187.95,2129.92,66.7,72.0,7,Yes,1,69.7,0,29060.63,Agriculture,15500.0,7.7,No,0
SHG22611,Tamil Nadu,Women SHG,19,40,45.1,44.7,137.82,8064.11,83.4,84.3,29,Yes,1,53.3,1,28636.31,Home Improvement,13200.0,8.1,Yes,1
SHG22612,Andhra Pradesh,Mixed SHG,14,29,37.0,65.5,218.93,6334.47,82.5,91.9,20,Yes,2,92.5,0,11253.47,Agriculture,14600.0,7.7,Yes,1
SHG22613,Odisha,Women SHG,15,9,40.3,75.8,62.08,520.1,92.2,94.2,8,Yes,0,,0,0.0,Small Business,37500.0,9.1,No,1
SHG22614,Maharashtra,Farmer Producer Group,11,52,44.2,41.3,20.0,945.38,62.0,76.7,29,No,1,67.5,1,22060.75,Home Improvement,37100.0,5.0,Yes,0
SHG22615,Tamil Nadu,Women SHG,10,29,34.5,74.1,20.0,478.11,55.8,61.1,24,Yes,4,93.9,0,10248.35,Agriculture,20300.0,7.0,No,1
SHG22616,Odisha,Women SHG,11,110,32.0,31.4,88.41,6510.45,67.3,78.8,55,Yes,2,70.8,0,12131.79,Emergency/Consumption,33300.0,8.0,Yes,1
SHG22617,Tamil Nadu,Women SHG,9,15,27.2,70.8,53.53,465.12,42.6,86.1,12,Yes,0,,0,0.0,Agriculture,22800.0,9.2,No,0
SHG22618,Telangana,Women SHG,14,47,35.1,94.9,143.31,4724.29,41.5,66.5,30,Yes,3,92.8,1,27362.12,Livestock,30200.0,6.1,Yes,1
SHG22619,Andhra Pradesh,Women SHG,11,43,28.7,79.7,151.52,4380.6,68.3,91.1,29,Yes,3,61.3,1,12301.6,Small Business,19300.0,8.5,No,1
SHG22620,Odisha,Women SHG,15,32,47.6,78.5,143.39,4824.41,53.3,73.4,25,Yes,3,76.1,0,43973.62,Livestock,14700.0,9.1,No,1
SHG22621,Odisha,Women SHG,12,30,37.3,66.2,108.41,3184.33,91.3,90.2,25,Yes,0,,0,0.0,Livestock,7200.0,5.4,No,1
SHG22622,Maharashtra,Women SHG,15,65,31.6,45.6,141.47,8874.85,93.2,85.9,58,Yes,1,68.8,1,11161.7,Livestock,82900.0,9.4,Yes,1
SHG22623,Telangana,Women SHG,14,138,31.9,37.9,81.55,11286.83,69.1,81.1,73,Yes,2,36.3,0,27893.99,Small Business,105900.0,4.8,Yes,1
SHG22624,Uttar Pradesh,Farmer Producer Group,13,28,37.4,76.6,40.16,892.83,74.8,92.4,22,Yes,0,,0,0.0,Livestock,29700.0,5.4,No,1
SHG22625,Telangana,Women SHG,10,53,28.7,52.8,83.47,2323.0,82.8,57.8,45,Yes,1,39.2,0,16358.14,Agriculture,40300.0,9.2,No,1
SHG22626,Telangana,Women SHG,14,24,32.0,44.5,184.48,4731.29,88.3,52.9,21,Yes,0,,0,0.0,Agriculture,43500.0,6.6,Yes,0
SHG22627,Telangana,Women SHG,18,27,30.1,68.8,67.06,2047.31,83.0,73.1,23,Yes,3,88.3,1,36500.87,Agriculture,23500.0,8.9,No,1
SHG22628,Tamil Nadu,Women SHG,13,44,48.5,46.4,159.06,6238.56,63.0,70.0,25,Yes,3,78.3,0,43340.49,Education,28100.0,6.8,No,1
SHG22629,Telangana,Women SHG,8,58,35.4,77.1,335.5,9124.69,64.9,89.8,46,Yes,0,,0,0.0,Emergency/Consumption,23800.0,7.8,Yes,1
SHG22630,Odisha,Women SHG,12,28,36.5,53.4,105.82,1791.76,62.7,58.1,18,Yes,0,,0,0.0,Livestock,15500.0,3.4,Yes,0
SHG22631,Andhra Pradesh,Women SHG,10,101,20.0,69.3,449.75,35691.21,75.1,96.8,78,Yes,1,66.5,0,13375.48,Emergency/Consumption,17500.0,5.9,No,1
SHG22632,West Bengal,Mixed SHG,14,16,42.1,70.1,82.34,1042.85,57.2,74.7,14,Yes,2,71.2,0,8128.15,Livestock,43000.0,9.1,No,1
SHG22633,Telangana,Women SHG,15,65,34.7,95.1,166.39,12196.43,85.4,90.8,56,Yes,2,98.3,0,13601.43,Emergency/Consumption,27200.0,6.2,Yes,1
SHG22634,Andhra Pradesh,Women SHG,16,22,40.3,48.0,121.44,2729.68,86.0,77.8,20,No,3,62.1,2,39138.76,Agriculture,35900.0,6.6,No,0
SHG22635,Maharashtra,Women SHG,13,48,39.7,43.7,60.18,3007.94,57.3,63.5,33,Yes,1,89.0,0,4373.32,Home Improvement,12000.0,8.3,No,1
SHG22636,West Bengal,Women SHG,12,40,57.4,68.1,44.45,1260.29,77.0,95.3,35,Yes,3,58.0,0,36026.81,Agriculture,31000.0,7.3,Yes,1
SHG22637,Karnataka,Women SHG,12,17,47.1,49.1,152.01,1950.68,84.7,59.7,13,Yes,1,79.1,0,6529.69,Agriculture,69700.0,7.0,No,1
SHG22638,West Bengal,Women SHG,14,32,29.0,91.5,162.07,4190.7,97.1,94.3,26,Yes,2,88.5,0,5916.44,Livestock,23400.0,7.0,Yes,1
SHG22639,Uttar Pradesh,Women SHG,12,62,25.1,70.5,152.68,9292.47,69.4,74.8,51,Yes,1,71.1,0,8745.97,Livestock,51600.0,9.5,No,0
SHG22640,Bihar,Women SHG,14,11,31.8,71.9,89.82,1149.68,76.6,90.4,7,Yes,2,63.4,0,38784.9,Agriculture,29400.0,6.6,Yes,1
SHG22641,Tamil Nadu,Women SHG,18,105,39.4,69.4,243.74,30976.43,45.5,98.9,85,Yes,1,75.8,0,15377.5,Agriculture,5000.0,4.6,Yes,1
SHG22642,Odisha,Women SHG,13,25,47.9,57.4,67.89,1240.54,53.7,91.3,21,Yes,1,93.6,0,15012.27,Small Business,94500.0,7.3,Yes,1
SHG22643,Tamil Nadu,Mixed SHG,18,10,32.4,47.4,107.65,1607.88,49.5,79.3,7,Yes,2,70.1,1,4675.89,Agriculture,80600.0,6.6,Yes,0
SHG22644,Maharashtra,Women SHG,13,13,35.1,46.3,56.87,585.64,62.9,62.9,8,Yes,3,68.8,0,787.06,Agriculture,19700.0,4.3,Yes,1
SHG22645,Kerala,Mixed SHG,12,11,41.1,98.0,58.86,552.47,42.7,42.5,9,Yes,1,74.2,1,10907.12,Emergency/Consumption,16500.0,6.5,Yes,1
SHG22646,Tamil Nadu,Mixed SHG,15,21,37.0,95.3,222.96,5034.45,82.2,81.6,11,Yes,3,66.0,0,13064.22,Small Business,41600.0,9.6,No,0
SHG22647,Tamil Nadu,Mixed SHG,11,29,39.3,94.1,77.19,1966.25,53.5,95.2,24,No,0,,0,0.0,Small Business,23900.0,6.2,Yes,1
SHG22648,Tamil Nadu,Women SHG,15,10,33.7,58.9,51.77,434.23,76.6,78.0,8,Yes,1,90.3,1,7664.69,Home Improvement,57600.0,6.9,Yes,0
SHG22649,Telangana,Women SHG,11,17,45.1,49.4,141.74,1830.94,56.3,63.6,10,Yes,2,66.0,0,45172.0,Agriculture,28600.0,6.8,Yes,1
SHG22650,Uttar Pradesh,Women SHG,11,19,28.1,43.5,45.01,570.88,91.6,88.1,15,Yes,3,55.8,0,14381.01,Small Business,9800.0,5.7,No,0
SHG22651,Uttar Pradesh,Mixed SHG,12,10,35.3,66.8,46.08,336.46,62.9,89.9,7,Yes,3,78.3,0,39431.85,Agriculture,107600.0,6.8,Yes,1
SHG22652,Uttar Pradesh,Mixed SHG,16,25,37.2,78.8,140.45,3244.53,91.0,84.4,20,Yes,1,93.4,1,3240.41,Agriculture,28600.0,8.0,Yes,1
SHG22653,Odisha,Women SHG,9,8,46.9,49.9,91.96,451.93,66.1,63.3,6,Yes,0,,0,0.0,Education,20900.0,9.7,Yes,1
SHG22654,Karnataka,Women SHG,12,59,36.6,66.4,172.28,7134.69,93.2,63.8,53,No,4,64.2,1,27042.51,Emergency/Consumption,17800.0,7.0,Yes,1
SHG22655,Uttar Pradesh,Women SHG,9,5,51.8,89.0,89.46,239.2,84.1,58.1,5,Yes,0,,0,0.0,Agriculture,50500.0,7.6,Yes,1
SHG22656,Maharashtra,Women SHG,14,14,41.1,57.1,132.17,2048.45,89.1,70.6,10,No,0,,0,0.0,Agriculture,60900.0,5.4,Yes,1
SHG22657,Telangana,Mixed SHG,18,15,53.6,46.9,98.74,2064.84,59.7,88.8,14,Yes,3,95.5,0,18564.6,Small Business,41400.0,5.4,No,1
SHG22658,Uttar Pradesh,Women SHG,18,38,30.5,82.5,106.94,6062.18,81.7,76.6,23,Yes,3,86.4,1,29389.68,Small Business,13200.0,6.8,No,1
SHG22659,Karnataka,Women SHG,10,62,30.6,63.5,225.7,7784.0,86.5,60.7,32,Yes,0,,0,0.0,Small Business,20500.0,6.9,Yes,1
SHG22660,Bihar,Mixed SHG,12,9,43.1,82.5,34.64,216.55,61.9,88.8,7,Yes,4,54.9,0,16113.53,Small Business,44900.0,4.9,Yes,1
SHG22661,Kerala,Women SHG,14,12,54.1,100.0,50.55,438.99,88.6,85.6,11,No,0,,0,0.0,Small Business,40100.0,5.9,Yes,1
SHG22662,Andhra Pradesh,Mixed SHG,15,9,46.9,70.1,217.77,2173.8,72.8,90.7,7,Yes,0,,0,0.0,Home Improvement,16600.0,8.4,No,1
SHG22663,Tamil Nadu,Mixed SHG,9,62,45.5,88.9,296.26,10993.51,82.6,83.5,48,Yes,1,52.8,0,24906.56,Emergency/Consumption,68400.0,9.5,No,0
SHG22664,Maharashtra,Mixed SHG,14,38,41.5,72.9,148.62,5847.94,85.8,75.5,25,Yes,1,60.5,0,10312.99,Agriculture,8200.0,6.9,No,1
SHG22665,Uttar Pradesh,Women SHG,14,32,58.5,46.9,75.18,2094.83,91.1,90.5,29,Yes,2,53.0,0,21016.89,Agriculture,24900.0,5.4,Yes,1
SHG22666,Telangana,Women SHG,11,43,40.5,73.1,169.75,4380.91,42.4,71.9,27,Yes,1,62.4,0,25361.58,Agriculture,47900.0,4.8,No,0
SHG22667,Telangana,Mixed SHG,15,10,37.8,51.8,241.56,2567.72,78.6,85.1,9,Yes,2,77.2,1,15781.97,Agriculture,18100.0,5.2,No,1
SHG22668,Telangana,Women SHG,12,31,50.1,59.0,470.16,12924.67,92.5,54.9,28,Yes,2,72.4,0,2450.96,Livestock,32200.0,7.6,Yes,1
SHG22669,Tamil Nadu,Women SHG,11,16,40.6,79.8,35.36,386.87,64.2,83.0,13,Yes,2,60.9,1,20564.54,Agriculture,29100.0,6.6,No,0
SHG22670,Tamil Nadu,Women SHG,14,29,38.8,54.9,218.51,7341.28,72.7,53.8,21,Yes,2,70.7,0,4488.42,Agriculture,94200.0,10.0,Yes,1
SHG22671,Maharashtra,Women SHG,9,19,42.9,71.4,82.02,952.7,34.6,84.3,13,Yes,3,72.0,0,13490.09,Home Improvement,39100.0,7.1,No,1
SHG22672,Karnataka,Women SHG,12,4,31.3,34.8,98.1,349.22,71.6,58.0,4,Yes,0,,0,0.0,Home Improvement,27200.0,7.3,No,0
SHG22673,Andhra Pradesh,Farmer Producer Group,11,37,47.1,58.7,90.92,2834.14,54.7,75.4,28,Yes,0,,0,0.0,Home Improvement,16300.0,4.4,No,0
SHG22674,Uttar Pradesh,Women SHG,13,5,25.2,46.3,371.99,1749.67,85.6,90.9,3,Yes,0,,0,0.0,Small Business,8500.0,5.6,No,0
SHG22675,Andhra Pradesh,Mixed SHG,11,15,42.0,79.6,233.96,2010.1,76.3,87.1,13,Yes,1,76.3,1,16878.54,Agriculture,23900.0,5.6,No,1
SHG22676,Kerala,Women SHG,11,31,39.9,67.8,66.31,1411.01,66.3,93.0,27,Yes,2,80.9,0,6251.88,Agriculture,24200.0,8.0,Yes,1
SHG22677,Karnataka,Women SHG,15,26,38.8,52.7,153.17,3119.18,55.2,88.9,22,Yes,0,,0,0.0,Emergency/Consumption,29200.0,7.5,Yes,0
SHG22678,Odisha,Mixed SHG,12,63,30.7,99.6,46.23,2210.63,53.8,90.0,34,Yes,3,55.1,1,26337.35,Small Business,39900.0,6.6,Yes,0
SHG22679,Andhra Pradesh,Women SHG,12,33,24.0,67.9,33.52,808.42,57.0,83.0,27,Yes,2,92.2,0,8297.51,Education,94100.0,7.8,Yes,1
SHG22680,Kerala,Mixed SHG,8,37,31.1,71.5,54.29,1294.82,67.6,76.8,22,Yes,0,,0,0.0,Livestock,37100.0,9.1,No,1
SHG22681,Maharashtra,Women SHG,8,45,25.9,69.0,184.71,4095.97,84.3,83.9,26,Yes,2,89.3,0,11154.58,Small Business,26200.0,5.9,Yes,1
SHG22682,Uttar Pradesh,Women SHG,15,14,20.0,18.0,88.47,1393.78,92.2,95.5,11,Yes,0,,0,0.0,Agriculture,70700.0,6.5,Yes,1
SHG22683,Tamil Nadu,Farmer Producer Group,9,66,45.7,72.9,143.16,5206.92,40.4,55.1,43,No,1,73.0,0,25241.36,Livestock,98800.0,7.2,No,0
SHG22684,Kerala,Farmer Producer Group,13,7,24.5,33.6,75.31,428.6,61.0,55.5,5,Yes,2,86.8,1,3935.44,Education,23000.0,6.3,Yes,1
SHG22685,Karnataka,Women SHG,16,16,37.8,25.6,105.06,1838.86,69.1,97.2,13,Yes,6,78.4,0,10390.56,Small Business,37200.0,6.6,No,0
SHG22686,Andhra Pradesh,Mixed SHG,20,25,38.1,39.7,188.66,7328.52,77.4,67.3,23,No,2,51.3,0,16349.93,Agriculture,17500.0,9.1,No,1
SHG22687,Telangana,Women SHG,10,15,41.8,75.3,20.0,225.56,61.1,93.3,12,Yes,3,82.3,0,12033.41,Agriculture,80200.0,8.0,No,1
SHG22688,West Bengal,Women SHG,9,50,34.8,44.1,65.53,2072.39,36.0,83.8,45,No,1,60.2,0,20198.11,Small Business,5000.0,6.9,Yes,1
SHG22689,Maharashtra,Women SHG,13,19,39.6,57.8,201.65,4139.64,61.4,91.9,12,Yes,2,94.8,0,21771.13,Livestock,38200.0,6.8,Yes,1
SHG22690,Tamil Nadu,Women SHG,11,49,30.1,55.0,36.79,1030.93,84.1,90.6,44,Yes,2,56.1,0,29703.68,Livestock,16400.0,7.2,No,0
SHG22691,Tamil Nadu,Women SHG,12,6,39.6,45.6,37.65,160.31,81.6,74.7,5,Yes,0,,0,0.0,Agriculture,66400.0,8.4,Yes,1
SHG22692,Telangana,Women SHG,8,30,49.7,49.7,65.46,1267.35,45.9,79.0,18,Yes,0,,0,0.0,Agriculture,48400.0,6.7,No,1
SHG22693,Maharashtra,Women SHG,10,83,33.7,60.6,80.8,3699.08,77.6,50.3,75,Yes,3,75.2,0,2939.27,Emergency/Consumption,58800.0,9.3,No,1
SHG22694,Andhra Pradesh,Women SHG,14,35,41.1,38.0,263.06,7851.72,76.4,64.5,22,Yes,1,94.1,0,18082.32,Agriculture,96600.0,6.1,Yes,1
SHG22695,Odisha,Women SHG,11,25,30.2,74.0,28.05,640.06,64.6,38.7,19,Yes,1,92.4,1,7324.61,Home Improvement,53500.0,7.5,Yes,1
SHG22696,West Bengal,Women SHG,20,21,40.9,40.4,28.36,599.27,45.7,86.5,11,Yes,3,96.8,0,21032.89,Small Business,38300.0,6.4,Yes,1
SHG22697,Bihar,Women SHG,14,61,42.0,61.2,145.03,8690.02,69.7,76.1,50,Yes,1,44.8,0,22578.4,Livestock,5200.0,7.0,Yes,1
SHG22698,Bihar,Women SHG,11,14,49.3,73.4,95.94,973.54,65.1,53.2,8,Yes,3,79.8,0,7200.15,Livestock,58500.0,6.6,No,0
SHG22699,Bihar,Women SHG,10,27,38.3,35.2,303.63,6210.06,86.4,39.0,19,Yes,1,90.3,1,5315.86,Small Business,79000.0,9.8,Yes,1
SHG22700,Andhra Pradesh,Women SHG,14,7,43.4,39.6,28.02,184.93,88.1,77.6,5,Yes,2,79.0,0,20066.79,Small Business,26900.0,8.3,No,1
SHG22701,Uttar Pradesh,Women SHG,11,15,34.8,82.9,25.99,324.38,63.1,70.8,8,Yes,1,78.4,0,22018.75,Livestock,15600.0,9.0,No,1
SHG22702,Tamil Nadu,Women SHG,13,32,34.8,83.4,490.72,13717.79,57.3,90.2,30,Yes,0,,0,0.0,Livestock,37100.0,9.5,No,1
SHG22703,Odisha,Women SHG,15,18,25.8,59.4,43.64,841.88,66.6,88.5,12,Yes,5,81.9,0,4008.82,Education,44600.0,8.1,No,0
SHG22704,Karnataka,Farmer Producer Group,13,27,35.1,38.8,20.0,471.59,62.4,83.5,14,Yes,1,72.4,1,25862.38,Home Improvement,57700.0,8.1,Yes,1
SHG22705,Karnataka,Women SHG,14,51,38.0,74.7,49.53,1979.57,86.2,86.3,43,Yes,2,87.3,1,6387.2,Agriculture,12100.0,6.8,No,1
SHG22706,Maharashtra,Mixed SHG,10,78,42.7,66.9,146.69,8061.97,82.8,82.8,62,Yes,0,,0,0.0,Emergency/Consumption,5900.0,9.5,No,1
SHG22707,Karnataka,Farmer Producer Group,13,16,53.3,53.1,71.91,866.03,30.3,65.9,14,Yes,0,,0,0.0,Small Business,21100.0,7.2,Yes,0
SHG22708,Telangana,Women SHG,12,9,50.1,71.8,95.26,660.91,29.7,55.2,6,Yes,3,91.9,1,43524.14,Agriculture,10500.0,8.5,Yes,1
SHG22709,Bihar,Mixed SHG,9,29,37.8,72.7,164.2,3241.69,57.4,79.5,27,Yes,1,92.2,1,14608.01,Emergency/Consumption,15900.0,4.4,Yes,1
SHG22710,Karnataka,Women SHG,19,11,37.2,33.8,110.66,1215.11,67.1,86.7,8,Yes,0,,0,0.0,Livestock,22600.0,6.5,Yes,1
SHG22711,Karnataka,Women SHG,17,11,32.0,47.9,95.38,1237.66,68.5,45.7,6,Yes,1,85.1,0,36304.77,Emergency/Consumption,36800.0,7.3,No,1
SHG22712,Andhra Pradesh,Women SHG,14,15,46.6,61.0,20.0,301.76,71.7,79.1,10,Yes,2,84.5,0,2825.98,Small Business,32900.0,7.3,Yes,1
SHG22713,Odisha,Women SHG,15,58,34.6,85.7,20.0,1153.09,91.0,82.3,47,No,0,,0,0.0,Livestock,38200.0,9.6,Yes,1
SHG22714,Andhra Pradesh,Mixed SHG,13,39,36.7,69.0,82.08,2852.5,85.5,87.7,21,Yes,0,,0,0.0,Small Business,32600.0,8.5,Yes,1
SHG22715,Bihar,Farmer Producer Group,11,36,28.7,72.1,56.0,1499.74,77.1,79.9,28,No,1,91.7,1,16640.51,Agriculture,52600.0,9.9,Yes,1
SHG22716,Odisha,Farmer Producer Group,18,52,33.6,54.4,95.36,7217.58,81.7,59.3,33,Yes,0,,0,0.0,Home Improvement,53800.0,6.5,Yes,1
SHG22717,Andhra Pradesh,Women SHG,13,6,44.1,58.7,29.57,138.17,89.1,84.9,5,Yes,0,,0,0.0,Home Improvement,6700.0,7.5,No,1
SHG22718,Kerala,Mixed SHG,12,13,36.4,47.1,20.0,250.25,52.7,79.4,11,Yes,2,66.1,0,15095.75,Emergency/Consumption,73400.0,7.6,Yes,1
SHG22719,West Bengal,Women SHG,18,17,56.6,90.5,20.0,317.73,62.9,57.5,13,Yes,1,90.9,0,23552.77,Home Improvement,25300.0,8.8,No,0
SHG22720,Tamil Nadu,Women SHG,11,35,42.8,70.5,57.96,1621.34,54.6,81.9,23,Yes,0,,0,0.0,Small Business,15800.0,7.0,Yes,1
SHG22721,Bihar,Farmer Producer Group,13,25,20.0,74.0,133.21,3124.45,55.2,47.3,23,Yes,2,73.1,0,26379.95,Emergency/Consumption,48100.0,6.5,Yes,0
SHG22722,Karnataka,Women SHG,17,5,45.1,65.8,73.86,495.96,74.6,87.0,3,Yes,0,,0,0.0,Small Business,28800.0,5.4,No,1
SHG22723,Odisha,Women SHG,14,22,30.7,56.9,144.6,2512.95,94.4,86.0,21,Yes,0,,0,0.0,Livestock,31800.0,7.3,No,1
SHG22724,Tamil Nadu,Women SHG,12,48,28.7,61.5,113.19,4770.89,79.7,95.0,27,No,1,88.7,0,20721.91,Small Business,20900.0,8.2,No,1
SHG22725,Telangana,Women SHG,13,9,47.3,100.0,25.66,206.11,80.8,73.8,8,Yes,3,79.3,0,33536.62,Livestock,51600.0,3.8,Yes,1
SHG22726,Andhra Pradesh,Women SHG,15,34,50.3,40.4,176.55,6687.7,88.1,73.1,32,Yes,0,,0,0.0,Agriculture,10500.0,8.7,No,1
SHG22727,Kerala,Women SHG,20,67,47.8,32.0,32.24,3074.72,53.5,81.6,36,No,2,67.1,0,9202.55,Livestock,40200.0,6.1,Yes,0
SHG22728,Karnataka,Women SHG,12,25,43.7,79.4,116.39,2114.1,72.8,65.3,15,Yes,4,99.2,0,31781.7,Agriculture,20300.0,6.6,Yes,1
SHG22729,Tamil Nadu,Women SHG,13,3,33.1,52.7,238.05,576.88,16.0,78.7,2,Yes,0,,0,0.0,Livestock,25900.0,5.7,Yes,0
SHG22730,Telangana,Women SHG,11,9,40.7,12.7,118.54,601.67,84.3,73.1,8,Yes,4,81.1,0,5922.74,Small Business,5000.0,6.3,No,1
SHG22731,Odisha,Mixed SHG,13,55,31.0,73.3,201.38,7511.44,75.6,98.6,47,Yes,3,85.0,0,12937.77,Livestock,69800.0,6.7,No,1
SHG22732,Karnataka,Women SHG,17,21,38.1,47.3,41.66,840.05,69.6,73.5,14,Yes,2,90.8,0,20157.76,Home Improvement,27500.0,6.1,Yes,1
SHG22733,Odisha,Mixed SHG,14,13,27.0,64.1,71.65,1050.0,73.8,94.4,12,Yes,0,,0,0.0,Small Business,29400.0,8.0,Yes,1
SHG22734,Karnataka,Women SHG,16,110,37.2,57.3,77.72,9162.54,43.4,50.9,91,Yes,3,75.9,0,1297.58,Agriculture,18400.0,2.9,No,1
SHG22735,West Bengal,Mixed SHG,15,39,50.5,79.1,519.89,16587.28,81.0,89.7,25,Yes,1,97.5,1,6516.75,Livestock,36700.0,8.7,Yes,1
SHG22736,Telangana,Mixed SHG,17,14,47.2,36.3,157.64,3070.99,72.9,84.0,9,No,0,,0,0.0,Livestock,24100.0,5.5,Yes,0
SHG22737,Karnataka,Mixed SHG,12,17,35.7,74.9,53.84,754.85,65.1,78.4,15,Yes,1,71.6,0,16803.76,Livestock,46700.0,5.9,Yes,1
SHG22738,Andhra Pradesh,Mixed SHG,11,34,36.5,72.2,339.34,7525.52,75.1,86.1,32,Yes,0,,0,0.0,Livestock,45500.0,4.1,Yes,1
SHG22739,Karnataka,Women SHG,10,48,42.5,59.7,67.77,1636.25,75.9,91.0,30,Yes,1,78.2,0,1316.23,Small Business,5000.0,8.4,No,1
SHG22740,Uttar Pradesh,Mixed SHG,11,19,23.9,86.2,94.53,1640.88,73.6,83.1,16,Yes,2,41.9,0,38868.54,Livestock,16200.0,5.8,Yes,1
SHG22741,West Bengal,Farmer Producer Group,14,16,27.2,69.2,55.35,970.86,66.4,65.2,14,Yes,3,61.5,0,5668.77,Agriculture,25300.0,3.8,No,0
SHG22742,Tamil Nadu,Women SHG,15,30,45.7,82.4,48.55,1255.82,51.9,77.2,17,Yes,0,,0,0.0,Education,24600.0,8.4,Yes,0
SHG22743,Tamil Nadu,Women SHG,13,32,46.2,45.6,102.46,2417.83,42.1,79.4,17,Yes,1,86.9,0,8384.32,Agriculture,6000.0,7.4,Yes,1
SHG22744,Tamil Nadu,Women SHG,16,50,37.9,51.0,95.18,4553.62,69.7,93.5,40,Yes,2,57.6,1,9965.56,Agriculture,27700.0,6.4,Yes,1
SHG22745,Maharashtra,Women SHG,12,35,43.5,29.3,175.97,4035.48,56.5,77.9,24,Yes,0,,0,0.0,Agriculture,91600.0,8.1,No,1
SHG22746,Maharashtra,Women SHG,15,23,31.0,43.9,38.39,939.22,63.2,72.4,14,Yes,1,61.6,0,13414.52,Agriculture,11000.0,6.5,Yes,1
SHG22747,Karnataka,Farmer Producer Group,12,10,31.7,65.9,119.66,989.71,79.6,71.3,8,Yes,2,80.6,0,11597.79,Agriculture,25300.0,4.9,Yes,1
SHG22748,Uttar Pradesh,Women SHG,13,48,44.3,64.6,87.28,2901.94,70.3,69.0,35,Yes,1,85.2,1,10295.54,Agriculture,22400.0,7.1,Yes,1
SHG22749,Tamil Nadu,Women SHG,9,53,49.6,89.3,58.41,2286.61,76.7,80.2,32,Yes,0,,0,0.0,Education,71800.0,7.2,Yes,1
SHG22750,Tamil Nadu,Women SHG,15,23,38.1,95.8,195.72,3464.97,45.0,37.4,20,Yes,2,89.6,0,38667.68,Agriculture,41900.0,3.7,Yes,1
SHG22751,Maharashtra,Women SHG,15,27,41.3,54.6,77.4,1663.72,92.3,66.3,19,Yes,0,,0,0.0,Agriculture,42400.0,5.8,Yes,1
SHG22752,Bihar,Women SHG,15,36,43.6,54.6,58.04,2178.0,93.3,96.1,26,Yes,1,87.1,0,25017.07,Small Business,27700.0,6.0,Yes,1
SHG22753,Telangana,Women SHG,10,13,29.5,60.5,144.3,953.37,64.9,80.8,7,Yes,3,75.2,1,20088.96,Small Business,15100.0,6.6,No,1
SHG22754,Kerala,Women SHG,12,4,25.9,75.1,95.14,250.61,33.9,62.5,2,Yes,0,,0,0.0,Home Improvement,19900.0,5.3,No,1
SHG22755,Andhra Pradesh,Farmer Producer Group,19,37,32.9,51.3,40.65,1592.63,57.2,86.1,20,No,1,99.6,0,15620.87,Emergency/Consumption,42800.0,5.2,No,1
SHG22756,Tamil Nadu,Women SHG,14,21,34.7,64.4,91.29,1865.36,66.4,84.6,18,Yes,1,69.6,2,22003.48,Home Improvement,24200.0,7.6,No,1
SHG22757,Odisha,Women SHG,14,37,39.8,45.2,273.71,7254.44,42.5,87.3,29,Yes,1,73.6,1,8812.48,Small Business,42900.0,6.7,No,0
SHG22758,Uttar Pradesh,Farmer Producer Group,16,33,53.2,55.6,35.29,966.74,87.4,90.0,22,Yes,0,,0,0.0,Livestock,56500.0,6.6,Yes,0
SHG22759,Maharashtra,Farmer Producer Group,14,12,35.4,38.7,173.03,2390.9,82.0,88.4,10,Yes,0,,0,0.0,Agriculture,44700.0,6.1,Yes,1
SHG22760,Bihar,Women SHG,8,38,37.5,55.7,208.22,3675.2,76.5,79.6,26,Yes,4,92.9,0,12667.35,Agriculture,29500.0,8.4,Yes,1
SHG22761,Kerala,Women SHG,12,6,34.2,64.4,82.86,367.94,63.3,42.6,5,No,1,78.3,0,8642.9,Small Business,16600.0,7.0,No,1
SHG22762,Bihar,Mixed SHG,17,21,37.1,75.8,64.77,1450.78,54.4,82.4,11,Yes,1,50.3,0,25502.45,Education,26000.0,6.1,Yes,0
SHG22763,Bihar,Mixed SHG,12,12,43.9,24.3,86.77,896.75,55.7,78.2,9,Yes,0,,0,0.0,Home Improvement,40200.0,7.0,Yes,1
SHG22764,West Bengal,Women SHG,14,31,20.0,50.1,103.69,3270.96,62.9,89.8,18,Yes,0,,0,0.0,Livestock,7900.0,9.3,No,0
SHG22765,Andhra Pradesh,Women SHG,8,32,31.3,60.9,95.84,1394.59,76.7,53.8,21,Yes,2,87.2,0,24851.29,Small Business,18700.0,7.3,Yes,1
SHG22766,Maharashtra,Mixed SHG,13,34,34.5,87.4,51.09,1345.79,75.7,80.5,18,Yes,0,,0,0.0,Emergency/Consumption,35000.0,7.1,Yes,1
SHG22767,Uttar Pradesh,Women SHG,14,46,32.6,74.1,110.61,5593.17,92.2,74.2,35,Yes,0,,0,0.0,Small Business,8500.0,6.5,No,1
SHG22768,Maharashtra,Mixed SHG,15,31,52.2,85.3,169.31,4807.53,47.0,67.6,17,Yes,0,,0,0.0,Agriculture,16600.0,9.5,Yes,1
SHG22769,West Bengal,Women SHG,12,31,34.5,60.4,263.74,5535.46,71.2,80.8,25,Yes,3,86.7,0,38236.03,Home Improvement,58900.0,6.9,No,0
SHG22770,Karnataka,Mixed SHG,14,39,22.4,45.0,113.56,3625.26,81.1,95.4,20,Yes,1,54.6,0,8625.93,Education,35200.0,6.6,Yes,1
SHG22771,Andhra Pradesh,Farmer Producer Group,8,19,34.4,75.3,47.48,451.65,83.3,64.7,15,No,2,95.5,1,2171.73,Education,9700.0,4.9,Yes,1
SHG22772,Karnataka,Women SHG,13,8,32.9,77.4,21.57,131.74,72.5,67.7,5,Yes,2,90.6,1,19781.69,Agriculture,23500.0,6.5,Yes,1
SHG22773,Kerala,Women SHG,11,20,32.3,67.6,48.43,805.4,70.6,73.1,18,Yes,1,70.7,1,8318.23,Small Business,22300.0,7.8,Yes,1
SHG22774,Uttar Pradesh,Women SHG,12,33,29.0,61.3,131.59,3281.97,62.6,95.0,24,Yes,2,92.1,1,12531.99,Small Business,35600.0,2.5,No,1
SHG22775,Odisha,Women SHG,16,5,34.0,43.8,76.85,415.7,75.7,59.7,4,Yes,0,,0,0.0,Agriculture,59500.0,5.8,Yes,0
SHG22776,Andhra Pradesh,Farmer Producer Group,10,29,30.1,45.5,182.06,3772.83,86.7,58.1,16,Yes,2,51.2,0,13159.09,Education,40400.0,6.7,Yes,1
SHG22777,Bihar,Mixed SHG,11,41,49.8,55.7,30.43,973.89,83.2,65.8,30,Yes,1,86.3,2,21786.6,Agriculture,71200.0,6.8,Yes,0
SHG22778,Andhra Pradesh,Women SHG,12,21,34.9,53.0,262.46,4455.37,74.1,80.9,18,Yes,2,63.9,0,5944.11,Livestock,16800.0,8.3,Yes,1
SHG22779,Karnataka,Women SHG,12,10,44.6,63.7,266.66,1705.87,51.2,89.0,6,Yes,3,90.6,0,13362.94,Livestock,80300.0,7.3,Yes,1
SHG22780,Karnataka,Mixed SHG,17,8,33.0,50.3,111.68,829.28,27.1,78.9,4,Yes,1,51.9,1,5998.1,Agriculture,11500.0,5.9,Yes,1
SHG22781,Odisha,Women SHG,12,34,26.5,59.3,66.33,1792.41,83.9,83.6,21,Yes,2,81.1,1,2287.02,Livestock,24300.0,5.8,Yes,0
SHG22782,Karnataka,Women SHG,13,38,30.7,48.8,20.0,528.9,81.5,86.0,26,Yes,1,54.7,0,62938.9,Small Business,25800.0,7.8,Yes,0
SHG22783,Odisha,Women SHG,8,18,41.4,83.9,20.0,229.16,83.8,68.3,15,Yes,2,73.7,1,10291.52,Agriculture,18300.0,7.8,Yes,1
SHG22784,Odisha,Mixed SHG,19,59,42.7,53.4,44.65,4004.65,47.2,95.5,37,Yes,1,81.1,0,14353.82,Education,82800.0,5.8,No,1
SHG22785,Tamil Nadu,Women SHG,12,15,38.0,66.1,213.54,3190.78,68.7,90.9,12,Yes,1,81.5,0,2534.17,Emergency/Consumption,13200.0,6.1,No,0
SHG22786,West Bengal,Women SHG,12,45,24.9,57.5,277.93,9330.38,85.2,80.4,28,Yes,0,,0,0.0,Agriculture,16300.0,6.1,No,1
SHG22787,Karnataka,Farmer Producer Group,18,16,38.7,51.7,125.58,1855.03,78.3,62.1,11,Yes,2,73.5,0,1283.84,Agriculture,56400.0,8.6,Yes,0
SHG22788,Kerala,Women SHG,10,22,29.6,47.2,32.44,482.95,79.3,59.4,19,Yes,2,92.4,1,5079.07,Home Improvement,76500.0,8.3,Yes,1
SHG22789,Maharashtra,Women SHG,14,27,40.4,53.2,268.2,5957.74,69.0,58.5,24,Yes,1,60.3,0,64861.59,Agriculture,24200.0,7.8,No,1
SHG22790,Tamil Nadu,Women SHG,17,79,41.1,57.9,144.04,16069.29,78.5,50.0,72,No,3,79.2,0,2501.11,Livestock,33100.0,5.9,Yes,1
SHG22791,Telangana,Women SHG,13,18,56.4,44.2,70.44,1167.85,36.4,70.5,17,Yes,0,,0,0.0,Small Business,40000.0,9.2,Yes,1
SHG22792,Maharashtra,Women SHG,13,91,33.6,47.5,135.73,9189.99,55.8,76.8,58,Yes,1,58.4,0,43205.85,Small Business,10200.0,9.7,Yes,1
SHG22793,Tamil Nadu,Women SHG,12,38,27.5,52.7,56.36,2027.98,62.6,88.2,27,Yes,4,56.8,1,26277.99,Agriculture,34900.0,6.6,Yes,1
SHG22794,Andhra Pradesh,Women SHG,16,9,20.5,55.8,261.75,1923.96,19.6,90.4,6,Yes,0,,0,0.0,Small Business,9700.0,6.6,Yes,1
SHG22795,Bihar,Women SHG,15,55,37.0,58.8,46.46,2629.62,73.2,92.0,47,Yes,0,,0,0.0,Agriculture,30900.0,8.1,Yes,1
SHG22796,Maharashtra,Farmer Producer Group,11,58,38.7,39.3,47.35,2305.02,68.9,42.3,47,Yes,1,87.9,0,31980.07,Emergency/Consumption,48100.0,6.1,Yes,1
SHG22797,Kerala,Women SHG,9,37,52.9,64.8,40.53,872.48,63.0,83.7,29,Yes,0,,0,0.0,Home Improvement,8700.0,7.5,Yes,1
SHG22798,Tamil Nadu,Women SHG,8,37,33.8,67.9,127.03,2808.55,73.3,60.6,22,Yes,1,76.7,1,23846.52,Emergency/Consumption,30700.0,8.3,Yes,0
SHG22799,Odisha,Women SHG,10,49,39.8,35.2,166.77,5286.15,94.2,68.0,27,Yes,2,94.6,1,11299.28,Small Business,31200.0,4.7,No,1
SHG22800,Bihar,Women SHG,14,29,41.3,56.4,72.67,2407.59,62.0,89.0,15,Yes,2,91.0,0,25477.99,Emergency/Consumption,6900.0,8.3,Yes,1
SHG22801,Maharashtra,Women SHG,10,57,45.2,31.4,65.8,2205.4,59.8,81.5,39,No,3,81.3,0,9116.63,Small Business,53900.0,6.7,Yes,1
SHG22802,Bihar,Farmer Producer Group,8,77,34.8,63.3,59.57,2272.4,93.0,74.4,60,Yes,0,,0,0.0,Emergency/Consumption,7900.0,8.7,Yes,1
SHG22803,Karnataka,Women SHG,15,15,44.2,35.3,179.94,2178.76,75.5,80.9,9,Yes,0,,0,0.0,Home Improvement,47600.0,4.7,Yes,1
SHG22804,Maharashtra,Women SHG,12,41,49.4,60.8,74.91,1964.94,73.0,71.5,29,Yes,0,,0,0.0,Education,5600.0,8.9,Yes,1
SHG22805,Telangana,Women SHG,16,10,44.1,86.2,137.51,1723.29,84.2,83.9,7,Yes,3,46.7,1,30111.05,Agriculture,22600.0,7.1,Yes,1
SHG22806,Kerala,Mixed SHG,17,12,20.0,83.1,155.86,2473.95,84.4,74.5,10,Yes,2,56.8,2,10677.42,Livestock,35800.0,6.4,Yes,1
SHG22807,Odisha,Women SHG,16,4,47.7,71.1,137.53,557.89,46.2,89.3,2,Yes,0,,0,0.0,Home Improvement,14600.0,6.2,No,0
SHG22808,Tamil Nadu,Women SHG,15,3,49.7,91.8,276.21,838.1,78.6,86.2,2,Yes,0,,0,0.0,Agriculture,14000.0,6.6,No,0
SHG22809,Maharashtra,Women SHG,11,38,33.7,66.4,224.36,7482.13,51.7,83.6,22,Yes,1,71.5,1,9221.55,Agriculture,22200.0,6.0,No,1
SHG22810,Andhra Pradesh,Women SHG,13,82,24.6,63.9,227.41,17837.05,74.2,95.4,76,Yes,1,72.2,0,19236.36,Livestock,6000.0,6.9,Yes,1
SHG22811,Kerala,Women SHG,16,10,38.7,24.2,136.27,1495.63,90.9,61.1,5,Yes,1,53.9,0,13842.93,Home Improvement,14700.0,8.9,No,1
SHG22812,West Bengal,Women SHG,15,29,35.4,92.9,192.07,5948.51,80.0,64.5,15,Yes,1,63.1,0,18045.96,Home Improvement,7600.0,6.8,Yes,1
SHG22813,Karnataka,Women SHG,10,12,41.9,35.7,548.08,3622.25,80.0,58.7,7,Yes,2,76.9,0,14735.55,Emergency/Consumption,35500.0,8.0,No,0
SHG22814,Bihar,Women SHG,9,60,36.9,69.7,147.71,5178.92,50.0,69.6,54,Yes,0,,0,0.0,Small Business,21800.0,7.0,Yes,0
SHG22815,Andhra Pradesh,Mixed SHG,8,30,49.8,47.7,141.32,2296.99,85.6,73.5,25,Yes,2,54.6,0,33421.05,Education,33000.0,7.0,No,1
SHG22816,Odisha,Women SHG,10,20,30.6,80.4,251.9,3806.76,79.9,83.8,10,No,2,80.6,2,7721.85,Emergency/Consumption,8700.0,6.1,Yes,1
SHG22817,Tamil Nadu,Women SHG,13,48,41.6,89.2,175.42,7499.53,68.1,77.7,30,Yes,0,,0,0.0,Small Business,12000.0,7.0,Yes,1
SHG22818,Tamil Nadu,Women SHG,16,8,38.8,60.3,199.39,1569.93,86.2,84.3,4,Yes,1,92.0,0,9114.92,Agriculture,26300.0,6.8,Yes,1
SHG22819,Telangana,Mixed SHG,13,35,31.2,80.9,154.71,4824.75,58.6,81.9,22,No,3,76.1,1,24815.08,Small Business,33600.0,5.2,No,1
SHG22820,Maharashtra,Women SHG,16,15,37.5,67.8,59.44,1173.95,64.0,77.7,11,Yes,3,84.9,1,4040.56,Small Business,73200.0,5.3,No,1
SHG22821,Andhra Pradesh,Women SHG,10,46,43.9,49.7,119.75,3723.73,67.9,69.5,30,Yes,2,73.5,2,5234.36,Home Improvement,12200.0,8.2,Yes,0
SHG22822,Maharashtra,Women SHG,9,57,34.0,40.2,113.53,4138.08,72.6,84.4,43,Yes,1,71.6,0,4424.31,Agriculture,10000.0,7.4,No,1
SHG22823,Tamil Nadu,Mixed SHG,8,49,44.7,88.3,195.7,6221.88,81.9,92.2,35,No,1,74.3,0,11361.65,Agriculture,6500.0,7.4,Yes,1
SHG22824,Andhra Pradesh,Women SHG,9,10,25.2,78.9,137.16,825.63,61.5,54.5,6,Yes,0,,0,0.0,Small Business,9700.0,5.7,No,1
SHG22825,Andhra Pradesh,Mixed SHG,12,61,47.7,27.8,72.64,4410.18,44.6,82.9,32,Yes,4,88.6,0,3078.3,Home Improvement,41200.0,5.0,Yes,0
SHG22826,Uttar Pradesh,Women SHG,10,44,36.5,50.1,26.0,834.01,78.8,89.9,29,Yes,1,87.2,1,2801.46,Agriculture,16800.0,9.5,Yes,1
SHG22827,Tamil Nadu,Women SHG,17,32,25.6,66.7,140.08,4134.95,71.8,86.2,23,No,0,,0,0.0,Education,34600.0,8.4,Yes,1
SHG22828,West Bengal,Farmer Producer Group,14,27,32.0,84.0,50.45,1464.14,78.8,72.5,21,Yes,2,76.0,1,2563.24,Home Improvement,22900.0,7.0,No,1
SHG22829,Uttar Pradesh,Women SHG,13,8,37.7,57.7,86.17,558.38,75.5,60.9,6,No,3,81.6,0,21974.1,Agriculture,31400.0,6.1,No,1
SHG22830,Maharashtra,Women SHG,15,21,39.9,40.9,88.55,2018.49,39.6,91.7,16,Yes,1,31.3,0,17155.9,Agriculture,15400.0,7.3,Yes,1
SHG22831,Tamil Nadu,Women SHG,16,10,31.6,53.7,153.54,1347.1,92.1,88.4,7,Yes,0,,0,0.0,Livestock,32200.0,4.5,No,1
SHG22832,Bihar,Farmer Producer Group,10,8,39.3,29.5,67.82,339.74,66.6,94.3,7,Yes,0,,0,0.0,Livestock,27100.0,6.4,Yes,0
SHG22833,Tamil Nadu,Women SHG,12,29,27.8,66.5,201.15,5717.0,88.2,73.4,21,No,1,71.6,0,12100.52,Education,7500.0,7.5,Yes,1
SHG22834,Karnataka,Women SHG,12,16,48.0,48.0,58.0,903.98,91.2,77.7,12,Yes,1,88.4,1,5093.4,Home Improvement,14200.0,7.0,No,1
SHG22835,Karnataka,Women SHG,16,32,39.3,52.6,51.5,2147.84,54.4,81.5,18,Yes,0,,0,0.0,Small Business,35800.0,6.8,No,1
SHG22836,Tamil Nadu,Women SHG,9,63,48.6,66.4,32.77,1205.8,65.7,90.1,53,Yes,1,46.1,0,9648.2,Agriculture,87400.0,6.0,Yes,0
SHG22837,Uttar Pradesh,Farmer Producer Group,13,41,40.6,61.9,326.34,13906.66,70.8,90.6,25,No,3,65.1,0,18295.37,Home Improvement,22800.0,9.5,Yes,0
SHG22838,Karnataka,Women SHG,13,30,39.1,54.5,69.38,1757.62,68.2,79.2,23,No,1,82.6,1,1093.9,Livestock,49700.0,6.7,Yes,1
SHG22839,Andhra Pradesh,Women SHG,9,30,50.2,88.3,254.98,3899.06,65.4,94.6,18,Yes,2,92.8,2,20958.81,Livestock,29100.0,5.4,Yes,0
SHG22840,Andhra Pradesh,Women SHG,10,22,38.5,64.1,85.21,1112.6,88.9,82.6,16,Yes,2,73.9,1,24047.25,Agriculture,27900.0,6.4,No,1
SHG22841,Uttar Pradesh,Women SHG,14,12,37.3,78.2,210.06,2641.56,61.0,48.1,6,Yes,0,,0,0.0,Livestock,22700.0,8.3,Yes,1
SHG22842,Maharashtra,Women SHG,17,30,36.4,56.4,121.26,4489.96,87.2,63.1,28,Yes,2,51.8,1,6070.12,Small Business,11500.0,6.8,Yes,1
SHG22843,Tamil Nadu,Women SHG,10,26,31.9,43.7,91.69,1955.53,77.1,59.3,13,Yes,5,70.8,1,22186.22,Agriculture,75800.0,8.9,Yes,1
SHG22844,Andhra Pradesh,Women SHG,10,53,28.9,56.0,199.02,6755.83,66.6,87.2,48,Yes,3,97.2,0,24254.55,Agriculture,22600.0,7.2,Yes,1
SHG22845,Tamil Nadu,Women SHG,10,58,39.3,60.9,78.82,2405.01,76.6,77.4,37,Yes,0,,0,0.0,Home Improvement,27100.0,6.3,No,1
SHG22846,Tamil Nadu,Women SHG,10,19,54.7,100.0,103.94,1167.32,76.6,51.3,13,Yes,0,,0,0.0,Small Business,28800.0,4.1,No,1
SHG22847,Kerala,Women SHG,16,24,40.5,73.7,233.66,6470.11,86.7,91.8,15,Yes,0,,0,0.0,Home Improvement,62000.0,9.0,No,0
SHG22848,Telangana,Mixed SHG,9,9,44.6,88.9,62.77,391.23,72.0,79.3,7,Yes,2,76.6,0,20775.54,Small Business,64400.0,6.1,Yes,1
SHG22849,Tamil Nadu,Women SHG,10,37,27.7,90.2,70.33,1645.98,81.1,96.5,29,Yes,0,,0,0.0,Education,59800.0,6.0,Yes,1
SHG22850,Maharashtra,Women SHG,12,12,43.3,85.4,86.6,877.76,86.4,92.0,10,Yes,0,,0,0.0,Agriculture,28200.0,9.0,Yes,1
SHG22851,Karnataka,Women SHG,13,43,42.9,69.0,127.47,4727.18,69.0,50.8,35,Yes,2,31.6,0,1093.58,Livestock,23100.0,7.8,No,1
SHG22852,Bihar,Mixed SHG,10,27,46.0,51.6,68.22,1496.4,77.1,55.3,15,Yes,1,90.0,0,21008.62,Small Business,11500.0,6.7,Yes,1
SHG22853,Tamil Nadu,Women SHG,9,25,46.2,48.6,164.7,2993.14,79.9,48.6,21,Yes,0,,0,0.0,Agriculture,15500.0,4.1,No,1
SHG22854,Odisha,Women SHG,13,16,44.2,58.9,118.05,1421.88,14.3,78.2,11,Yes,1,74.9,0,37609.15,Agriculture,14500.0,7.1,No,1
SHG22855,Maharashtra,Women SHG,12,34,35.6,42.0,135.61,3595.48,74.2,75.5,24,Yes,3,53.9,1,6832.3,Agriculture,24000.0,5.7,No,0
SHG22856,Andhra Pradesh,Women SHG,17,22,37.1,100.0,20.0,379.2,86.4,43.7,19,Yes,2,66.4,1,16606.66,Emergency/Consumption,11900.0,7.4,Yes,1
SHG22857,Tamil Nadu,Women SHG,10,4,33.7,35.3,192.6,566.56,78.9,82.9,3,No,0,,0,0.0,Home Improvement,25800.0,5.6,Yes,1
SHG22858,Maharashtra,Mixed SHG,14,41,34.8,71.4,20.0,701.63,62.1,83.8,38,Yes,3,70.0,1,30668.31,Small Business,13600.0,6.8,No,1
SHG22859,Kerala,Women SHG,18,10,29.4,59.6,20.0,216.76,42.8,81.0,9,No,2,70.3,1,25350.48,Small Business,28500.0,9.3,Yes,0
SHG22860,Andhra Pradesh,Mixed SHG,13,19,39.3,26.5,79.08,1246.08,59.2,66.9,11,Yes,1,48.7,0,22183.93,Emergency/Consumption,14000.0,7.8,Yes,1
SHG22861,Telangana,Women SHG,15,89,36.6,70.1,77.36,5614.21,85.9,77.7,69,Yes,3,62.0,0,9335.34,Small Business,20000.0,5.6,Yes,1
SHG22862,Andhra Pradesh,Women SHG,8,24,35.5,56.8,81.92,1182.58,81.1,76.1,13,Yes,2,59.0,0,49170.97,Small Business,11800.0,8.1,Yes,1
SHG22863,Uttar Pradesh,Women SHG,13,26,36.1,87.8,90.12,1610.09,83.0,81.3,20,Yes,1,53.1,1,25367.3,Home Improvement,25900.0,6.2,Yes,1
SHG22864,Kerala,Women SHG,18,28,29.2,55.6,92.81,2875.07,67.8,41.9,17,Yes,2,96.5,1,17427.5,Agriculture,37400.0,7.7,No,1
SHG22865,Odisha,Women SHG,14,34,34.9,60.5,269.03,8616.44,87.3,75.2,24,Yes,0,,0,0.0,Education,28600.0,6.3,Yes,1
SHG22866,Odisha,Women SHG,16,4,36.1,24.2,121.43,476.32,68.1,67.1,4,Yes,0,,0,0.0,Emergency/Consumption,19900.0,6.3,Yes,1
SHG22867,Andhra Pradesh,Women SHG,13,41,26.6,37.8,91.79,3974.18,81.8,87.6,21,Yes,2,96.1,0,29349.52,Livestock,5100.0,6.7,Yes,1
SHG22868,Karnataka,Women SHG,14,11,27.6,87.5,145.92,1711.48,69.0,49.5,9,No,0,,0,0.0,Small Business,49600.0,6.7,No,0
SHG22869,Karnataka,Mixed SHG,11,24,35.3,68.5,124.01,2606.15,51.7,69.3,17,Yes,1,96.3,0,5464.77,Agriculture,68300.0,7.6,Yes,1
SHG22870,Karnataka,Women SHG,17,50,55.7,74.6,246.38,14750.12,55.7,94.3,37,Yes,1,86.4,0,29549.24,Small Business,12000.0,6.1,Yes,1
SHG22871,West Bengal,Women SHG,13,34,29.5,40.6,145.34,5096.82,78.4,77.6,18,Yes,0,,0,0.0,Home Improvement,64600.0,7.7,No,1
SHG22872,Maharashtra,Women SHG,18,37,38.6,84.6,51.22,2590.42,64.6,58.7,22,Yes,0,,0,0.0,Small Business,23900.0,7.2,No,0
SHG22873,Tamil Nadu,Mixed SHG,14,66,39.7,58.3,42.36,2061.69,57.2,86.6,41,Yes,2,83.7,0,1682.55,Agriculture,5000.0,7.3,Yes,1
SHG22874,Kerala,Women SHG,14,43,42.8,90.4,400.58,12363.46,91.4,76.8,27,Yes,1,75.2,0,25006.88,Education,42500.0,4.9,Yes,1
SHG22875,Maharashtra,Mixed SHG,14,53,40.1,79.2,118.82,4526.56,98.4,88.4,32,Yes,2,77.0,1,30064.77,Education,18700.0,5.4,No,1
SHG22876,Maharashtra,Women SHG,11,33,57.3,78.8,70.46,2018.96,91.1,74.1,21,Yes,1,86.9,2,7715.11,Agriculture,46900.0,6.7,Yes,0
SHG22877,Andhra Pradesh,Women SHG,16,43,43.0,52.8,65.41,3040.02,84.5,80.6,35,Yes,2,99.0,1,1180.21,Emergency/Consumption,33500.0,6.7,Yes,1
SHG22878,West Bengal,Mixed SHG,8,49,39.6,90.9,40.03,801.26,93.8,49.5,42,Yes,0,,0,0.0,Small Business,31600.0,6.2,Yes,1
SHG22879,Maharashtra,Farmer Producer Group,17,72,33.6,64.9,126.15,8472.06,56.5,36.2,58,Yes,1,61.0,0,10886.54,Agriculture,47000.0,5.7,Yes,1
SHG22880,Andhra Pradesh,Farmer Producer Group,9,16,31.5,66.1,45.94,496.88,71.0,56.7,8,Yes,0,,0,0.0,Small Business,40700.0,4.2,Yes,1
SHG22881,Kerala,Women SHG,16,12,40.6,62.2,88.68,998.79,53.1,63.1,11,Yes,0,,0,0.0,Emergency/Consumption,44400.0,8.8,No,1
SHG22882,Tamil Nadu,Women SHG,13,23,42.4,57.4,42.26,1019.25,82.4,41.3,19,Yes,1,90.5,1,28219.88,Agriculture,63600.0,6.5,No,1
SHG22883,Andhra Pradesh,Women SHG,13,36,20.0,43.4,86.56,3231.9,53.2,96.3,23,Yes,0,,0,0.0,Education,74100.0,4.9,No,1
SHG22884,West Bengal,Women SHG,12,17,33.0,48.1,66.87,1001.1,51.0,88.0,10,Yes,2,76.8,0,14712.56,Home Improvement,79700.0,5.9,No,1
SHG22885,Tamil Nadu,Mixed SHG,14,101,38.1,70.5,89.37,6641.02,79.8,79.6,95,Yes,1,60.0,0,12547.63,Agriculture,28200.0,4.8,No,1
SHG22886,Karnataka,Farmer Producer Group,12,17,34.7,68.0,146.56,1926.35,29.7,69.2,13,Yes,2,74.0,1,24136.93,Small Business,29300.0,3.1,Yes,0
SHG22887,Karnataka,Women SHG,19,44,27.7,61.9,342.82,22539.55,82.7,85.2,42,Yes,0,,0,0.0,Livestock,26700.0,7.3,Yes,1
SHG22888,Odisha,Women SHG,13,69,53.4,80.1,101.26,5970.24,68.5,55.4,49,Yes,2,95.3,1,9774.06,Agriculture,14400.0,7.8,Yes,0
SHG22889,Uttar Pradesh,Women SHG,17,25,48.6,82.1,55.09,1601.89,94.8,83.3,16,Yes,0,,0,0.0,Small Business,12700.0,8.2,Yes,1
SHG22890,Maharashtra,Farmer Producer Group,14,37,49.1,81.5,364.3,15566.82,93.5,73.0,30,Yes,1,87.5,0,1986.14,Agriculture,20200.0,8.2,Yes,1
SHG22891,Telangana,Women SHG,12,15,30.6,36.0,212.88,2493.3,72.6,57.6,12,No,1,85.3,0,17507.05,Agriculture,28200.0,8.0,Yes,1
SHG22892,Tamil Nadu,Women SHG,13,41,30.8,57.6,197.54,8097.03,59.7,82.5,25,Yes,4,78.1,0,7465.35,Education,12800.0,6.3,Yes,0
SHG22893,Uttar Pradesh,Women SHG,13,47,37.4,59.7,232.5,8515.5,62.1,62.4,39,Yes,1,87.4,0,28951.64,Agriculture,29400.0,4.4,No,1
SHG22894,Bihar,Mixed SHG,9,40,42.5,56.8,22.95,548.75,88.3,89.5,22,Yes,2,48.8,0,8950.97,Emergency/Consumption,59500.0,8.7,Yes,1
SHG22895,Odisha,Women SHG,14,49,33.8,63.0,144.42,5776.93,77.2,47.0,28,Yes,0,,0,0.0,Small Business,24500.0,7.6,Yes,1
SHG22896,Kerala,Women SHG,16,74,36.0,77.8,274.58,23177.03,76.8,49.9,66,Yes,3,87.0,2,11304.67,Small Business,16200.0,7.9,No,1
SHG22897,Maharashtra,Mixed SHG,12,22,44.0,48.9,81.94,1095.48,88.5,54.8,13,Yes,3,94.4,0,13050.59,Emergency/Consumption,23200.0,8.6,Yes,1
SHG22898,Odisha,Mixed SHG,12,53,40.4,51.1,42.58,1611.71,88.3,96.2,33,Yes,0,,0,0.0,Agriculture,21800.0,9.1,Yes,0
SHG22899,Tamil Nadu,Women SHG,12,42,35.3,51.0,60.03,2439.39,55.2,89.3,23,Yes,0,,0,0.0,Agriculture,115200.0,9.0,Yes,1
SHG22900,Odisha,Women SHG,18,4,49.0,22.1,82.46,402.7,67.4,67.9,2,Yes,0,,0,0.0,Livestock,11600.0,6.9,Yes,0
SHG22901,Karnataka,Mixed SHG,13,23,45.0,56.8,100.01,1966.81,78.7,55.9,17,Yes,3,76.9,0,27859.06,Small Business,44400.0,6.5,Yes,0
SHG22902,Odisha,Women SHG,13,34,50.1,60.4,147.35,5202.35,77.1,64.7,24,Yes,2,82.8,0,845.07,Agriculture,11900.0,5.7,Yes,1
SHG22903,Odisha,Women SHG,13,41,28.9,49.7,20.0,728.82,74.6,74.4,30,Yes,2,44.5,0,27118.02,Education,13800.0,8.3,Yes,1
SHG22904,Odisha,Mixed SHG,13,17,39.0,67.7,122.7,1485.47,58.2,49.2,10,Yes,1,72.9,0,8610.63,Agriculture,45100.0,7.4,Yes,1
SHG22905,Karnataka,Women SHG,18,6,35.9,80.6,234.61,1676.24,56.6,68.6,4,Yes,2,72.7,2,9597.85,Small Business,48200.0,7.5,No,0
SHG22906,Kerala,Women SHG,12,15,34.2,63.9,50.76,644.14,37.5,73.4,10,Yes,2,89.2,1,3233.33,Small Business,20100.0,5.0,Yes,1
SHG22907,Tamil Nadu,Mixed SHG,12,63,25.1,64.4,118.75,5975.02,87.0,80.0,49,Yes,1,81.4,0,13882.09,Agriculture,8100.0,4.7,Yes,1
SHG22908,Uttar Pradesh,Women SHG,11,41,33.8,59.1,128.13,4387.64,78.5,57.2,26,Yes,4,73.2,0,15890.26,Agriculture,42700.0,8.0,No,1
SHG22909,Telangana,Women SHG,12,27,46.1,77.6,225.05,5094.02,76.2,79.9,24,Yes,0,,0,0.0,Agriculture,51700.0,6.1,Yes,1
SHG22910,Andhra Pradesh,Women SHG,13,49,44.8,100.0,130.93,4468.23,67.8,77.8,26,Yes,2,94.7,0,14193.4,Small Business,118300.0,4.9,Yes,1
SHG22911,Maharashtra,Mixed SHG,15,24,38.9,76.3,202.81,5326.39,79.2,86.6,23,No,0,,0,0.0,Small Business,33500.0,5.2,Yes,0
SHG22912,Telangana,Women SHG,10,65,36.6,54.4,20.0,1060.94,65.0,80.8,48,Yes,1,83.7,2,13974.05,Small Business,20700.0,6.5,Yes,1
SHG22913,Tamil Nadu,Women SHG,12,23,38.1,62.9,27.19,399.12,76.1,55.1,12,Yes,0,,0,0.0,Education,6900.0,6.9,Yes,1
SHG22914,Andhra Pradesh,Women SHG,11,44,48.9,68.7,86.13,2214.05,70.3,43.4,32,Yes,1,57.9,0,31345.22,Small Business,17500.0,9.4,No,0
SHG22915,West Bengal,Women SHG,12,16,35.1,61.6,61.22,704.51,54.6,65.0,13,Yes,3,89.1,0,18408.92,Livestock,26800.0,7.6,Yes,1
SHG22916,Maharashtra,Farmer Producer Group,13,11,40.8,75.3,63.26,545.03,72.0,82.1,9,No,1,82.7,0,20320.61,Small Business,111200.0,5.7,Yes,0
SHG22917,Uttar Pradesh,Women SHG,8,43,44.1,79.5,20.0,457.24,56.2,37.7,27,Yes,3,64.6,0,14975.25,Small Business,48600.0,8.6,Yes,1
SHG22918,Telangana,Women SHG,19,35,42.4,66.4,41.43,2162.96,85.2,83.1,33,Yes,0,,0,0.0,Agriculture,16900.0,9.6,Yes,0
SHG22919,Uttar Pradesh,Women SHG,8,51,47.6,35.0,134.67,3770.36,85.1,48.4,39,Yes,0,,0,0.0,Small Business,22700.0,8.0,No,1
SHG22920,Tamil Nadu,Mixed SHG,10,8,37.4,100.0,124.19,684.45,79.1,56.5,6,Yes,2,72.3,1,7554.23,Small Business,48100.0,9.1,No,0
SHG22921,Odisha,Women SHG,17,27,40.4,69.6,66.17,1778.79,67.7,81.9,15,Yes,2,76.8,0,6708.65,Small Business,51400.0,6.7,No,1
SHG22922,Odisha,Women SHG,12,16,23.0,76.2,72.11,935.59,56.1,78.8,11,Yes,3,88.5,0,13580.16,Small Business,43900.0,8.1,No,1
SHG22923,Telangana,Women SHG,18,33,49.2,57.9,71.39,3103.6,62.0,88.4,26,Yes,2,91.5,0,15691.38,Emergency/Consumption,58200.0,4.0,No,1
SHG22924,Odisha,Women SHG,16,55,43.6,56.8,143.26,7827.06,44.9,75.8,48,Yes,1,95.0,0,10331.39,Livestock,34200.0,8.4,Yes,1
SHG22925,Maharashtra,Women SHG,13,56,23.7,53.6,155.07,8739.31,46.5,80.0,47,Yes,0,,0,0.0,Agriculture,35700.0,8.6,Yes,1
SHG22926,Andhra Pradesh,Women SHG,9,9,37.3,30.3,112.73,719.25,70.6,43.5,6,Yes,0,,0,0.0,Home Improvement,68300.0,5.0,Yes,1
SHG22927,Telangana,Women SHG,13,16,38.7,66.1,20.0,335.2,92.5,63.2,10,Yes,1,92.3,0,10355.61,Emergency/Consumption,88200.0,7.3,Yes,1
SHG22928,West Bengal,Women SHG,12,13,39.0,47.4,99.08,1031.69,87.8,82.1,10,Yes,1,56.8,0,8731.99,Livestock,17900.0,8.9,Yes,1
SHG22929,Odisha,Women SHG,10,81,36.9,56.4,58.8,3437.19,86.8,96.2,49,Yes,0,,0,0.0,Agriculture,32500.0,6.8,Yes,1
SHG22930,Andhra Pradesh,Women SHG,12,22,31.4,76.5,20.0,287.48,76.7,52.4,18,Yes,0,,0,0.0,Small Business,18000.0,7.8,Yes,1
SHG22931,Uttar Pradesh,Women SHG,17,19,35.7,55.9,97.97,2434.86,58.1,68.0,14,No,1,67.5,0,30431.89,Agriculture,19600.0,8.3,Yes,1
SHG22932,Maharashtra,Women SHG,14,34,32.6,56.8,20.0,680.19,36.1,68.0,28,Yes,1,47.9,0,19492.54,Small Business,120000.0,6.6,Yes,0
SHG22933,Andhra Pradesh,Women SHG,16,61,47.0,51.7,45.0,3303.79,62.8,95.6,43,Yes,1,73.3,0,44846.63,Home Improvement,31600.0,7.0,Yes,1
SHG22934,Odisha,Women SHG,14,20,20.3,57.6,91.39,1915.67,64.9,75.6,10,Yes,1,75.0,0,11268.84,Agriculture,25400.0,7.9,Yes,1
SHG22935,Maharashtra,Mixed SHG,10,39,32.4,51.8,96.31,2434.03,49.5,65.4,35,Yes,2,93.8,0,19319.45,Agriculture,17500.0,4.9,Yes,1
SHG22936,Karnataka,Mixed SHG,13,62,48.4,57.4,191.39,11999.77,53.1,97.5,32,Yes,1,66.5,0,3082.9,Agriculture,42200.0,8.6,Yes,1
SHG22937,Uttar Pradesh,Women SHG,12,25,37.7,93.1,74.45,1795.39,46.4,58.8,14,Yes,0,,0,0.0,Agriculture,20600.0,6.8,Yes,0
SHG22938,West Bengal,Women SHG,13,15,45.3,73.5,24.6,380.06,88.1,82.5,9,Yes,0,,0,0.0,Agriculture,16700.0,6.5,Yes,1
SHG22939,Uttar Pradesh,Mixed SHG,14,78,28.0,28.2,276.51,18124.95,40.3,67.0,67,Yes,0,,0,0.0,Livestock,35800.0,5.0,Yes,1
SHG22940,Andhra Pradesh,Women SHG,10,12,43.2,47.7,129.11,869.71,67.2,78.1,9,Yes,1,96.1,1,10186.49,Small Business,45000.0,8.2,Yes,0
SHG22941,Karnataka,Farmer Producer Group,13,19,27.5,49.4,86.25,1714.54,71.7,36.8,12,Yes,1,93.7,0,22799.96,Home Improvement,17300.0,7.6,No,0
SHG22942,Andhra Pradesh,Mixed SHG,10,66,37.1,60.2,203.37,10222.81,77.8,69.8,35,Yes,1,92.0,1,3485.37,Small Business,26300.0,6.1,Yes,1
SHG22943,Uttar Pradesh,Women SHG,8,32,29.8,92.0,184.8,3306.75,62.0,95.2,22,No,2,51.8,1,11579.03,Home Improvement,90300.0,8.0,Yes,1
SHG22944,Uttar Pradesh,Mixed SHG,13,29,25.9,41.1,32.46,912.07,82.9,71.2,25,Yes,2,61.1,0,31303.69,Agriculture,28600.0,7.8,Yes,1
SHG22945,Karnataka,Women SHG,11,38,45.7,52.2,154.34,5363.55,55.3,71.0,29,Yes,1,57.6,0,2152.18,Home Improvement,9000.0,5.4,No,1
SHG22946,Odisha,Women SHG,12,27,44.1,62.8,175.01,3553.86,57.8,53.1,20,Yes,2,79.4,0,16090.98,Agriculture,101200.0,7.0,Yes,1
SHG22947,Maharashtra,Farmer Producer Group,13,25,40.2,41.1,112.76,2411.84,74.1,40.0,21,Yes,1,84.8,0,8670.85,Agriculture,46800.0,5.5,Yes,1
SHG22948,Kerala,Women SHG,14,21,36.0,81.3,35.39,800.56,49.2,62.1,14,Yes,1,86.9,1,14773.56,Small Business,35600.0,6.5,Yes,1
SHG22949,Uttar Pradesh,Mixed SHG,13,3,32.1,66.8,51.37,117.16,88.6,97.6,2,Yes,0,,0,0.0,Small Business,33200.0,9.8,Yes,1
SHG22950,Tamil Nadu,Women SHG,12,20,32.5,59.6,95.76,1815.65,84.3,93.6,12,Yes,2,82.9,1,783.65,Agriculture,45700.0,8.3,Yes,1
SHG22951,Tamil Nadu,Women SHG,12,32,49.2,61.5,281.32,7641.49,74.4,69.8,16,Yes,2,47.6,0,13734.1,Emergency/Consumption,31100.0,8.9,Yes,1
SHG22952,Maharashtra,Women SHG,13,62,37.1,31.6,29.26,1678.65,82.4,28.8,51,Yes,1,89.5,0,18659.5,Livestock,12100.0,8.4,Yes,1
SHG22953,Telangana,Women SHG,14,49,31.2,67.6,48.85,2313.48,48.8,59.2,45,Yes,1,60.3,0,5326.03,Livestock,29900.0,9.5,Yes,1
SHG22954,Andhra Pradesh,Women SHG,9,58,49.2,44.1,170.92,5153.26,86.8,56.3,55,Yes,1,93.2,0,3274.04,Education,26100.0,8.0,Yes,1
SHG22955,Telangana,Women SHG,16,8,35.7,67.6,104.56,749.03,54.8,86.5,6,Yes,1,89.3,2,7557.4,Education,5700.0,7.9,Yes,0
SHG22956,Karnataka,Women SHG,18,28,55.9,74.3,179.42,5812.78,65.4,99.9,23,Yes,0,,0,0.0,Agriculture,48600.0,6.3,No,1
SHG22957,West Bengal,Women SHG,15,12,40.3,83.7,80.2,1003.56,91.1,78.0,8,Yes,1,93.5,0,14676.49,Livestock,22100.0,9.6,Yes,1
SHG22958,Odisha,Women SHG,16,32,28.7,72.8,55.18,2315.4,54.2,55.7,23,Yes,5,81.6,0,5255.4,Livestock,24600.0,8.7,Yes,1
SHG22959,Karnataka,Women SHG,15,41,45.3,72.0,38.97,1249.4,52.1,50.0,31,Yes,0,,0,0.0,Home Improvement,73100.0,7.4,Yes,1
SHG22960,Andhra Pradesh,Women SHG,9,40,34.8,75.0,265.25,5636.15,40.3,63.5,30,Yes,0,,0,0.0,Small Business,45000.0,8.3,No,1
SHG22961,Karnataka,Women SHG,13,48,37.9,57.6,591.79,19112.27,66.9,94.8,37,Yes,1,87.3,0,31924.58,Agriculture,29700.0,6.7,No,1
SHG22962,Bihar,Women SHG,12,5,39.7,86.8,189.14,900.08,68.4,87.0,3,Yes,0,,0,0.0,Small Business,26600.0,7.9,Yes,1
SHG22963,Karnataka,Women SHG,9,17,29.2,64.6,201.78,1942.82,78.5,94.1,12,Yes,4,62.8,1,59597.05,Small Business,41700.0,4.8,No,1
SHG22964,Karnataka,Women SHG,11,56,38.2,63.0,124.18,6159.1,85.9,86.9,31,Yes,1,27.9,0,27570.85,Education,24200.0,4.9,No,1
SHG22965,Karnataka,Women SHG,11,17,34.2,50.0,75.29,935.71,77.8,85.5,15,Yes,1,70.5,0,16096.88,Agriculture,28800.0,5.9,No,1
SHG22966,Karnataka,Mixed SHG,9,13,21.5,47.6,339.7,2331.23,94.8,65.0,10,No,3,87.2,0,29598.49,Emergency/Consumption,65200.0,5.7,Yes,0
SHG22967,Karnataka,Women SHG,15,7,33.8,92.3,20.0,167.06,53.0,68.5,5,Yes,1,68.0,0,14086.34,Small Business,15300.0,8.5,Yes,1
SHG22968,Tamil Nadu,Women SHG,18,82,39.6,45.5,119.86,10448.22,93.4,63.6,71,Yes,1,84.3,0,13579.96,Education,23700.0,9.4,Yes,1
SHG22969,Kerala,Women SHG,12,10,42.6,53.8,92.13,718.77,46.0,80.2,7,Yes,1,82.9,1,14319.36,Livestock,18800.0,6.9,Yes,1
SHG22970,Tamil Nadu,Women SHG,14,31,36.3,53.6,258.89,8908.77,84.5,29.3,27,Yes,0,,0,0.0,Agriculture,20100.0,6.5,Yes,0
SHG22971,Maharashtra,Women SHG,13,48,40.3,72.0,207.61,7702.5,64.8,73.3,33,No,1,81.7,0,33322.44,Livestock,27000.0,6.2,Yes,0
SHG22972,Telangana,Women SHG,9,30,44.2,83.8,120.43,2226.3,63.1,68.7,20,No,2,75.7,0,38534.77,Agriculture,25800.0,4.2,Yes,1
SHG22973,Andhra Pradesh,Women SHG,9,51,38.0,46.0,100.62,3330.52,95.1,62.9,38,Yes,2,47.4,0,11264.08,Agriculture,19500.0,7.0,Yes,1
SHG22974,Andhra Pradesh,Women SHG,18,27,27.1,69.7,210.08,7623.69,82.2,86.1,25,Yes,0,,0,0.0,Small Business,65400.0,7.7,Yes,1
SHG22975,West Bengal,Women SHG,20,50,51.2,61.9,129.83,8601.23,71.1,66.5,30,Yes,1,81.5,1,2172.36,Small Business,41100.0,9.6,Yes,1
SHG22976,Karnataka,Women SHG,16,38,42.5,51.1,20.0,838.87,87.0,86.3,25,No,0,,0,0.0,Agriculture,113000.0,8.1,No,1
SHG22977,Tamil Nadu,Mixed SHG,16,10,32.8,79.6,141.38,1811.16,77.6,93.1,6,Yes,2,57.0,1,9655.26,Small Business,9100.0,6.9,No,1
SHG22978,Bihar,Women SHG,8,53,39.2,77.8,128.07,3742.32,73.5,59.3,28,No,1,82.6,0,24531.48,Education,5000.0,6.2,Yes,1
SHG22979,Maharashtra,Women SHG,14,25,33.2,67.9,559.26,11873.35,90.4,71.5,18,Yes,1,70.0,0,5816.38,Agriculture,67400.0,4.9,No,1
SHG22980,Tamil Nadu,Women SHG,17,5,43.4,47.8,20.0,120.95,70.2,81.2,4,Yes,0,,0,0.0,Agriculture,8600.0,7.2,Yes,0
SHG22981,Tamil Nadu,Women SHG,13,12,40.8,43.0,64.62,696.08,37.1,78.7,11,Yes,1,85.5,0,22261.0,Small Business,28500.0,8.1,No,1
SHG22982,West Bengal,Women SHG,15,18,38.9,51.7,256.64,3677.49,50.7,76.1,16,Yes,0,,0,0.0,Agriculture,34000.0,4.3,Yes,1
SHG22983,Odisha,Women SHG,11,3,36.8,48.5,100.65,226.46,90.5,92.4,2,Yes,0,,0,0.0,Agriculture,21300.0,7.5,Yes,1
SHG22984,Tamil Nadu,Women SHG,17,46,54.4,100.0,105.93,6682.93,81.5,68.4,34,Yes,1,76.0,0,9812.53,Agriculture,13200.0,7.0,Yes,1
SHG22985,Karnataka,Mixed SHG,12,8,56.6,91.4,108.6,690.44,82.3,78.2,7,Yes,1,90.0,0,2741.51,Agriculture,60200.0,7.9,No,1
SHG22986,Andhra Pradesh,Mixed SHG,13,17,45.8,67.1,81.34,1024.88,64.2,90.6,15,Yes,2,87.0,0,8503.05,Small Business,46500.0,4.9,Yes,0
SHG22987,Maharashtra,Mixed SHG,8,39,20.1,80.8,91.63,1599.62,80.9,83.3,32,Yes,0,,0,0.0,Small Business,5300.0,8.0,Yes,1
SHG22988,Telangana,Women SHG,12,49,49.8,86.3,91.24,2774.93,88.1,78.6,45,Yes,2,79.5,0,17302.75,Livestock,35800.0,8.1,No,1
SHG22989,Tamil Nadu,Women SHG,10,12,44.8,44.1,95.62,687.2,63.8,81.7,9,Yes,0,,0,0.0,Small Business,76200.0,6.3,No,1
SHG22990,Telangana,Women SHG,13,17,25.1,41.3,98.35,1243.55,98.5,69.6,15,Yes,1,75.3,1,6909.23,Emergency/Consumption,9700.0,3.2,No,1
SHG22991,Tamil Nadu,Women SHG,10,14,46.3,28.0,184.35,1827.29,38.7,71.8,9,Yes,1,88.2,0,31945.09,Agriculture,55300.0,6.5,No,1
SHG22992,Tamil Nadu,Women SHG,12,69,36.9,66.0,45.06,3026.48,84.6,53.0,40,Yes,3,80.3,0,9954.84,Small Business,22500.0,6.5,Yes,1
SHG22993,Odisha,Women SHG,12,30,46.1,51.7,20.0,419.1,82.0,64.0,16,Yes,2,70.8,1,17682.86,Livestock,73300.0,5.7,No,1
SHG22994,Andhra Pradesh,Women SHG,11,20,32.4,70.1,33.1,562.89,65.3,73.0,13,Yes,1,95.4,0,7734.31,Home Improvement,18500.0,7.3,No,1
SHG22995,Andhra Pradesh,Farmer Producer Group,13,65,46.9,72.6,84.34,4321.52,70.8,75.9,59,Yes,3,98.2,0,16684.87,Small Business,47600.0,5.1,No,1
SHG22996,Maharashtra,Women SHG,10,31,33.7,47.9,284.74,6863.61,88.5,88.1,17,Yes,0,,0,0.0,Agriculture,7700.0,7.1,Yes,1
SHG22997,West Bengal,Women SHG,8,36,27.8,68.9,52.86,856.22,54.7,54.0,31,Yes,2,68.8,0,20281.63,Agriculture,40500.0,8.5,Yes,0
SHG22998,Odisha,Farmer Producer Group,8,26,40.2,99.2,22.79,370.27,90.2,87.6,15,Yes,3,86.2,0,32421.78,Agriculture,37000.0,6.5,No,1
SHG22999,Bihar,Women SHG,20,73,30.5,65.4,46.56,5423.14,81.2,80.3,57,Yes,0,,0,0.0,Small Business,47400.0,6.3,Yes,1
SHG23000,Karnataka,Mixed SHG,12,14,34.7,66.4,195.42,2101.94,96.2,80.2,8,Yes,3,46.3,1,9947.38,Home Improvement,9500.0,6.7,No,1
SHG23001,Telangana,Mixed SHG,10,27,33.9,78.6,52.24,1112.73,74.9,66.0,20,Yes,2,41.6,0,8193.73,Education,57500.0,3.7,Yes,1
SHG23002,Uttar Pradesh,Mixed SHG,12,9,44.0,59.4,171.97,1543.37,70.8,80.2,5,Yes,0,,0,0.0,Livestock,5000.0,4.9,Yes,1
SHG23003,Bihar,Women SHG,17,49,37.5,86.3,34.72,2281.13,77.3,99.1,27,Yes,1,93.9,0,8634.86,Agriculture,21100.0,8.7,Yes,1
SHG23004,Tamil Nadu,Women SHG,11,19,41.2,86.5,27.85,416.15,60.4,83.3,10,Yes,1,72.0,1,48602.29,Home Improvement,11000.0,5.7,Yes,0
SHG23005,Odisha,Mixed SHG,17,21,26.0,78.1,20.0,363.31,70.3,74.4,13,Yes,0,,0,0.0,Education,39500.0,4.6,Yes,1
SHG23006,Maharashtra,Women SHG,12,39,32.5,47.1,29.45,767.22,68.2,56.2,28,Yes,3,80.7,0,19579.39,Education,35500.0,5.4,Yes,1
SHG23007,Bihar,Mixed SHG,15,14,33.8,39.5,119.79,1385.75,86.9,80.6,7,Yes,2,72.3,0,49823.64,Livestock,24100.0,7.7,Yes,0
SHG23008,Tamil Nadu,Women SHG,17,23,39.4,71.6,243.98,6415.62,87.2,97.6,13,Yes,1,83.5,0,11555.62,Small Business,66400.0,7.1,Yes,1
SHG23009,Odisha,Mixed SHG,10,14,42.2,70.2,297.99,2218.24,57.5,84.7,12,Yes,0,,0,0.0,Agriculture,35400.0,6.5,Yes,1
SHG23010,Maharashtra,Women SHG,13,14,39.9,75.6,121.55,1830.08,52.7,56.1,9,Yes,0,,0,0.0,Small Business,11900.0,9.6,Yes,1
SHG23011,Bihar,Women SHG,11,14,38.6,74.4,74.62,932.8,91.5,88.4,10,Yes,1,92.3,0,12526.24,Education,15200.0,8.7,Yes,1
SHG23012,Odisha,Mixed SHG,9,50,38.9,57.5,372.84,11861.32,80.7,94.3,32,Yes,2,89.5,0,10857.57,Agriculture,62400.0,5.8,No,1
SHG23013,Maharashtra,Farmer Producer Group,17,21,34.0,45.0,123.21,3010.34,79.9,73.2,17,Yes,4,74.4,1,11135.55,Emergency/Consumption,29500.0,7.9,No,1
SHG23014,Kerala,Women SHG,13,11,47.1,37.8,120.19,1275.23,92.5,89.8,6,Yes,0,,0,0.0,Agriculture,41600.0,5.6,Yes,1
SHG23015,Andhra Pradesh,Women SHG,12,49,43.6,55.2,255.3,10885.58,84.2,48.1,40,No,0,,0,0.0,Education,18100.0,7.3,No,1
SHG23016,Karnataka,Mixed SHG,11,27,36.4,71.8,53.73,1187.95,73.9,92.1,22,Yes,2,71.8,1,24761.93,Agriculture,54500.0,6.3,Yes,1
SHG23017,Tamil Nadu,Women SHG,10,68,43.1,83.7,557.52,29696.91,65.3,92.8,54,Yes,0,,0,0.0,Emergency/Consumption,34500.0,8.3,Yes,1
SHG23018,Bihar,Women SHG,15,20,36.0,75.3,62.95,1507.77,49.1,78.7,11,Yes,0,,0,0.0,Small Business,50200.0,6.7,Yes,1
SHG23019,Maharashtra,Women SHG,10,3,35.3,47.9,167.87,331.71,84.0,81.6,3,Yes,0,,0,0.0,Home Improvement,30600.0,7.4,Yes,1
SHG23020,Bihar,Women SHG,17,44,37.3,93.8,27.66,1472.63,92.2,75.1,23,Yes,3,63.8,0,2522.95,Small Business,29300.0,6.9,Yes,1
SHG23021,Karnataka,Women SHG,11,40,39.5,25.7,437.43,12511.4,88.1,75.6,32,Yes,3,77.1,1,15010.25,Small Business,15500.0,8.4,Yes,1
SHG23022,Karnataka,Women SHG,16,6,43.5,90.3,20.0,104.69,57.7,96.6,5,Yes,1,80.2,3,30233.04,Small Business,43800.0,7.9,Yes,0
SHG23023,Bihar,Women SHG,11,37,46.0,63.9,110.43,2982.95,86.8,77.0,22,No,1,88.7,0,4028.63,Agriculture,24600.0,6.1,Yes,1
SHG23024,Odisha,Mixed SHG,8,31,33.7,46.4,43.47,611.66,69.9,84.5,27,Yes,2,46.3,0,13563.22,Agriculture,76000.0,5.6,Yes,0
SHG23025,Andhra Pradesh,Women SHG,11,49,45.3,59.7,71.9,2896.6,75.5,62.2,39,Yes,1,76.7,0,25195.06,Agriculture,5000.0,7.3,No,1
SHG23026,Tamil Nadu,Mixed SHG,15,71,47.2,69.6,114.56,9494.64,59.9,46.9,40,Yes,0,,0,0.0,Emergency/Consumption,41500.0,3.6,Yes,1
SHG23027,Karnataka,Women SHG,16,34,42.5,60.5,56.33,1721.07,62.7,77.1,17,Yes,1,46.6,0,42257.76,Small Business,21800.0,6.1,Yes,1
SHG23028,Karnataka,Farmer Producer Group,12,13,45.6,54.7,28.63,290.93,23.3,89.3,7,Yes,3,70.4,1,6181.23,Agriculture,11500.0,9.5,Yes,0
SHG23029,Maharashtra,Women SHG,9,33,38.5,48.1,37.11,553.89,29.4,69.4,31,Yes,1,64.5,1,5316.45,Livestock,55800.0,6.3,No,0
SHG23030,Tamil Nadu,Mixed SHG,10,44,38.0,55.5,121.58,4332.22,84.0,84.8,26,Yes,3,77.1,0,13489.55,Small Business,22700.0,5.4,Yes,1
SHG23031,Karnataka,Women SHG,12,5,38.1,51.9,316.41,1247.99,74.0,95.0,4,No,0,,0,0.0,Emergency/Consumption,10300.0,6.4,Yes,1
SHG23032,Maharashtra,Women SHG,13,3,35.1,67.0,199.36,521.21,82.7,63.9,3,Yes,0,,0,0.0,Livestock,5400.0,7.4,Yes,1
SHG23033,Uttar Pradesh,Women SHG,14,5,37.0,93.6,37.4,141.3,63.3,88.5,3,Yes,0,,0,0.0,Agriculture,21600.0,4.8,No,0
SHG23034,Maharashtra,Women SHG,13,11,40.5,36.2,100.09,901.99,37.1,78.9,9,Yes,1,51.5,0,8492.93,Agriculture,31200.0,7.8,Yes,1
SHG23035,Telangana,Women SHG,13,27,30.5,34.9,84.03,2174.86,95.2,71.7,23,Yes,1,80.2,2,18645.25,Emergency/Consumption,24500.0,6.6,Yes,0
SHG23036,Uttar Pradesh,Women SHG,8,26,47.9,41.9,95.31,1444.18,79.0,85.1,17,Yes,2,75.5,1,17194.26,Emergency/Consumption,52700.0,8.9,Yes,0
SHG23037,Andhra Pradesh,Women SHG,14,75,31.0,75.7,158.13,8649.94,89.6,78.2,47,Yes,1,91.0,1,21021.36,Emergency/Consumption,56400.0,6.6,No,1
SHG23038,Karnataka,Women SHG,15,40,20.4,48.8,133.14,4606.82,66.1,92.8,38,Yes,0,,0,0.0,Small Business,18900.0,8.4,No,1
SHG23039,Uttar Pradesh,Mixed SHG,15,41,32.8,51.9,20.0,713.38,82.6,77.2,34,Yes,2,79.8,1,25961.09,Livestock,22900.0,6.8,No,1
SHG23040,West Bengal,Women SHG,11,19,25.7,56.5,61.17,662.42,66.0,77.0,12,Yes,2,91.6,0,20524.07,Home Improvement,18500.0,6.9,Yes,1
SHG23041,Andhra Pradesh,Women SHG,19,25,29.1,42.6,76.6,2964.44,71.8,90.1,22,Yes,3,91.3,0,14609.21,Livestock,17200.0,8.3,Yes,1
SHG23042,Karnataka,Women SHG,11,35,29.5,60.6,142.14,4360.5,70.6,65.1,32,Yes,1,90.5,0,11172.45,Home Improvement,40200.0,7.3,Yes,1
SHG23043,Telangana,Women SHG,13,26,31.2,39.3,60.68,1467.94,73.2,79.8,15,No,1,66.1,0,43683.6,Livestock,10000.0,6.3,Yes,1
SHG23044,Tamil Nadu,Women SHG,16,47,22.6,80.1,584.41,33755.06,65.2,82.0,44,Yes,1,61.4,0,27926.79,Agriculture,55100.0,4.3,Yes,1
SHG23045,Andhra Pradesh,Mixed SHG,16,30,31.3,47.7,454.2,16047.03,78.2,36.3,20,Yes,2,95.6,0,15173.92,Agriculture,15800.0,6.0,No,1
SHG23046,Kerala,Women SHG,14,20,51.3,53.3,24.36,368.89,72.2,93.4,16,Yes,2,91.4,0,6315.08,Small Business,28600.0,6.3,No,1
SHG23047,Karnataka,Women SHG,11,29,31.3,39.9,92.01,1950.25,58.3,68.2,19,Yes,1,90.4,1,10815.35,Small Business,37900.0,7.2,Yes,0
SHG23048,Odisha,Mixed SHG,14,27,34.1,49.8,279.28,6037.61,78.1,89.8,17,Yes,2,88.2,0,9046.29,Emergency/Consumption,13400.0,7.7,Yes,1
SHG23049,Karnataka,Women SHG,14,50,43.6,62.8,80.78,3151.02,66.4,56.5,44,Yes,0,,0,0.0,Livestock,32000.0,7.0,Yes,0
SHG23050,Kerala,Women SHG,13,25,43.4,57.4,92.38,2349.18,87.1,74.0,15,Yes,2,60.6,2,34806.3,Agriculture,53600.0,8.8,Yes,1
SHG23051,Odisha,Women SHG,17,19,28.6,71.6,85.61,2020.39,96.6,97.4,12,Yes,1,87.8,0,2877.42,Agriculture,5000.0,9.6,No,1
SHG23052,Odisha,Women SHG,12,22,48.3,70.7,291.77,4127.95,65.5,71.3,13,Yes,0,,0,0.0,Small Business,6800.0,5.2,Yes,0
SHG23053,Odisha,Mixed SHG,16,40,34.6,99.9,138.26,6704.02,71.3,58.9,21,Yes,1,68.6,0,10356.81,Small Business,31000.0,6.6,No,0
SHG23054,West Bengal,Women SHG,15,45,38.5,98.5,49.95,2532.57,91.8,71.3,26,Yes,1,91.2,2,12800.19,Agriculture,38300.0,4.6,No,0
SHG23055,Telangana,Women SHG,11,30,27.1,53.0,91.79,2079.77,55.1,85.0,16,Yes,2,87.6,1,17358.88,Small Business,5200.0,9.0,No,1
SHG23056,Uttar Pradesh,Women SHG,14,7,39.7,82.6,64.28,421.39,57.2,57.7,6,Yes,2,73.4,0,11522.79,Emergency/Consumption,93400.0,7.3,Yes,1
SHG23057,Kerala,Women SHG,14,41,47.4,66.1,132.87,5639.26,86.7,55.0,32,No,3,39.9,0,27888.67,Agriculture,25300.0,7.8,No,1
SHG23058,Andhra Pradesh,Women SHG,12,14,30.5,25.3,137.29,1564.28,88.4,89.1,11,Yes,4,71.6,0,40211.3,Livestock,8400.0,9.5,Yes,1
SHG23059,Kerala,Mixed SHG,12,53,44.0,100.0,20.0,935.54,89.4,74.9,42,Yes,2,54.0,0,11689.9,Home Improvement,15700.0,6.4,No,1
SHG23060,Uttar Pradesh,Women SHG,12,25,44.0,48.5,118.66,2075.24,70.4,67.9,16,Yes,1,88.7,0,20191.63,Livestock,11900.0,7.2,No,1
SHG23061,Karnataka,Farmer Producer Group,14,10,50.6,89.6,23.87,216.74,31.3,57.5,8,Yes,1,66.4,0,6333.19,Agriculture,27800.0,6.3,Yes,0
SHG23062,Tamil Nadu,Mixed SHG,14,8,38.6,46.4,272.17,1695.99,81.4,82.4,6,Yes,3,87.8,0,11907.13,Small Business,29900.0,7.7,No,1
SHG23063,West Bengal,Women SHG,13,37,45.7,68.7,83.56,2352.88,73.7,71.6,21,No,0,,0,0.0,Small Business,25100.0,10.0,No,1
SHG23064,Odisha,Women SHG,14,30,36.4,32.7,253.47,6372.29,83.6,74.9,26,Yes,0,,0,0.0,Livestock,49400.0,8.8,Yes,1
SHG23065,Karnataka,Women SHG,11,74,42.4,64.5,20.0,1114.88,83.6,83.6,64,Yes,0,,0,0.0,Agriculture,18800.0,4.2,No,1
SHG23066,Maharashtra,Farmer Producer Group,12,6,44.0,87.0,169.63,1005.82,76.5,40.1,3,Yes,0,,0,0.0,Livestock,14000.0,7.3,Yes,1
SHG23067,West Bengal,Women SHG,15,27,25.8,45.4,56.19,1259.63,70.0,55.2,15,Yes,1,56.7,1,13988.23,Emergency/Consumption,46900.0,7.6,No,1
SHG23068,Telangana,Women SHG,13,19,47.0,33.1,85.45,1370.48,82.8,82.2,18,No,2,85.6,1,9510.91,Emergency/Consumption,7200.0,8.7,Yes,1
SHG23069,Uttar Pradesh,Women SHG,17,16,31.6,70.4,103.02,1854.9,66.5,66.0,14,Yes,4,67.4,1,5843.27,Education,56500.0,6.5,No,1
SHG23070,Kerala,Women SHG,17,46,36.8,67.4,360.68,17862.1,87.5,74.7,30,No,1,73.8,0,33596.19,Livestock,92900.0,5.6,Yes,1
SHG23071,Maharashtra,Women SHG,11,41,40.4,17.8,77.36,2332.58,49.1,73.8,34,Yes,0,,0,0.0,Small Business,68500.0,7.1,Yes,0
SHG23072,Kerala,Mixed SHG,17,48,32.1,77.7,67.01,3084.49,82.1,82.8,28,Yes,1,74.0,0,17259.21,Home Improvement,48100.0,5.0,No,0
SHG23073,Maharashtra,Farmer Producer Group,18,27,32.3,64.2,149.77,5527.69,81.3,93.5,15,Yes,1,85.9,1,16284.08,Livestock,38400.0,8.1,Yes,1
SHG23074,Karnataka,Farmer Producer Group,15,32,28.0,56.6,240.71,7263.52,44.2,64.9,30,No,1,56.5,1,3478.69,Emergency/Consumption,11000.0,4.7,Yes,1
SHG23075,Andhra Pradesh,Women SHG,8,28,32.4,73.1,36.65,604.98,84.8,87.1,26,Yes,1,74.2,0,54829.68,Emergency/Consumption,18200.0,8.2,No,1
SHG23076,Andhra Pradesh,Farmer Producer Group,12,40,47.2,77.8,211.42,6456.85,66.1,90.1,21,Yes,2,91.7,0,18841.65,Livestock,18100.0,8.4,Yes,1
SHG23077,Maharashtra,Women SHG,9,103,37.0,98.2,193.14,10860.57,86.8,62.7,93,Yes,4,87.4,0,15524.95,Agriculture,29200.0,7.6,No,1
SHG23078,Bihar,Mixed SHG,14,8,33.6,43.6,43.66,382.43,81.5,87.5,5,Yes,1,78.2,0,11823.46,Emergency/Consumption,59500.0,5.0,Yes,0
SHG23079,Andhra Pradesh,Women SHG,11,16,36.0,85.7,73.82,659.24,59.3,83.0,12,Yes,0,,0,0.0,Small Business,36700.0,9.1,Yes,1
SHG23080,Odisha,Mixed SHG,10,38,35.8,40.6,212.5,4672.56,72.3,89.0,33,Yes,1,50.0,0,54912.64,Home Improvement,7300.0,6.7,Yes,1
SHG23081,Tamil Nadu,Women SHG,12,7,35.9,43.2,76.94,463.88,77.3,96.8,5,Yes,1,78.4,0,46184.81,Agriculture,53300.0,6.2,Yes,1
SHG23082,Bihar,Mixed SHG,14,26,43.7,85.8,86.79,2495.67,65.3,62.0,15,Yes,1,73.7,0,21428.64,Agriculture,45600.0,6.4,No,1
SHG23083,Tamil Nadu,Women SHG,14,36,49.2,70.3,39.54,1508.88,91.9,75.6,34,Yes,1,85.2,0,18379.04,Livestock,30600.0,6.6,No,1
SHG23084,Uttar Pradesh,Women SHG,18,12,44.0,67.6,67.89,967.43,79.1,33.9,7,Yes,2,65.6,0,22965.91,Agriculture,82100.0,6.7,Yes,0
SHG23085,Tamil Nadu,Women SHG,8,21,32.4,85.9,76.83,844.38,57.0,94.0,15,Yes,1,86.1,0,1801.0,Home Improvement,37900.0,9.1,Yes,1
SHG23086,Bihar,Women SHG,10,49,46.5,71.7,303.27,9029.65,72.1,70.3,41,Yes,1,63.6,0,2508.92,Small Business,43400.0,6.0,Yes,1
SHG23087,Tamil Nadu,Mixed SHG,10,46,29.3,61.7,266.66,8166.24,72.7,74.6,37,Yes,1,69.9,0,26614.89,Education,12500.0,7.7,Yes,0
SHG23088,Andhra Pradesh,Women SHG,13,17,46.5,57.4,66.58,1006.62,74.0,77.4,10,Yes,1,73.1,1,12169.47,Agriculture,31000.0,6.6,No,0
SHG23089,Uttar Pradesh,Mixed SHG,13,10,37.2,56.6,24.84,229.12,91.7,79.9,6,Yes,1,72.3,0,17725.84,Agriculture,5800.0,7.3,No,1
SHG23090,Odisha,Women SHG,10,45,40.7,68.5,72.61,2477.89,91.5,84.1,36,Yes,1,81.6,0,15457.21,Home Improvement,53900.0,6.6,Yes,1
SHG23091,Andhra Pradesh,Mixed SHG,18,9,31.0,100.0,24.37,313.57,79.3,75.3,6,Yes,1,54.5,1,4021.5,Education,38800.0,6.7,Yes,1
SHG23092,Tamil Nadu,Women SHG,9,26,37.6,73.5,59.54,816.49,79.3,42.1,23,Yes,1,74.0,0,3353.2,Agriculture,58000.0,5.2,No,1
SHG23093,Telangana,Women SHG,16,15,32.7,100.0,52.38,737.67,85.9,55.1,11,Yes,1,72.0,1,12546.32,Agriculture,36100.0,5.5,No,0
SHG23094,Andhra Pradesh,Women SHG,10,94,41.6,81.7,49.65,3125.93,44.8,80.8,55,Yes,0,,0,0.0,Agriculture,21900.0,10.0,No,1
SHG23095,Karnataka,Women SHG,18,46,37.0,56.4,258.97,14750.02,59.7,68.8,31,Yes,1,53.7,2,8993.38,Agriculture,17600.0,6.9,No,1
SHG23096,Bihar,Women SHG,19,36,30.6,59.5,45.12,1814.28,77.6,89.2,32,Yes,0,,0,0.0,Livestock,26800.0,7.2,Yes,0
SHG23097,Odisha,Women SHG,8,78,45.4,46.9,257.32,12409.22,78.9,51.7,48,Yes,0,,0,0.0,Small Business,20000.0,9.0,Yes,1
SHG23098,Uttar Pradesh,Women SHG,10,8,50.6,61.1,45.42,246.11,94.0,71.5,6,Yes,1,60.1,0,10488.2,Agriculture,11800.0,8.3,Yes,1
SHG23099,West Bengal,Women SHG,15,33,32.0,56.5,203.13,8154.65,90.9,92.4,20,Yes,2,51.8,3,11698.44,Small Business,56200.0,7.7,Yes,1
SHG23100,Odisha,Women SHG,10,19,42.1,39.9,24.06,291.84,95.1,81.4,15,No,0,,0,0.0,Small Business,14700.0,9.0,Yes,0
SHG23101,Andhra Pradesh,Women SHG,19,41,39.6,84.1,46.28,2289.6,87.9,92.0,23,Yes,1,88.8,0,5049.96,Emergency/Consumption,27700.0,7.1,Yes,1
SHG23102,Andhra Pradesh,Women SHG,13,39,46.4,42.5,80.65,2054.14,78.4,68.3,36,Yes,4,62.1,1,15451.85,Agriculture,83500.0,8.8,Yes,1
SHG23103,Odisha,Farmer Producer Group,12,16,39.0,64.3,196.38,2449.97,50.2,96.3,14,Yes,2,69.2,0,10971.05,Livestock,39600.0,7.6,No,1
SHG23104,Karnataka,Women SHG,11,12,32.2,81.1,39.16,309.44,79.1,84.8,8,Yes,0,,0,0.0,Small Business,34800.0,5.7,Yes,1
SHG23105,Telangana,Women SHG,16,13,28.6,69.9,131.94,1615.73,89.4,79.8,10,Yes,2,55.0,0,36968.24,Home Improvement,37400.0,5.9,No,1
SHG23106,Tamil Nadu,Women SHG,11,31,49.6,73.5,73.07,1700.32,95.1,61.3,25,Yes,1,84.5,0,22444.41,Home Improvement,16900.0,7.6,Yes,1
SHG23107,Telangana,Women SHG,9,19,45.5,85.5,92.83,900.43,73.9,69.9,13,Yes,2,70.5,0,7830.99,Agriculture,27200.0,3.2,Yes,1
SHG23108,Telangana,Women SHG,17,34,47.6,94.7,61.88,1916.28,33.8,80.6,21,Yes,0,,0,0.0,Agriculture,39300.0,6.3,No,0
SHG23109,Tamil Nadu,Farmer Producer Group,17,64,41.0,62.3,75.48,6489.76,68.7,68.6,50,Yes,0,,0,0.0,Emergency/Consumption,27300.0,9.4,Yes,0
SHG23110,Maharashtra,Women SHG,11,58,48.1,45.8,173.62,5972.6,63.5,83.6,44,Yes,0,,0,0.0,Emergency/Consumption,23100.0,7.8,Yes,1
SHG23111,Telangana,Mixed SHG,8,43,41.4,76.4,20.0,385.64,75.2,83.4,30,Yes,3,90.1,0,11417.51,Small Business,5000.0,5.9,No,1
SHG23112,Kerala,Women SHG,11,16,35.0,70.0,26.96,255.11,74.5,53.0,11,Yes,1,43.1,0,22289.21,Small Business,13200.0,7.7,Yes,0
SHG23113,Uttar Pradesh,Farmer Producer Group,16,23,33.1,57.4,67.42,1350.97,78.8,62.3,14,Yes,0,,0,0.0,Agriculture,129100.0,6.1,Yes,1
SHG23114,Odisha,Women SHG,13,17,28.2,96.4,39.38,678.97,95.0,78.6,15,Yes,2,86.1,0,15936.08,Small Business,11300.0,7.6,Yes,1
SHG23115,Tamil Nadu,Women SHG,14,31,41.3,55.3,155.15,3510.15,75.5,83.0,28,Yes,4,74.0,0,2726.08,Emergency/Consumption,37800.0,9.3,No,1
SHG23116,Tamil Nadu,Women SHG,15,6,35.1,65.3,241.08,1357.64,53.6,88.8,5,Yes,2,73.6,0,3097.03,Small Business,36300.0,5.3,Yes,0
SHG23117,Andhra Pradesh,Farmer Producer Group,12,39,32.3,26.3,38.5,935.05,92.3,59.2,21,Yes,1,53.6,0,22001.34,Emergency/Consumption,20200.0,7.5,No,0
SHG23118,West Bengal,Farmer Producer Group,11,23,52.3,61.6,197.65,3160.69,55.6,64.1,21,Yes,1,48.7,1,3019.82,Agriculture,45700.0,10.0,Yes,1
SHG23119,Bihar,Women SHG,13,11,37.2,64.3,54.88,428.21,86.0,72.0,6,Yes,0,,0,0.0,Small Business,62800.0,8.5,Yes,0
SHG23120,Maharashtra,Women SHG,8,43,40.6,31.4,233.69,5473.65,61.0,78.0,36,Yes,0,,0,0.0,Agriculture,32200.0,7.3,Yes,1
SHG23121,Odisha,Women SHG,13,42,25.0,33.9,132.37,3790.71,85.5,76.5,28,Yes,1,69.0,0,17269.9,Emergency/Consumption,24000.0,9.3,Yes,1
SHG23122,Uttar Pradesh,Women SHG,16,56,31.1,41.2,78.01,5097.36,96.4,77.9,35,Yes,1,65.8,0,17201.06,Livestock,94600.0,5.6,Yes,1
SHG23123,Andhra Pradesh,Farmer Producer Group,17,46,26.0,72.8,26.18,1559.47,63.1,83.9,37,Yes,1,64.6,2,7536.36,Home Improvement,41000.0,8.1,No,1
SHG23124,Kerala,Mixed SHG,16,28,26.7,75.7,154.08,5436.59,79.2,84.4,25,Yes,0,,0,0.0,Home Improvement,46200.0,5.8,No,1
SHG23125,Kerala,Women SHG,11,73,34.2,92.6,48.66,2320.02,60.7,78.7,45,Yes,1,63.2,0,8243.26,Agriculture,5000.0,8.7,No,1
SHG23126,Telangana,Mixed SHG,8,24,29.8,74.9,195.03,2201.97,93.4,68.0,13,Yes,0,,0,0.0,Agriculture,20100.0,6.0,Yes,1
SHG23127,Kerala,Women SHG,9,29,41.5,63.9,131.76,2602.85,93.9,90.0,19,Yes,0,,0,0.0,Emergency/Consumption,18300.0,7.6,Yes,1
SHG23128,Odisha,Farmer Producer Group,13,64,40.4,90.7,168.6,11022.47,69.6,48.6,59,Yes,0,,0,0.0,Agriculture,33200.0,7.6,No,1
SHG23129,Tamil Nadu,Women SHG,11,28,48.6,42.2,212.2,5400.13,60.0,64.0,19,Yes,2,70.5,0,32066.85,Livestock,39200.0,3.2,No,0
SHG23130,Odisha,Women SHG,19,17,40.1,48.3,301.33,7493.02,88.8,70.2,13,Yes,1,81.6,2,14389.42,Agriculture,20800.0,7.0,No,1
SHG23131,West Bengal,Women SHG,10,24,40.2,47.9,77.73,1148.62,58.5,86.6,19,Yes,2,48.0,0,6390.9,Small Business,70500.0,4.0,Yes,0
SHG23132,Odisha,Women SHG,14,8,49.1,75.1,141.25,1146.58,48.4,81.8,4,No,1,81.1,0,1209.36,Agriculture,49700.0,9.2,No,0
SHG23133,Karnataka,Farmer Producer Group,14,12,34.2,83.9,139.64,1594.19,67.3,88.8,10,Yes,1,87.8,0,7748.44,Emergency/Consumption,8900.0,7.2,Yes,1
SHG23134,Karnataka,Women SHG,20,90,37.9,89.6,541.32,69033.39,34.7,89.1,55,No,1,62.4,3,9073.2,Agriculture,89400.0,4.6,Yes,0
SHG23135,Odisha,Women SHG,8,36,30.8,62.3,43.64,904.51,88.2,94.7,32,No,1,67.4,0,3587.88,Livestock,12300.0,9.5,Yes,0
SHG23136,Bihar,Women SHG,14,20,29.2,85.5,267.85,4617.01,90.5,71.9,12,Yes,3,74.6,1,11276.14,Agriculture,21900.0,5.8,Yes,1
SHG23137,Andhra Pradesh,Women SHG,10,15,44.4,71.3,58.31,681.3,33.6,88.1,10,Yes,3,84.0,1,67786.25,Agriculture,35800.0,6.2,No,1
SHG23138,Tamil Nadu,Mixed SHG,13,30,54.3,57.7,149.04,3081.62,79.9,71.4,26,No,2,72.6,1,5600.63,Livestock,13600.0,5.0,Yes,1
SHG23139,Andhra Pradesh,Women SHG,12,72,33.4,37.8,58.71,3712.45,70.1,61.1,46,No,1,51.7,0,15495.0,Agriculture,7100.0,5.6,Yes,1
SHG23140,Kerala,Women SHG,12,29,40.3,31.4,28.38,628.34,71.4,76.7,19,Yes,0,,0,0.0,Small Business,5900.0,7.7,Yes,1
SHG23141,Maharashtra,Women SHG,15,48,33.6,59.1,56.7,3233.42,83.6,73.9,41,Yes,1,70.1,1,3277.34,Emergency/Consumption,26100.0,6.5,Yes,0
SHG23142,Bihar,Women SHG,11,47,44.1,53.4,112.92,3541.39,96.0,59.8,26,Yes,2,84.4,0,2679.1,Agriculture,30200.0,8.6,Yes,1
SHG23143,Tamil Nadu,Women SHG,12,35,34.3,52.0,38.79,944.98,61.7,59.3,28,Yes,2,61.8,0,16824.3,Agriculture,24100.0,7.3,No,1
SHG23144,Odisha,Farmer Producer Group,10,23,42.6,75.4,198.27,2484.34,65.2,81.7,17,Yes,3,38.0,0,24851.17,Education,32600.0,5.9,Yes,1
SHG23145,Odisha,Women SHG,10,82,33.3,100.0,56.98,3728.6,41.9,91.1,42,Yes,2,76.5,0,14978.9,Emergency/Consumption,27700.0,8.0,No,0
SHG23146,Kerala,Farmer Producer Group,17,12,26.3,61.1,145.14,1712.74,76.3,89.8,7,Yes,1,94.7,1,17645.81,Agriculture,73700.0,8.3,Yes,1
SHG23147,Andhra Pradesh,Mixed SHG,12,7,36.7,50.3,303.04,1854.87,45.5,76.5,4,Yes,2,79.9,0,7534.66,Livestock,70200.0,7.0,No,1
SHG23148,Tamil Nadu,Mixed SHG,14,8,45.2,57.4,70.51,638.96,81.1,90.9,7,Yes,2,88.3,2,28507.5,Agriculture,26200.0,9.7,Yes,0
SHG23149,Andhra Pradesh,Women SHG,12,57,45.7,36.3,45.04,2411.72,75.7,89.2,41,Yes,1,60.9,0,11835.66,Small Business,19300.0,7.8,No,1
SHG23150,Maharashtra,Women SHG,13,34,31.8,66.7,172.38,4735.07,78.1,70.6,26,Yes,2,65.0,1,16570.01,Livestock,13000.0,4.1,Yes,1
SHG23151,Maharashtra,Women SHG,12,57,50.7,88.0,149.9,6513.12,50.2,88.2,50,Yes,2,98.0,0,11489.14,Small Business,34700.0,10.0,No,1
SHG23152,Tamil Nadu,Women SHG,15,4,33.0,72.4,162.67,601.18,95.7,74.9,2,Yes,0,,0,0.0,Agriculture,18600.0,8.0,Yes,0
SHG23153,Telangana,Women SHG,8,64,44.8,53.7,21.74,607.91,81.6,58.3,57,Yes,4,83.8,0,1934.93,Small Business,42300.0,7.8,Yes,1
SHG23154,Karnataka,Women SHG,15,10,38.7,47.3,86.44,918.26,54.6,74.7,6,No,0,,0,0.0,Home Improvement,35000.0,7.7,Yes,1
SHG23155,Maharashtra,Women SHG,8,37,33.8,45.5,105.86,2024.93,41.1,82.7,20,Yes,2,81.6,1,4603.47,Livestock,45900.0,5.4,No,0
SHG23156,Bihar,Women SHG,14,27,29.1,58.8,101.24,1992.25,94.7,81.6,20,Yes,1,54.8,1,12392.1,Agriculture,11400.0,5.4,Yes,1
SHG23157,Bihar,Women SHG,11,40,51.1,31.2,24.76,650.21,79.0,76.2,28,Yes,1,61.9,0,21394.41,Home Improvement,12000.0,4.7,No,1
SHG23158,Uttar Pradesh,Women SHG,16,54,27.2,64.6,118.64,5509.37,81.4,77.9,41,Yes,2,74.3,0,11259.25,Livestock,83500.0,8.4,No,1
SHG23159,Maharashtra,Women SHG,18,12,33.5,64.1,178.65,2567.88,25.7,51.5,7,Yes,2,80.8,1,21899.72,Education,92900.0,6.0,No,0
SHG23160,Karnataka,Women SHG,13,34,42.1,91.9,138.84,3537.86,77.3,52.9,30,Yes,1,89.8,0,20177.98,Small Business,20600.0,5.1,Yes,1
SHG23161,West Bengal,Farmer Producer Group,14,3,34.5,27.7,225.96,632.82,92.7,41.0,3,Yes,0,,0,0.0,Home Improvement,41600.0,5.8,No,0
SHG23162,Tamil Nadu,Mixed SHG,17,11,32.6,42.5,152.72,1842.52,81.9,69.5,8,Yes,2,52.0,0,12873.63,Agriculture,67000.0,8.6,Yes,0
SHG23163,Uttar Pradesh,Women SHG,9,21,27.6,58.0,202.93,2941.23,81.2,80.1,13,No,2,82.4,0,22356.02,Livestock,36900.0,8.9,Yes,1
SHG23164,Kerala,Women SHG,12,14,37.0,51.3,133.63,1711.34,86.0,34.2,11,Yes,0,,0,0.0,Small Business,6900.0,5.5,Yes,1
SHG23165,Andhra Pradesh,Women SHG,14,39,37.0,61.5,249.59,7552.24,90.6,79.6,34,Yes,1,62.4,1,12136.86,Livestock,45900.0,7.5,No,1
SHG23166,Odisha,Women SHG,12,24,46.7,75.4,253.09,5458.48,73.8,90.6,20,Yes,0,,0,0.0,Home Improvement,66400.0,8.1,Yes,1
SHG23167,Uttar Pradesh,Women SHG,12,20,35.8,22.8,103.33,1670.37,71.6,55.6,17,Yes,1,60.8,0,11776.42,Small Business,25800.0,7.9,Yes,0
SHG23168,Kerala,Women SHG,14,24,35.9,68.8,60.57,1425.25,84.9,71.2,21,Yes,0,,0,0.0,Education,30600.0,5.9,Yes,0
SHG23169,Andhra Pradesh,Women SHG,12,23,30.4,56.8,44.5,627.46,91.4,85.1,13,Yes,0,,0,0.0,Agriculture,11900.0,6.7,No,1
SHG23170,Tamil Nadu,Women SHG,14,14,49.1,31.4,206.26,2492.68,44.7,59.2,12,Yes,2,60.3,2,10169.69,Emergency/Consumption,29400.0,8.0,Yes,1
SHG23171,Uttar Pradesh,Women SHG,12,44,40.4,36.6,290.74,9322.65,48.0,58.6,40,Yes,0,,0,0.0,Agriculture,42200.0,6.9,Yes,1
SHG23172,Tamil Nadu,Farmer Producer Group,16,8,52.8,52.6,51.38,403.41,78.3,46.3,7,Yes,1,55.5,1,23676.67,Home Improvement,15500.0,7.3,No,1
SHG23173,Tamil Nadu,Women SHG,16,13,21.7,90.6,103.99,1794.54,66.7,64.5,7,Yes,0,,0,0.0,Livestock,18400.0,6.9,No,1
SHG23174,Tamil Nadu,Women SHG,10,16,32.3,83.9,206.53,1824.43,93.7,66.5,10,Yes,2,75.4,0,19686.49,Small Business,88800.0,6.8,Yes,1
SHG23175,West Bengal,Women SHG,17,18,39.1,49.4,178.37,4359.49,91.1,84.3,10,No,5,80.2,2,24319.94,Agriculture,21100.0,5.8,Yes,0
SHG23176,Karnataka,Women SHG,15,49,38.1,56.8,128.03,5455.2,77.7,76.3,30,Yes,0,,0,0.0,Small Business,38300.0,8.9,Yes,1
SHG23177,Kerala,Women SHG,18,17,44.9,38.4,324.11,5095.55,74.7,67.7,15,No,1,60.3,1,6087.22,Small Business,34900.0,6.5,Yes,0
SHG23178,Tamil Nadu,Women SHG,13,27,40.6,57.8,21.97,515.67,93.9,89.0,24,Yes,2,70.6,0,14711.16,Agriculture,32900.0,5.1,Yes,1
SHG23179,Bihar,Women SHG,15,11,32.1,69.3,119.9,1287.23,48.9,79.7,6,Yes,0,,0,0.0,Livestock,13700.0,8.2,Yes,1
SHG23180,Maharashtra,Mixed SHG,19,20,44.0,55.9,204.56,6373.39,28.4,82.3,19,Yes,2,94.3,1,11409.21,Livestock,51100.0,8.4,No,1
SHG23181,Telangana,Farmer Producer Group,15,24,42.7,46.5,74.91,1442.81,89.3,95.7,13,Yes,1,68.1,0,11899.76,Small Business,8500.0,10.0,Yes,1
SHG23182,Karnataka,Mixed SHG,15,16,36.4,41.9,128.9,1666.53,88.6,45.7,10,Yes,0,,0,0.0,Agriculture,28400.0,6.7,Yes,1
SHG23183,Karnataka,Women SHG,10,10,43.1,36.5,75.55,388.69,82.7,87.7,9,No,2,83.9,2,2914.26,Small Business,14800.0,4.9,Yes,1
SHG23184,Karnataka,Women SHG,17,5,45.3,78.0,103.35,469.54,67.7,82.1,4,Yes,0,,0,0.0,Agriculture,22900.0,5.9,Yes,0
SHG23185,Tamil Nadu,Women SHG,8,8,42.0,92.6,181.39,680.46,80.4,80.1,6,Yes,1,65.7,1,3324.39,Livestock,85800.0,6.5,Yes,0
SHG23186,Tamil Nadu,Women SHG,16,57,32.5,47.8,211.75,15383.99,67.9,83.0,48,Yes,2,40.1,0,4507.8,Agriculture,17500.0,4.7,No,1
SHG23187,Telangana,Women SHG,14,22,32.1,58.3,95.4,1622.26,71.9,96.0,16,Yes,1,91.5,0,15283.5,Emergency/Consumption,51000.0,6.5,Yes,1
SHG23188,Uttar Pradesh,Women SHG,18,68,27.0,86.9,85.16,8150.4,86.8,94.8,59,Yes,2,76.1,2,12485.14,Livestock,10300.0,5.3,Yes,0
SHG23189,Tamil Nadu,Women SHG,11,41,50.0,32.4,237.51,8395.42,78.4,96.2,33,Yes,0,,0,0.0,Livestock,59200.0,4.6,No,0
SHG23190,Tamil Nadu,Women SHG,15,86,23.0,75.7,294.03,29730.13,83.0,72.1,50,No,0,,0,0.0,Home Improvement,19000.0,6.2,No,0
SHG23191,Karnataka,Women SHG,13,20,49.2,59.0,265.7,5661.41,91.7,80.8,13,Yes,2,71.5,0,6228.95,Emergency/Consumption,21300.0,6.8,Yes,1
SHG23192,Bihar,Women SHG,11,27,45.4,55.2,70.95,1583.5,48.2,42.0,24,Yes,0,,0,0.0,Agriculture,21000.0,7.0,Yes,0
SHG23193,Andhra Pradesh,Women SHG,10,30,37.5,57.9,217.44,3403.16,79.2,77.0,18,Yes,3,58.2,1,21662.84,Small Business,21300.0,8.6,Yes,0
SHG23194,Telangana,Mixed SHG,12,11,44.6,57.8,99.21,1022.33,89.6,82.4,6,Yes,1,79.2,0,5606.54,Livestock,7900.0,9.4,Yes,1
SHG23195,Bihar,Mixed SHG,8,27,42.7,57.7,50.33,712.51,83.5,66.1,14,Yes,0,,0,0.0,Agriculture,11200.0,8.7,Yes,0
SHG23196,Odisha,Women SHG,11,11,40.4,83.0,102.78,925.73,83.0,74.5,6,Yes,1,61.6,0,15504.38,Emergency/Consumption,9300.0,5.5,Yes,1
SHG23197,West Bengal,Women SHG,14,49,39.5,43.5,81.71,3163.1,49.4,93.0,38,Yes,0,,0,0.0,Education,55300.0,6.7,Yes,1
SHG23198,Tamil Nadu,Mixed SHG,14,5,31.7,41.4,92.52,484.85,65.9,64.9,4,Yes,0,,0,0.0,Small Business,96500.0,6.6,Yes,1
SHG23199,Bihar,Women SHG,10,24,34.9,80.4,224.19,3889.04,65.9,55.3,15,Yes,0,,0,0.0,Agriculture,59600.0,5.1,Yes,1
SHG23200,Uttar Pradesh,Mixed SHG,8,47,41.0,32.9,110.85,2905.5,66.1,61.6,37,Yes,1,83.9,1,9718.41,Livestock,29500.0,6.9,Yes,1
SHG23201,West Bengal,Women SHG,10,14,29.0,54.4,87.54,690.34,89.8,39.8,10,Yes,1,97.8,0,2256.11,Agriculture,23200.0,8.1,Yes,1
SHG23202,Uttar Pradesh,Mixed SHG,17,31,44.7,65.3,30.65,1037.29,67.4,87.0,27,No,1,31.1,1,8743.61,Emergency/Consumption,66500.0,5.7,No,1
SHG23203,West Bengal,Women SHG,11,20,41.8,100.0,51.23,810.89,68.1,82.2,17,Yes,1,70.1,0,2106.76,Agriculture,35600.0,7.9,Yes,1
SHG23204,Bihar,Women SHG,11,101,43.1,63.5,57.23,4296.46,88.5,77.8,86,Yes,2,91.4,1,7292.99,Education,27800.0,7.3,Yes,1
SHG23205,Odisha,Mixed SHG,11,9,41.4,56.9,131.11,717.41,62.4,77.6,5,No,0,,0,0.0,Emergency/Consumption,28900.0,8.2,Yes,1
SHG23206,Karnataka,Women SHG,8,15,41.0,48.6,134.23,1262.08,57.0,57.6,13,No,1,88.8,0,5636.93,Small Business,24400.0,6.4,Yes,0
SHG23207,Maharashtra,Women SHG,14,71,31.7,61.3,124.39,7151.56,35.8,76.0,50,Yes,1,85.9,0,16624.1,Agriculture,22900.0,8.6,No,1
SHG23208,West Bengal,Women SHG,13,46,42.9,68.5,37.54,1472.53,81.7,77.1,25,Yes,1,87.9,0,24588.48,Small Business,26900.0,8.1,Yes,1
SHG23209,Kerala,Women SHG,13,53,45.7,72.1,35.93,1349.88,43.4,81.1,32,No,0,,0,0.0,Small Business,59000.0,8.7,Yes,0
SHG23210,Andhra Pradesh,Women SHG,14,27,35.0,48.3,67.47,1364.15,87.5,95.5,17,Yes,5,93.0,0,5037.48,Small Business,53500.0,5.8,Yes,1
SHG23211,Telangana,Women SHG,13,27,20.0,33.3,204.82,3882.37,77.2,67.6,14,Yes,0,,0,0.0,Small Business,10300.0,6.4,Yes,1
SHG23212,Kerala,Women SHG,12,30,34.5,65.6,60.78,1244.05,74.8,91.8,28,Yes,3,73.5,0,4347.35,Small Business,37300.0,6.3,Yes,1
SHG23213,Telangana,Women SHG,14,58,33.9,75.7,96.97,5855.05,89.7,87.7,44,No,2,88.1,1,15817.94,Livestock,13000.0,5.2,Yes,1
SHG23214,Karnataka,Women SHG,12,19,37.7,44.5,76.97,1126.13,58.4,39.2,16,Yes,1,79.5,0,12891.9,Livestock,30300.0,5.9,No,0
SHG23215,Odisha,Women SHG,14,16,36.1,28.4,180.8,2337.16,93.4,64.2,9,No,1,85.7,0,33215.57,Emergency/Consumption,47100.0,9.2,No,0
SHG23216,West Bengal,Mixed SHG,10,16,39.7,96.2,25.56,234.94,70.3,62.5,13,Yes,2,83.9,0,7428.07,Livestock,25400.0,7.3,No,0
SHG23217,Telangana,Women SHG,13,14,41.1,44.3,87.88,910.05,59.3,75.8,9,Yes,2,85.4,1,6758.63,Livestock,14600.0,8.8,Yes,1
SHG23218,Bihar,Women SHG,11,38,26.3,30.7,76.55,1834.49,63.3,82.4,23,Yes,1,58.1,0,4748.23,Emergency/Consumption,24000.0,8.1,Yes,0
SHG23219,Bihar,Mixed SHG,14,24,35.1,51.3,206.11,4395.82,63.8,61.3,18,Yes,2,57.4,1,35352.89,Agriculture,24100.0,6.4,No,0
SHG23220,Maharashtra,Women SHG,15,24,57.3,72.0,20.0,471.4,81.3,45.5,19,No,3,90.7,1,19795.34,Agriculture,60700.0,7.7,Yes,1
SHG23221,Andhra Pradesh,Women SHG,10,11,45.1,83.5,126.51,1083.86,75.7,75.2,6,No,0,,0,0.0,Agriculture,28300.0,7.3,Yes,0
SHG23222,Bihar,Women SHG,19,28,50.7,47.4,239.88,9582.84,51.5,64.1,24,Yes,1,61.1,0,38138.5,Small Business,11500.0,6.8,Yes,1
SHG23223,Kerala,Women SHG,9,8,27.5,52.1,203.35,1019.92,57.7,77.7,5,No,0,,0,0.0,Agriculture,62000.0,6.3,Yes,1
SHG23224,Bihar,Farmer Producer Group,15,22,27.7,48.6,270.72,6516.39,86.9,77.7,13,Yes,2,94.5,0,5071.76,Emergency/Consumption,20200.0,4.9,Yes,1
SHG23225,Uttar Pradesh,Mixed SHG,10,7,34.7,37.5,52.14,223.72,69.0,88.3,5,Yes,1,81.3,0,28829.22,Livestock,68000.0,8.6,Yes,1
SHG23226,Tamil Nadu,Women SHG,12,8,24.7,52.5,241.69,1617.73,85.2,73.2,5,Yes,1,81.1,0,16598.09,Emergency/Consumption,29900.0,5.8,Yes,1
SHG23227,Tamil Nadu,Farmer Producer Group,11,42,39.0,57.7,73.34,1917.27,74.4,60.0,30,Yes,0,,0,0.0,Small Business,14100.0,9.3,Yes,1
SHG23228,Bihar,Women SHG,15,31,42.9,38.7,120.64,4660.18,35.2,69.5,22,Yes,0,,0,0.0,Agriculture,47800.0,6.6,Yes,1
SHG23229,Uttar Pradesh,Mixed SHG,11,23,37.6,48.9,92.52,1192.91,75.7,94.0,20,Yes,1,93.2,1,27813.58,Home Improvement,32700.0,7.0,No,1
SHG23230,Tamil Nadu,Women SHG,15,8,34.9,66.8,35.32,348.56,70.3,33.4,6,Yes,4,47.3,1,34190.72,Agriculture,45700.0,7.2,No,1
SHG23231,Odisha,Women SHG,15,17,39.1,91.1,258.57,3858.37,85.7,41.5,12,Yes,0,,0,0.0,Home Improvement,10700.0,8.4,No,1
SHG23232,Odisha,Women SHG,9,22,39.1,79.4,129.24,1736.86,47.2,63.8,19,Yes,3,73.6,0,5878.84,Agriculture,48800.0,5.7,No,1
SHG23233,Karnataka,Farmer Producer Group,8,3,43.0,46.0,58.16,106.43,45.6,75.5,2,Yes,0,,0,0.0,Agriculture,40800.0,6.3,Yes,1
SHG23234,Tamil Nadu,Women SHG,10,54,33.5,66.3,42.78,1512.84,93.1,76.9,30,Yes,1,75.3,0,31366.13,Small Business,6200.0,7.1,Yes,1
SHG23235,Karnataka,Women SHG,14,43,34.2,62.8,61.33,1932.1,69.7,89.3,39,Yes,1,76.6,0,20136.17,Emergency/Consumption,23200.0,6.7,Yes,1
SHG23236,Bihar,Women SHG,15,26,28.8,83.5,96.25,2984.18,54.6,57.2,25,Yes,0,,0,0.0,Emergency/Consumption,19700.0,7.0,Yes,1
SHG23237,Karnataka,Women SHG,13,10,27.3,100.0,73.11,538.02,88.0,96.5,9,Yes,1,74.1,1,22352.09,Small Business,25100.0,8.4,Yes,1
SHG23238,Andhra Pradesh,Women SHG,9,21,36.4,34.5,218.39,2633.99,54.6,48.5,14,Yes,0,,0,0.0,Small Business,11300.0,6.1,Yes,1
SHG23239,West Bengal,Farmer Producer Group,19,33,44.1,63.4,125.46,4995.53,88.2,72.7,27,Yes,1,77.1,1,17607.99,Small Business,91400.0,9.6,Yes,1
SHG23240,Uttar Pradesh,Women SHG,10,19,41.3,100.0,47.26,627.82,70.4,52.3,13,Yes,1,54.5,0,33118.64,Agriculture,11700.0,7.4,No,0
SHG23241,Kerala,Women SHG,18,41,48.2,55.7,142.46,7166.1,47.3,48.9,35,Yes,2,44.4,0,5989.62,Emergency/Consumption,39600.0,9.4,No,1
SHG23242,Maharashtra,Mixed SHG,18,23,38.8,87.6,163.39,4671.94,58.2,73.9,13,Yes,1,92.3,1,5981.37,Home Improvement,34900.0,7.8,Yes,1
SHG23243,Kerala,Women SHG,11,33,33.9,47.1,100.53,2626.02,86.2,74.1,29,Yes,1,67.6,0,14536.95,Education,56800.0,3.7,Yes,1
SHG23244,Bihar,Farmer Producer Group,19,13,48.1,58.4,48.53,872.09,90.3,61.8,11,Yes,4,52.4,0,31782.94,Agriculture,40300.0,5.8,No,0
SHG23245,Karnataka,Women SHG,13,41,23.3,31.4,132.71,3883.96,85.8,85.3,37,Yes,0,,0,0.0,Agriculture,25600.0,7.3,Yes,1
SHG23246,Telangana,Women SHG,13,20,31.0,76.8,117.47,1990.65,69.4,70.5,15,Yes,2,57.2,0,37475.32,Livestock,43000.0,10.0,Yes,0
SHG23247,Karnataka,Women SHG,14,6,38.6,58.9,52.69,255.8,65.1,86.0,5,Yes,3,35.7,0,18260.94,Home Improvement,138200.0,7.9,Yes,0
SHG23248,West Bengal,Mixed SHG,16,63,28.4,65.3,23.77,1962.83,78.9,72.7,46,Yes,1,90.7,2,31832.07,Agriculture,5000.0,6.7,No,1
SHG23249,Karnataka,Mixed SHG,16,22,47.9,60.5,110.81,3026.38,92.7,86.7,13,Yes,1,83.6,0,38558.15,Agriculture,27800.0,6.1,Yes,1
SHG23250,West Bengal,Women SHG,15,42,41.6,68.2,61.93,2723.32,86.4,87.9,22,Yes,0,,0,0.0,Agriculture,18100.0,6.8,Yes,1
SHG23251,Odisha,Women SHG,14,10,44.9,71.3,90.02,907.51,31.8,58.0,8,Yes,1,66.9,0,19002.12,Agriculture,27400.0,7.6,Yes,1
SHG23252,Kerala,Mixed SHG,12,7,34.8,82.2,32.14,196.02,54.0,89.0,6,Yes,2,86.3,3,11680.32,Livestock,11100.0,6.3,Yes,1
SHG23253,Uttar Pradesh,Women SHG,16,36,34.7,57.1,96.11,3081.95,55.0,77.5,27,Yes,1,77.0,2,7898.75,Home Improvement,14800.0,5.1,No,1
SHG23254,Tamil Nadu,Women SHG,11,11,41.2,78.9,68.79,557.71,76.3,85.3,9,No,0,,0,0.0,Emergency/Consumption,19100.0,7.1,No,1
SHG23255,Maharashtra,Women SHG,16,3,24.2,60.6,97.79,338.0,18.7,60.3,3,No,0,,0,0.0,Emergency/Consumption,18400.0,7.0,Yes,0
SHG23256,West Bengal,Farmer Producer Group,15,11,40.9,96.8,196.67,2417.0,92.7,87.0,7,Yes,1,73.4,0,15532.93,Small Business,11200.0,8.3,Yes,1
SHG23257,Telangana,Women SHG,17,17,47.4,65.2,95.2,1612.97,61.1,68.2,11,No,1,84.0,0,21535.94,Agriculture,39400.0,6.6,No,0
SHG23258,Bihar,Women SHG,15,7,56.8,85.1,97.87,843.47,94.3,78.3,4,Yes,3,85.3,0,4995.02,Livestock,35800.0,7.9,Yes,1
SHG23259,Karnataka,Women SHG,8,23,45.1,78.1,29.52,451.71,81.5,84.6,16,Yes,2,56.8,0,10846.54,Livestock,93600.0,6.8,Yes,0
SHG23260,Kerala,Women SHG,14,30,41.4,74.5,256.03,7945.53,70.8,80.6,27,Yes,2,80.9,1,3209.7,Emergency/Consumption,15500.0,5.2,Yes,1
SHG23261,Bihar,Women SHG,15,33,24.1,46.3,66.4,1754.91,71.3,92.0,26,Yes,1,91.1,1,23503.02,Emergency/Consumption,8700.0,7.7,Yes,1
SHG23262,Andhra Pradesh,Women SHG,13,12,26.8,47.1,97.12,974.2,82.5,87.3,10,Yes,0,,0,0.0,Agriculture,57000.0,9.3,Yes,0
SHG23263,Karnataka,Women SHG,8,44,38.8,63.3,71.86,1954.86,70.0,80.4,32,Yes,1,74.5,0,27429.81,Education,28900.0,6.0,No,1
SHG23264,West Bengal,Women SHG,15,24,39.3,42.6,193.68,4247.8,89.9,86.7,19,Yes,0,,0,0.0,Small Business,26200.0,8.2,No,1
SHG23265,Bihar,Women SHG,10,23,25.5,70.6,114.89,1375.38,79.3,85.5,19,Yes,0,,0,0.0,Emergency/Consumption,43500.0,6.8,Yes,1
SHG23266,Andhra Pradesh,Women SHG,13,13,36.2,61.0,79.68,918.06,89.5,85.0,11,Yes,2,58.5,0,49230.59,Livestock,51700.0,6.9,Yes,1
SHG23267,Andhra Pradesh,Women SHG,15,19,38.1,71.3,128.37,2864.26,65.8,81.2,14,Yes,4,66.8,0,25918.14,Livestock,28400.0,8.9,Yes,1
SHG23268,Kerala,Women SHG,8,14,37.9,97.1,21.18,133.52,37.7,82.3,13,Yes,4,61.5,1,6672.73,Small Business,37400.0,8.3,No,0
SHG23269,Odisha,Women SHG,13,16,33.4,72.6,33.19,393.16,61.6,78.7,13,Yes,1,87.3,0,16435.89,Home Improvement,24100.0,6.7,Yes,1
SHG23270,Andhra Pradesh,Women SHG,11,40,38.7,50.8,86.18,2342.87,70.2,90.1,21,No,1,62.3,2,1367.71,Agriculture,29000.0,9.0,No,0
SHG23271,Karnataka,Women SHG,17,13,40.6,70.6,108.41,1285.73,90.7,84.7,10,Yes,2,66.0,2,2366.59,Livestock,11000.0,8.5,Yes,1
SHG23272,Telangana,Farmer Producer Group,16,65,49.7,59.2,251.42,14616.72,92.9,88.7,50,Yes,2,81.2,0,20886.78,Home Improvement,51300.0,8.2,Yes,1
SHG23273,Karnataka,Women SHG,17,36,32.3,79.7,25.89,1061.26,82.6,40.0,33,Yes,2,89.9,0,6727.17,Agriculture,31400.0,8.3,Yes,1
SHG23274,Tamil Nadu,Farmer Producer Group,13,10,28.4,100.0,121.75,909.63,85.6,83.1,8,Yes,1,77.7,0,13626.6,Agriculture,18300.0,7.4,Yes,1
SHG23275,Kerala,Mixed SHG,11,40,21.3,76.6,314.12,10894.39,50.3,85.7,35,Yes,0,,0,0.0,Small Business,78300.0,8.8,No,0
SHG23276,Karnataka,Women SHG,16,10,33.5,87.0,313.79,3020.85,53.4,37.2,5,Yes,1,52.2,0,28776.07,Livestock,20500.0,6.8,No,0
SHG23277,Bihar,Women SHG,18,19,46.5,75.5,146.96,3616.19,92.1,87.4,16,No,1,83.9,1,17070.81,Agriculture,11400.0,6.9,No,1
SHG23278,Odisha,Women SHG,20,13,57.0,96.6,20.0,413.37,68.3,79.3,9,Yes,1,62.9,1,16490.57,Small Business,12300.0,7.2,Yes,1
SHG23279,Uttar Pradesh,Farmer Producer Group,10,31,29.2,61.2,202.86,3822.12,45.9,69.6,24,Yes,2,83.3,0,18528.53,Emergency/Consumption,14700.0,7.8,Yes,1
SHG23280,Andhra Pradesh,Mixed SHG,14,16,40.2,72.7,49.41,789.81,72.1,79.3,13,Yes,1,65.4,0,7818.36,Livestock,45400.0,7.8,Yes,0
SHG23281,Telangana,Women SHG,16,38,38.1,60.4,167.89,6514.2,78.9,74.6,29,Yes,1,80.8,0,4401.03,Emergency/Consumption,74900.0,7.2,Yes,1
SHG23282,West Bengal,Women SHG,12,9,34.0,35.4,33.65,181.74,73.9,53.7,7,Yes,1,58.4,0,13475.55,Small Business,86300.0,6.7,No,1
SHG23283,Tamil Nadu,Farmer Producer Group,19,42,25.7,68.1,116.32,4863.49,50.2,78.5,39,Yes,1,71.9,2,11663.19,Home Improvement,38200.0,8.6,No,1
SHG23284,Andhra Pradesh,Women SHG,9,37,30.1,48.0,168.47,3817.07,72.2,67.1,27,No,0,,0,0.0,Agriculture,32200.0,7.6,Yes,0
SHG23285,Kerala,Women SHG,14,20,35.1,50.9,161.32,3624.66,95.1,85.6,13,Yes,0,,0,0.0,Small Business,22800.0,7.5,Yes,0
SHG23286,Tamil Nadu,Women SHG,13,20,41.0,84.8,83.47,1754.15,91.1,87.5,15,Yes,2,86.5,0,1319.43,Agriculture,5000.0,6.8,Yes,1
SHG23287,Maharashtra,Women SHG,13,11,42.0,81.6,156.38,1350.23,79.5,75.2,7,No,3,78.0,0,40256.81,Agriculture,59700.0,6.9,Yes,1
SHG23288,Odisha,Farmer Producer Group,17,8,26.7,52.5,267.58,2489.87,58.4,66.0,5,No,0,,0,0.0,Livestock,20000.0,6.9,Yes,0
SHG23289,Telangana,Women SHG,13,16,35.3,45.6,56.51,593.12,92.4,86.5,13,Yes,1,90.5,1,10309.53,Education,39000.0,5.2,Yes,1
SHG23290,Tamil Nadu,Mixed SHG,11,43,28.9,55.6,112.87,3026.6,73.1,31.9,25,Yes,1,41.1,1,7275.7,Agriculture,25800.0,6.3,Yes,0
SHG23291,Bihar,Women SHG,8,41,42.5,54.0,87.0,1661.01,89.0,81.2,22,Yes,3,81.7,1,3688.63,Small Business,57400.0,7.1,No,1
SHG23292,Kerala,Women SHG,17,13,55.1,52.9,20.0,267.45,85.8,51.3,11,Yes,2,56.5,1,10884.73,Small Business,43000.0,7.2,Yes,1
SHG23293,Tamil Nadu,Women SHG,20,9,50.1,69.2,57.46,807.98,40.0,90.7,6,Yes,0,,0,0.0,Small Business,101600.0,6.2,Yes,1
SHG23294,Andhra Pradesh,Women SHG,9,14,45.2,65.5,82.77,659.56,71.6,84.9,7,Yes,0,,0,0.0,Small Business,61400.0,8.4,No,1
SHG23295,Tamil Nadu,Women SHG,15,51,26.8,42.1,42.77,2209.76,87.2,95.2,34,Yes,0,,0,0.0,Livestock,18600.0,8.8,Yes,1
SHG23296,Kerala,Women SHG,16,43,38.8,75.2,56.06,3212.13,94.4,84.4,37,Yes,0,,0,0.0,Agriculture,16000.0,7.4,No,1
SHG23297,Uttar Pradesh,Women SHG,15,15,43.1,45.3,34.5,418.77,66.8,76.3,8,Yes,0,,0,0.0,Small Business,17200.0,8.4,No,0
SHG23298,Maharashtra,Women SHG,14,15,41.3,21.0,20.0,217.58,69.7,67.1,12,Yes,1,85.2,1,19698.61,Small Business,15000.0,8.7,Yes,1
SHG23299,Telangana,Mixed SHG,8,21,38.2,47.7,124.0,1425.46,73.2,82.8,18,Yes,1,95.9,0,25339.4,Livestock,16500.0,3.5,No,1
SHG23300,Karnataka,Mixed SHG,10,23,38.1,61.3,20.0,263.54,65.3,75.0,16,Yes,3,79.1,0,29356.47,Education,32500.0,7.2,Yes,0
SHG23301,Tamil Nadu,Mixed SHG,9,26,27.1,51.7,89.95,1471.72,96.8,56.1,18,Yes,0,,0,0.0,Education,37600.0,5.3,No,0
SHG23302,Karnataka,Women SHG,18,18,31.7,76.9,123.4,2720.72,68.1,63.9,15,Yes,1,70.2,0,9354.78,Small Business,27200.0,6.2,No,0
SHG23303,Tamil Nadu,Mixed SHG,19,32,46.2,65.6,20.0,944.73,84.8,90.3,27,Yes,0,,0,0.0,Agriculture,5000.0,9.7,Yes,1
SHG23304,Maharashtra,Women SHG,12,4,37.3,77.3,53.08,154.48,84.6,78.1,3,Yes,0,,0,0.0,Emergency/Consumption,11700.0,6.7,Yes,1
SHG23305,Maharashtra,Women SHG,12,37,47.5,86.3,107.78,2683.3,62.1,60.3,29,Yes,2,95.1,0,25232.4,Small Business,12400.0,6.1,Yes,0
SHG23306,Uttar Pradesh,Women SHG,12,9,23.1,58.1,211.76,1783.26,54.1,58.5,7,Yes,3,96.4,0,7874.61,Small Business,39500.0,7.2,Yes,1
SHG23307,Odisha,Women SHG,8,54,24.9,61.0,297.17,8044.34,52.4,79.5,45,Yes,0,,0,0.0,Agriculture,40300.0,7.6,Yes,1
SHG23308,Tamil Nadu,Mixed SHG,13,8,39.2,54.0,164.1,1157.7,87.1,91.8,7,Yes,2,77.2,0,8239.24,Emergency/Consumption,51700.0,7.5,Yes,1
SHG23309,Maharashtra,Mixed SHG,13,8,39.0,50.5,100.35,813.68,89.1,90.9,6,Yes,2,94.5,1,11106.07,Emergency/Consumption,26000.0,6.6,No,1
SHG23310,Andhra Pradesh,Women SHG,13,45,43.1,70.2,118.93,4694.26,60.1,71.9,34,Yes,2,43.9,0,10694.21,Small Business,43200.0,9.9,Yes,0
SHG23311,West Bengal,Women SHG,18,21,24.9,63.0,198.17,5115.95,63.5,62.6,13,Yes,1,79.7,1,6514.73,Emergency/Consumption,5000.0,6.7,No,1
SHG23312,Uttar Pradesh,Women SHG,17,40,41.4,42.9,56.9,2986.19,70.8,85.1,22,Yes,2,72.0,0,19479.8,Small Business,29800.0,4.9,No,1
SHG23313,Uttar Pradesh,Women SHG,14,20,53.6,96.4,118.59,2668.74,84.1,97.7,13,Yes,0,,0,0.0,Small Business,66900.0,9.4,Yes,1
SHG23314,Maharashtra,Mixed SHG,15,28,20.0,46.3,26.13,644.94,58.0,93.8,19,Yes,1,68.4,1,5786.81,Agriculture,43900.0,10.0,No,1
SHG23315,Kerala,Women SHG,8,17,43.7,53.6,51.12,427.27,29.4,73.0,10,Yes,2,64.5,0,27114.71,Agriculture,42400.0,7.2,No,0
SHG23316,Bihar,Mixed SHG,13,28,33.1,67.2,155.11,3136.32,69.3,87.7,19,Yes,2,87.3,1,19081.33,Small Business,11200.0,5.9,Yes,1
SHG23317,Telangana,Mixed SHG,8,43,29.9,53.2,55.6,1108.9,53.1,68.6,29,Yes,3,55.1,0,18065.13,Livestock,25900.0,5.8,Yes,1
SHG23318,Telangana,Mixed SHG,11,21,45.3,90.4,73.4,1276.48,93.0,79.0,16,Yes,1,72.9,0,11259.42,Small Business,12000.0,6.4,No,1
SHG23319,Andhra Pradesh,Women SHG,9,26,37.0,53.5,23.32,356.46,48.0,65.5,13,Yes,0,,0,0.0,Home Improvement,18900.0,6.3,Yes,1
SHG23320,Kerala,Women SHG,10,22,54.7,46.0,32.28,357.05,56.9,64.7,19,Yes,2,78.2,0,1425.78,Small Business,29600.0,6.8,Yes,1
SHG23321,Odisha,Mixed SHG,13,25,30.2,99.6,48.9,968.48,82.4,93.3,22,Yes,1,65.7,0,6180.95,Agriculture,5000.0,6.2,Yes,1
SHG23322,Tamil Nadu,Mixed SHG,9,7,45.3,31.0,71.87,293.96,73.4,85.6,5,Yes,0,,0,0.0,Livestock,48000.0,6.3,No,0
SHG23323,Tamil Nadu,Women SHG,16,8,36.0,62.5,121.57,1219.78,58.5,93.0,5,Yes,1,33.5,1,16226.71,Emergency/Consumption,36700.0,6.8,Yes,0
SHG23324,Karnataka,Women SHG,15,20,25.8,100.0,207.93,4272.78,60.7,38.7,16,Yes,1,68.0,1,31689.72,Small Business,41200.0,7.5,Yes,1
SHG23325,Tamil Nadu,Farmer Producer Group,13,32,47.8,57.5,34.07,788.01,76.7,94.1,25,Yes,0,,0,0.0,Small Business,44000.0,6.6,No,1
SHG23326,Maharashtra,Mixed SHG,16,37,30.9,74.6,433.18,13562.17,79.9,85.3,21,No,2,71.6,0,15512.75,Small Business,91300.0,6.7,No,1
SHG23327,Andhra Pradesh,Women SHG,12,115,38.7,64.7,95.84,7746.69,86.5,76.2,61,Yes,2,44.2,1,9993.26,Small Business,25300.0,6.0,Yes,1
SHG23328,Karnataka,Women SHG,14,14,49.6,77.1,131.76,1717.86,82.7,83.6,11,Yes,1,52.2,1,13672.37,Home Improvement,131400.0,9.2,Yes,1
SHG23329,Andhra Pradesh,Mixed SHG,12,23,32.1,50.4,119.62,2367.62,85.4,62.2,20,Yes,0,,0,0.0,Livestock,10000.0,7.9,No,1
SHG23330,Karnataka,Farmer Producer Group,16,37,45.6,58.8,164.65,5186.42,83.5,72.0,20,Yes,0,,0,0.0,Small Business,22100.0,9.4,Yes,1
SHG23331,Tamil Nadu,Women SHG,16,54,22.2,53.2,20.0,1395.52,88.8,78.1,32,Yes,2,72.3,0,15385.97,Small Business,19800.0,4.3,No,0
SHG23332,Karnataka,Women SHG,10,26,53.4,100.0,23.34,401.41,52.9,94.8,14,Yes,2,82.2,0,36553.55,Emergency/Consumption,8900.0,6.2,Yes,1
SHG23333,Kerala,Women SHG,15,23,32.5,56.1,57.46,1129.69,68.3,80.4,20,Yes,1,70.4,0,24553.32,Agriculture,21300.0,7.5,Yes,1
SHG23334,Andhra Pradesh,Farmer Producer Group,12,35,36.5,60.5,180.15,4232.77,84.8,85.3,24,Yes,0,,0,0.0,Small Business,80300.0,7.2,Yes,1
SHG23335,Telangana,Women SHG,12,43,38.4,65.2,64.3,2197.43,62.4,60.9,30,Yes,0,,0,0.0,Agriculture,42200.0,7.2,Yes,1
SHG23336,Andhra Pradesh,Women SHG,14,50,47.8,76.4,82.06,3961.14,71.5,76.8,28,Yes,1,96.0,0,3618.31,Small Business,22400.0,4.7,Yes,1
SHG23337,Odisha,Women SHG,15,31,53.7,51.5,228.9,7486.73,73.0,93.0,24,No,3,92.8,1,16590.87,Small Business,33100.0,8.2,Yes,1
SHG23338,Karnataka,Women SHG,10,3,21.4,45.8,135.8,267.13,49.1,76.7,3,Yes,0,,0,0.0,Home Improvement,37100.0,9.1,Yes,0
SHG23339,Telangana,Women SHG,8,39,50.6,31.2,142.31,2930.98,96.8,74.5,24,Yes,1,81.3,0,14169.29,Small Business,17000.0,2.9,No,1
SHG23340,Kerala,Mixed SHG,15,57,39.0,44.3,32.55,2311.99,58.4,67.1,46,No,1,79.7,1,6025.78,Small Business,27600.0,8.5,Yes,1
SHG23341,Bihar,Women SHG,14,25,30.8,73.4,104.39,1902.4,89.7,92.9,18,Yes,0,,0,0.0,Education,32300.0,5.9,Yes,0
SHG23342,Bihar,Mixed SHG,17,50,33.3,36.7,282.76,13008.05,78.4,60.1,37,Yes,0,,0,0.0,Education,31300.0,8.6,Yes,1
SHG23343,Tamil Nadu,Women SHG,15,69,35.8,90.8,58.94,3251.14,67.2,73.8,41,Yes,0,,0,0.0,Agriculture,26500.0,7.2,Yes,1
SHG23344,Andhra Pradesh,Mixed SHG,14,45,28.0,68.5,150.89,4880.27,88.5,87.0,26,Yes,6,98.9,1,21092.12,Education,32300.0,6.5,Yes,1
SHG23345,West Bengal,Women SHG,16,14,30.8,97.4,85.17,1263.27,83.2,81.5,12,Yes,0,,0,0.0,Agriculture,39500.0,7.4,No,0
SHG23346,Bihar,Mixed SHG,13,35,32.9,70.3,111.91,3982.37,68.9,72.2,19,Yes,2,79.3,0,7580.54,Livestock,51600.0,8.2,No,1
SHG23347,Tamil Nadu,Women SHG,15,33,48.0,63.2,126.56,3275.18,40.6,90.1,27,Yes,0,,0,0.0,Home Improvement,54700.0,7.1,Yes,1
SHG23348,Maharashtra,Farmer Producer Group,18,8,39.1,38.5,47.71,410.87,48.9,70.2,5,Yes,3,88.4,0,11840.8,Emergency/Consumption,10900.0,10.0,Yes,1
SHG23349,Tamil Nadu,Women SHG,13,11,42.0,38.8,57.78,575.64,78.3,76.0,6,Yes,2,91.5,1,18114.17,Emergency/Consumption,60400.0,5.3,Yes,0
SHG23350,Karnataka,Farmer Producer Group,11,34,33.8,60.9,98.62,1848.78,26.9,95.9,20,Yes,0,,0,0.0,Small Business,16600.0,3.4,Yes,1
SHG23351,Bihar,Women SHG,10,8,48.3,76.5,158.87,843.99,81.7,91.2,5,Yes,3,90.2,0,34204.89,Agriculture,13500.0,7.9,Yes,1
SHG23352,Tamil Nadu,Mixed SHG,19,18,39.6,47.7,114.37,3013.47,83.6,61.6,16,No,1,87.3,0,3826.32,Emergency/Consumption,20600.0,6.4,No,0
SHG23353,Tamil Nadu,Women SHG,15,36,36.0,82.0,89.1,3260.1,75.1,90.6,23,Yes,1,80.8,1,10074.06,Small Business,15900.0,8.6,Yes,1
SHG23354,Kerala,Mixed SHG,14,69,34.6,69.2,128.11,6349.41,90.6,65.3,53,Yes,2,71.6,0,11869.53,Agriculture,24800.0,7.1,Yes,1
SHG23355,Odisha,Women SHG,17,28,44.1,61.4,132.21,4510.55,38.1,75.2,16,Yes,2,66.4,0,9338.31,Agriculture,17700.0,5.4,No,1
SHG23356,Kerala,Women SHG,17,50,26.5,59.2,114.51,7300.83,62.7,81.1,37,No,1,52.2,0,12643.03,Emergency/Consumption,9800.0,8.6,Yes,0
SHG23357,Telangana,Women SHG,10,70,39.5,20.9,239.43,11557.65,87.3,96.8,45,Yes,0,,0,0.0,Agriculture,15500.0,7.4,Yes,1
SHG23358,Karnataka,Mixed SHG,18,17,42.6,42.4,47.41,907.49,86.0,94.7,16,Yes,0,,0,0.0,Emergency/Consumption,58300.0,6.2,Yes,1
SHG23359,Andhra Pradesh,Women SHG,13,15,38.5,50.6,293.01,4225.63,90.2,98.7,13,Yes,2,83.0,1,3842.25,Small Business,63100.0,4.7,Yes,0
SHG23360,Bihar,Women SHG,13,17,27.7,70.5,142.21,1866.67,55.9,78.5,14,Yes,1,85.1,0,18807.19,Small Business,55100.0,8.0,Yes,1
SHG23361,Karnataka,Women SHG,16,47,48.9,100.0,151.74,6302.29,81.7,65.6,24,Yes,1,53.8,0,26211.2,Small Business,28100.0,5.3,Yes,1
SHG23362,Tamil Nadu,Women SHG,14,48,43.7,51.6,336.07,14663.33,82.2,68.0,27,Yes,2,63.6,0,16602.12,Emergency/Consumption,34100.0,8.4,No,1
SHG23363,Bihar,Women SHG,12,75,27.5,27.2,32.14,1589.53,82.7,58.1,45,Yes,1,84.2,0,13906.33,Agriculture,27000.0,6.1,Yes,1
SHG23364,Kerala,Women SHG,8,25,28.9,49.7,126.28,1323.32,86.5,84.4,18,Yes,1,40.7,0,17511.48,Small Business,13000.0,10.0,Yes,1
SHG23365,Karnataka,Women SHG,10,19,40.8,51.9,43.63,638.31,83.7,71.3,11,Yes,4,92.2,1,7478.52,Home Improvement,10300.0,3.7,Yes,1
SHG23366,Telangana,Women SHG,19,11,44.1,53.3,100.25,1261.04,70.4,67.2,7,Yes,0,,0,0.0,Small Business,22000.0,8.5,Yes,0
SHG23367,Odisha,Women SHG,13,19,34.4,75.9,72.91,1260.93,98.9,74.3,14,No,0,,0,0.0,Agriculture,18800.0,5.7,Yes,1
SHG23368,Bihar,Women SHG,12,39,43.2,37.3,70.99,2249.72,51.6,88.9,26,No,1,84.4,0,33845.99,Education,34400.0,6.0,Yes,0
SHG23369,Telangana,Farmer Producer Group,8,31,45.0,53.4,102.37,1758.19,63.5,70.2,17,Yes,0,,0,0.0,Small Business,48500.0,6.1,Yes,1
SHG23370,Andhra Pradesh,Mixed SHG,13,38,29.1,68.9,217.37,8150.65,88.4,74.2,24,Yes,2,63.6,0,9564.43,Livestock,18700.0,9.6,Yes,1
SHG23371,Telangana,Mixed SHG,15,40,46.2,57.2,20.0,647.48,65.3,54.9,33,No,3,73.9,0,17805.31,Livestock,54800.0,5.8,Yes,0
SHG23372,Odisha,Mixed SHG,11,28,32.5,42.2,223.96,3704.52,95.6,81.1,18,Yes,3,83.3,1,20140.81,Small Business,7200.0,5.9,Yes,1
SHG23373,Andhra Pradesh,Women SHG,11,8,36.4,49.5,114.72,677.24,53.8,72.8,7,Yes,1,76.0,0,8958.54,Livestock,12900.0,6.5,No,1
SHG23374,West Bengal,Women SHG,14,58,35.5,70.5,388.97,18859.32,86.6,94.6,52,Yes,1,58.9,0,8095.97,Emergency/Consumption,24100.0,6.2,Yes,1
SHG23375,Telangana,Mixed SHG,14,4,32.4,59.9,233.42,678.85,69.3,71.5,3,Yes,0,,0,0.0,Small Business,20400.0,6.8,Yes,0
SHG23376,Telangana,Women SHG,13,5,34.5,63.1,26.43,108.6,44.1,63.9,3,Yes,0,,0,0.0,Agriculture,46400.0,8.1,Yes,0
SHG23377,Kerala,Mixed SHG,19,36,41.9,60.6,186.55,9588.45,84.9,57.0,23,Yes,2,80.9,1,16815.23,Small Business,28800.0,5.7,No,1
SHG23378,Tamil Nadu,Women SHG,15,52,42.3,38.6,53.67,2714.59,48.9,84.1,42,Yes,0,,0,0.0,Small Business,24100.0,6.0,No,0
SHG23379,Telangana,Women SHG,13,54,25.9,51.2,341.38,14400.88,67.1,55.4,38,Yes,1,67.0,0,3883.93,Agriculture,47900.0,6.7,Yes,1
SHG23380,Karnataka,Women SHG,10,13,32.4,63.6,20.0,131.03,67.3,90.9,7,Yes,0,,0,0.0,Agriculture,27000.0,8.0,Yes,1
SHG23381,Tamil Nadu,Mixed SHG,10,37,37.8,56.2,87.81,2466.55,36.3,64.2,30,Yes,3,76.0,0,2906.95,Emergency/Consumption,60400.0,6.3,No,0
SHG23382,Maharashtra,Women SHG,13,31,37.6,55.3,55.23,1791.93,71.6,82.5,23,Yes,1,93.2,0,33776.52,Agriculture,70600.0,3.7,Yes,1
SHG23383,Tamil Nadu,Farmer Producer Group,13,17,35.0,46.0,66.64,1002.09,91.3,76.7,13,Yes,1,52.5,1,16162.43,Agriculture,48800.0,4.3,No,0
SHG23384,Karnataka,Mixed SHG,18,47,43.3,51.2,149.55,8775.24,66.6,60.2,44,Yes,0,,0,0.0,Home Improvement,18500.0,7.6,Yes,1
SHG23385,Kerala,Mixed SHG,14,13,53.8,80.5,274.35,3459.29,84.0,60.7,10,Yes,2,77.6,0,29639.78,Livestock,12600.0,8.0,Yes,1
SHG23386,Karnataka,Women SHG,9,18,44.6,55.2,209.72,2704.5,92.5,79.5,14,Yes,0,,0,0.0,Small Business,16000.0,5.6,Yes,1
SHG23387,Odisha,Mixed SHG,13,15,46.0,78.0,194.95,2159.06,50.6,70.6,13,Yes,1,61.3,0,3136.45,Livestock,22600.0,8.9,No,0
SHG23388,Odisha,Women SHG,12,12,39.2,45.5,82.08,824.48,55.4,89.4,9,Yes,0,,0,0.0,Livestock,41100.0,7.0,No,1
SHG23389,Tamil Nadu,Mixed SHG,12,60,30.8,42.7,96.58,4230.82,84.4,64.8,42,Yes,0,,0,0.0,Agriculture,19400.0,7.2,Yes,1
SHG23390,Telangana,Mixed SHG,16,82,43.8,100.0,245.04,21976.03,64.8,62.0,60,Yes,2,84.2,0,23226.9,Emergency/Consumption,5000.0,6.4,Yes,1
SHG23391,Tamil Nadu,Farmer Producer Group,18,5,38.5,76.3,30.45,204.36,84.2,89.2,3,Yes,0,,0,0.0,Agriculture,45100.0,3.8,No,0
SHG23392,Maharashtra,Women SHG,12,33,37.3,41.6,97.66,2469.97,91.9,81.7,28,No,1,88.7,1,18971.65,Livestock,33900.0,6.3,Yes,1
SHG23393,West Bengal,Women SHG,20,29,34.2,69.4,100.99,4304.48,79.6,68.6,21,Yes,0,,0,0.0,Agriculture,19100.0,7.6,Yes,1
SHG23394,Karnataka,Mixed SHG,15,8,36.4,38.2,135.73,1180.46,56.2,69.8,5,Yes,1,56.1,0,7786.29,Small Business,7300.0,9.8,No,1
SHG23395,West Bengal,Women SHG,11,27,43.5,75.2,241.86,5916.37,64.6,85.3,20,No,2,72.8,1,6992.57,Home Improvement,35200.0,8.1,No,1
SHG23396,Uttar Pradesh,Women SHG,16,25,27.4,70.1,20.0,505.44,83.5,81.4,20,Yes,4,86.4,0,4154.0,Small Business,46800.0,7.6,Yes,1
SHG23397,Telangana,Women SHG,15,26,45.0,66.1,50.59,1101.2,60.3,76.8,19,Yes,0,,0,0.0,Home Improvement,38500.0,6.4,No,1
SHG23398,Uttar Pradesh,Women SHG,11,83,41.3,100.0,28.74,1475.55,86.4,88.9,74,Yes,3,92.3,1,25139.67,Agriculture,21600.0,5.7,No,1
SHG23399,Telangana,Women SHG,13,29,56.8,67.2,99.34,3090.59,83.9,70.5,17,Yes,1,63.8,0,3017.8,Small Business,63200.0,5.0,No,1
SHG23400,Maharashtra,Mixed SHG,13,12,40.7,55.8,32.47,414.65,75.5,83.3,7,Yes,1,93.2,2,8958.36,Home Improvement,61000.0,5.7,No,0
SHG23401,Andhra Pradesh,Women SHG,17,55,33.5,44.8,27.35,1628.05,72.1,94.4,48,Yes,1,69.8,1,6149.82,Education,43500.0,8.3,Yes,1
SHG23402,Maharashtra,Women SHG,8,48,37.6,52.3,136.79,4320.51,74.7,89.4,42,Yes,0,,0,0.0,Home Improvement,19900.0,7.0,Yes,1
SHG23403,Bihar,Women SHG,11,15,36.9,58.4,102.61,986.77,80.8,73.7,9,Yes,4,81.1,0,15295.69,Small Business,8500.0,6.5,No,1
SHG23404,Tamil Nadu,Women SHG,11,28,35.2,80.4,20.0,474.42,47.9,80.1,17,Yes,3,89.9,0,6347.16,Agriculture,45000.0,7.9,Yes,1
SHG23405,Telangana,Women SHG,11,22,31.9,63.3,49.11,939.22,87.0,64.5,11,Yes,1,69.3,0,3291.78,Agriculture,61900.0,9.8,No,0
SHG23406,Uttar Pradesh,Women SHG,11,49,44.2,46.9,92.16,3881.93,88.3,81.2,36,Yes,0,,0,0.0,Livestock,9400.0,8.9,No,1
SHG23407,Karnataka,Mixed SHG,16,5,51.5,44.8,132.26,669.19,15.6,35.8,3,Yes,0,,0,0.0,Livestock,17500.0,6.3,No,1
SHG23408,Uttar Pradesh,Women SHG,17,28,47.2,58.8,31.36,1131.7,60.1,72.6,19,Yes,1,74.6,0,23019.81,Home Improvement,53500.0,5.9,Yes,0
SHG23409,Tamil Nadu,Women SHG,18,66,42.7,64.8,149.45,12101.88,70.8,95.0,52,Yes,2,60.0,1,16813.63,Livestock,79800.0,5.4,Yes,1
SHG23410,Tamil Nadu,Women SHG,9,43,36.8,64.9,43.65,1065.46,60.6,31.7,28,Yes,0,,0,0.0,Agriculture,41300.0,5.9,No,0
SHG23411,Tamil Nadu,Women SHG,15,13,44.3,34.3,62.27,906.6,96.5,67.9,10,Yes,2,60.4,0,17663.05,Home Improvement,10000.0,7.3,No,1
SHG23412,West Bengal,Farmer Producer Group,9,20,36.4,94.4,135.8,1653.37,65.2,51.2,15,Yes,2,55.7,0,13071.46,Agriculture,79000.0,6.2,No,1
SHG23413,Karnataka,Women SHG,12,24,43.1,70.4,190.82,4101.07,67.0,87.1,17,Yes,2,48.4,0,4869.71,Small Business,43200.0,5.7,No,1
SHG23414,Kerala,Farmer Producer Group,8,16,26.2,79.0,377.51,2982.14,66.9,67.7,14,Yes,0,,0,0.0,Small Business,15900.0,9.7,No,1
SHG23415,West Bengal,Mixed SHG,9,15,33.1,48.9,33.21,308.38,84.2,27.9,11,Yes,0,,0,0.0,Agriculture,40400.0,10.0,Yes,0
SHG23416,Maharashtra,Mixed SHG,12,16,36.4,66.7,136.88,1544.86,46.7,59.3,11,Yes,2,83.6,0,26536.71,Livestock,25700.0,8.0,Yes,1
SHG23417,Maharashtra,Women SHG,14,20,39.9,43.7,55.83,910.52,72.7,77.7,15,Yes,0,,0,0.0,Home Improvement,23900.0,7.2,Yes,1
SHG23418,Uttar Pradesh,Mixed SHG,10,29,29.5,69.2,116.03,1810.05,48.5,55.8,17,Yes,1,76.3,1,1832.49,Agriculture,82900.0,7.8,Yes,1
SHG23419,Kerala,Women SHG,17,46,37.5,59.5,156.26,7991.04,95.0,72.8,23,Yes,1,57.8,0,17047.07,Emergency/Consumption,25400.0,6.7,Yes,0
SHG23420,Maharashtra,Mixed SHG,14,26,39.1,44.6,163.59,3514.42,59.9,86.1,24,Yes,2,86.5,0,4332.26,Agriculture,7700.0,4.6,Yes,1
SHG23421,Kerala,Mixed SHG,13,7,29.1,72.0,30.03,164.54,75.0,70.2,4,Yes,0,,0,0.0,Livestock,73800.0,8.0,No,1
SHG23422,Odisha,Women SHG,8,28,38.5,50.8,135.45,2390.47,86.7,65.5,15,Yes,3,63.1,0,24337.25,Agriculture,41800.0,6.8,No,0
SHG23423,Tamil Nadu,Women SHG,16,22,42.1,55.0,278.6,6068.67,70.0,74.7,18,Yes,0,,0,0.0,Home Improvement,21200.0,7.0,No,1
SHG23424,Maharashtra,Women SHG,13,36,45.9,81.5,47.49,1489.41,96.1,82.3,22,Yes,0,,0,0.0,Agriculture,62900.0,10.0,Yes,1
SHG23425,Andhra Pradesh,Women SHG,16,32,25.6,40.4,208.73,7276.1,55.8,90.7,28,Yes,1,81.1,1,7775.26,Livestock,12200.0,5.3,No,1
SHG23426,Telangana,Farmer Producer Group,9,6,22.9,65.8,131.58,509.92,80.5,68.8,4,Yes,1,70.3,0,12147.54,Agriculture,15400.0,6.8,Yes,1
SHG23427,Uttar Pradesh,Women SHG,16,46,48.9,49.4,119.13,5722.02,52.8,58.0,35,Yes,4,97.6,0,7319.14,Livestock,16000.0,7.8,No,1
SHG23428,Karnataka,Women SHG,8,20,22.3,31.2,20.0,180.88,80.5,65.8,17,Yes,2,31.7,0,22259.39,Education,27100.0,4.0,Yes,1
SHG23429,West Bengal,Women SHG,11,40,34.4,65.4,268.32,8704.9,58.3,80.5,28,Yes,4,76.4,0,1531.87,Small Business,80500.0,6.9,Yes,1
SHG23430,West Bengal,Women SHG,15,6,37.1,72.9,36.65,271.73,71.8,87.4,4,Yes,0,,0,0.0,Small Business,34200.0,7.9,Yes,1
SHG23431,Tamil Nadu,Farmer Producer Group,15,12,44.5,46.1,173.77,2380.44,74.7,90.5,8,No,2,32.2,1,11154.38,Emergency/Consumption,91700.0,8.6,Yes,1
SHG23432,Karnataka,Women SHG,11,41,28.6,64.4,124.14,4450.19,75.7,88.1,31,Yes,1,66.3,1,19635.15,Small Business,13900.0,7.7,Yes,1
SHG23433,Andhra Pradesh,Women SHG,9,22,38.3,90.2,72.12,880.54,49.5,71.1,19,No,0,,0,0.0,Small Business,37000.0,6.7,No,0
SHG23434,West Bengal,Women SHG,9,21,44.5,70.7,251.38,3429.49,80.6,65.6,13,Yes,4,66.9,0,14331.71,Agriculture,28700.0,5.4,Yes,1
SHG23435,Telangana,Women SHG,16,38,22.0,51.2,274.1,12866.93,77.2,97.6,29,Yes,1,91.7,0,25672.39,Agriculture,41900.0,6.1,No,1
SHG23436,Kerala,Women SHG,20,11,40.9,64.3,64.72,978.6,39.8,86.7,9,Yes,2,97.1,0,30878.59,Agriculture,28700.0,5.7,Yes,1
SHG23437,Maharashtra,Women SHG,9,18,37.0,75.7,115.35,1049.4,98.5,47.5,17,No,0,,0,0.0,Small Business,44500.0,7.3,Yes,0
SHG23438,Bihar,Women SHG,14,31,32.6,45.4,124.99,4405.69,95.9,89.1,26,Yes,0,,0,0.0,Small Business,5000.0,6.8,Yes,1
SHG23439,Andhra Pradesh,Women SHG,14,11,50.4,55.9,50.4,575.75,74.6,89.1,9,Yes,1,80.4,0,8519.62,Education,5000.0,6.0,Yes,1
SHG23440,Bihar,Women SHG,12,14,31.9,84.5,20.0,174.43,84.2,77.2,10,Yes,0,,0,0.0,Agriculture,5000.0,5.0,Yes,1
SHG23441,Karnataka,Women SHG,11,19,47.1,35.4,139.89,1933.54,68.3,81.3,13,Yes,0,,0,0.0,Small Business,38600.0,8.6,Yes,0
SHG23442,West Bengal,Women SHG,14,14,36.3,37.9,185.17,2439.34,87.3,59.3,10,Yes,1,86.9,0,12358.88,Agriculture,40500.0,9.6,Yes,1
SHG23443,Andhra Pradesh,Women SHG,16,30,48.5,95.1,87.26,2400.79,59.4,64.1,25,Yes,2,75.3,0,6890.3,Emergency/Consumption,5000.0,6.6,Yes,1
SHG23444,Maharashtra,Farmer Producer Group,9,22,33.3,54.9,22.25,325.91,64.1,69.8,12,No,3,95.3,0,82192.45,Home Improvement,27700.0,4.3,Yes,0
SHG23445,Bihar,Mixed SHG,14,41,34.3,65.6,34.3,1527.66,70.2,75.6,31,Yes,0,,0,0.0,Livestock,36900.0,6.7,Yes,1
SHG23446,Tamil Nadu,Women SHG,12,22,42.9,54.7,232.09,4570.92,46.3,43.1,20,Yes,1,68.9,1,4959.96,Emergency/Consumption,59300.0,9.6,No,1
SHG23447,Odisha,Women SHG,15,19,50.6,44.9,84.0,1509.79,88.4,56.2,18,Yes,1,85.3,0,23374.26,Small Business,72300.0,8.2,Yes,1
SHG23448,Andhra Pradesh,Women SHG,10,25,41.4,80.3,87.11,1206.97,75.1,63.9,16,No,1,68.5,0,10212.3,Agriculture,33300.0,9.3,Yes,1
SHG23449,Odisha,Women SHG,13,11,26.4,63.6,168.44,1832.05,83.7,84.5,8,Yes,1,95.4,0,11407.88,Small Business,49800.0,9.3,Yes,1
SHG23450,Bihar,Mixed SHG,10,7,36.3,67.1,235.39,1309.83,87.2,54.0,4,Yes,1,79.1,0,14353.9,Livestock,20500.0,6.3,No,1
SHG23451,Maharashtra,Mixed SHG,9,16,28.8,55.1,125.36,1187.31,32.9,94.7,11,Yes,0,,0,0.0,Small Business,43600.0,7.2,Yes,1
SHG23452,Maharashtra,Women SHG,15,15,25.3,77.2,205.85,2771.16,87.1,87.1,12,Yes,1,80.4,0,3680.87,Small Business,18900.0,9.0,Yes,1
SHG23453,Bihar,Women SHG,11,20,39.9,100.0,80.89,932.35,65.9,65.9,12,Yes,0,,0,0.0,Agriculture,52300.0,7.5,Yes,1
SHG23454,Telangana,Women SHG,15,18,41.0,63.1,102.89,1764.03,79.7,68.3,12,Yes,2,95.3,0,9008.59,Small Business,15700.0,4.9,Yes,1
SHG23455,Karnataka,Women SHG,15,9,48.4,79.2,52.8,482.83,85.8,57.7,8,Yes,2,92.5,0,12814.95,Small Business,25600.0,8.7,No,1
SHG23456,Bihar,Women SHG,9,7,32.7,100.0,32.31,114.5,81.6,64.3,5,Yes,1,33.0,0,5015.68,Small Business,33100.0,4.6,Yes,1
SHG23457,Tamil Nadu,Women SHG,14,24,22.7,38.2,55.36,1049.55,78.4,75.6,15,Yes,2,66.4,0,22624.75,Emergency/Consumption,5200.0,6.7,Yes,1
SHG23458,Tamil Nadu,Women SHG,16,4,33.4,80.8,56.18,211.96,91.5,69.6,4,Yes,0,,0,0.0,Home Improvement,51900.0,6.7,No,1
SHG23459,Karnataka,Mixed SHG,17,18,45.5,57.5,58.58,1047.28,90.0,58.6,9,Yes,0,,0,0.0,Small Business,39200.0,6.8,Yes,0
SHG23460,Kerala,Women SHG,12,39,42.0,70.7,87.68,3034.44,57.7,88.3,24,No,0,,0,0.0,Small Business,15600.0,5.9,No,1
SHG23461,Bihar,Women SHG,19,14,35.9,66.3,162.99,2169.15,78.3,72.7,11,Yes,3,19.4,0,20189.44,Small Business,17700.0,10.0,Yes,1
SHG23462,West Bengal,Women SHG,17,20,39.2,39.2,238.0,5854.36,64.2,59.5,12,No,1,91.9,2,33324.27,Emergency/Consumption,35300.0,6.9,Yes,0
SHG23463,Odisha,Farmer Producer Group,15,18,26.2,47.3,153.95,3060.08,70.3,64.9,9,Yes,1,75.3,1,23395.73,Livestock,21000.0,7.3,No,1
SHG23464,Kerala,Women SHG,9,26,54.8,57.9,47.56,848.97,44.2,75.6,20,Yes,1,68.4,0,14978.35,Small Business,14100.0,7.7,Yes,1
SHG23465,Odisha,Women SHG,11,13,35.1,49.5,362.49,2672.58,68.1,78.3,7,No,1,76.2,0,16628.38,Education,10400.0,5.8,Yes,0
SHG23466,Tamil Nadu,Women SHG,18,17,41.5,96.9,147.84,2692.44,90.0,66.9,13,Yes,0,,0,0.0,Small Business,45100.0,5.2,Yes,1
SHG23467,Andhra Pradesh,Farmer Producer Group,11,31,43.7,38.3,108.61,2035.17,61.1,91.6,21,No,0,,0,0.0,Agriculture,59600.0,6.6,Yes,0
SHG23468,Tamil Nadu,Women SHG,11,26,38.0,82.9,41.2,742.39,66.8,95.4,21,Yes,1,95.7,1,12498.9,Agriculture,42800.0,7.4,Yes,0
SHG23469,Odisha,Women SHG,20,30,41.9,53.3,34.02,1610.43,82.2,98.8,15,Yes,1,73.2,0,2083.75,Agriculture,18100.0,9.0,No,0
SHG23470,Bihar,Mixed SHG,14,24,31.4,31.0,212.46,5369.59,90.8,53.5,16,No,2,87.3,0,13745.15,Emergency/Consumption,17400.0,6.1,No,1
SHG23471,Maharashtra,Mixed SHG,16,38,47.5,62.8,54.37,1723.33,71.3,66.5,23,Yes,0,,0,0.0,Small Business,51900.0,7.5,Yes,1
SHG23472,Karnataka,Women SHG,15,27,34.4,57.9,32.81,869.05,95.5,57.2,25,Yes,2,69.2,0,4766.43,Livestock,9100.0,4.8,No,0
SHG23473,Tamil Nadu,Women SHG,15,37,53.9,53.3,71.78,3279.62,84.6,66.0,30,Yes,4,77.9,0,13121.99,Livestock,69000.0,5.8,Yes,1
SHG23474,Odisha,Women SHG,9,34,28.7,43.6,45.16,832.44,40.2,86.2,24,Yes,2,63.5,0,14014.1,Livestock,22900.0,6.2,No,0
SHG23475,Telangana,Mixed SHG,10,18,42.4,61.0,79.33,962.96,68.5,83.3,11,Yes,1,81.2,0,16331.04,Small Business,84700.0,6.3,Yes,1
SHG23476,West Bengal,Women SHG,15,17,21.0,47.4,200.26,3907.28,76.1,62.4,13,Yes,1,40.2,0,7058.1,Agriculture,73700.0,6.2,No,1
SHG23477,Bihar,Women SHG,16,37,31.7,69.6,341.09,10109.4,77.5,93.5,27,Yes,2,69.7,1,11987.1,Agriculture,58300.0,8.2,No,0
SHG23478,Odisha,Women SHG,16,13,38.9,89.1,184.95,1965.28,66.3,84.6,9,No,1,89.2,0,7926.9,Emergency/Consumption,47500.0,6.0,No,1
SHG23479,Tamil Nadu,Women SHG,15,3,34.6,85.3,20.0,57.25,85.8,90.2,2,Yes,0,,0,0.0,Agriculture,5600.0,5.8,Yes,1
SHG23480,Odisha,Mixed SHG,15,14,40.7,95.8,98.76,1585.47,34.1,77.5,8,Yes,0,,0,0.0,Emergency/Consumption,51800.0,8.1,No,0
SHG23481,Karnataka,Women SHG,10,8,48.3,74.0,321.42,1659.01,84.6,73.3,4,Yes,3,65.2,0,29509.98,Agriculture,25500.0,6.3,No,1
SHG23482,Bihar,Women SHG,11,25,43.5,61.4,45.17,955.18,78.3,65.2,16,Yes,0,,0,0.0,Emergency/Consumption,10100.0,6.7,Yes,0
SHG23483,Andhra Pradesh,Women SHG,15,28,43.7,54.7,44.04,947.7,70.7,53.6,25,No,1,76.3,0,18787.27,Small Business,10000.0,7.4,Yes,1
SHG23484,Bihar,Mixed SHG,13,57,40.4,76.5,62.12,3048.95,55.8,81.8,37,Yes,1,75.4,0,9373.85,Agriculture,15900.0,6.3,Yes,1
SHG23485,Uttar Pradesh,Women SHG,10,17,28.9,52.9,120.8,1599.53,60.1,84.1,9,Yes,2,92.8,1,28235.44,Small Business,38000.0,8.0,Yes,0
SHG23486,Odisha,Women SHG,13,42,34.4,58.9,105.8,2917.25,68.0,70.5,32,No,3,56.2,0,19860.77,Small Business,31300.0,8.2,No,1
SHG23487,West Bengal,Women SHG,16,11,43.8,67.3,20.0,236.85,67.6,76.5,10,Yes,0,,0,0.0,Small Business,51100.0,5.4,Yes,1
SHG23488,Tamil Nadu,Farmer Producer Group,15,44,47.7,96.0,118.54,4737.52,75.0,76.6,30,Yes,3,71.0,1,8902.19,Agriculture,25100.0,3.2,Yes,1
SHG23489,Maharashtra,Women SHG,15,17,38.8,49.2,41.99,854.65,59.6,73.4,9,Yes,1,84.8,0,35266.76,Agriculture,8100.0,6.4,Yes,1
SHG23490,Andhra Pradesh,Women SHG,8,26,53.7,42.5,193.91,2750.61,87.0,78.4,20,Yes,2,82.8,1,11877.72,Livestock,11600.0,9.1,Yes,1
SHG23491,Odisha,Women SHG,11,47,30.4,61.1,64.16,1680.69,63.4,65.1,25,Yes,0,,0,0.0,Small Business,75100.0,3.7,Yes,1
SHG23492,Maharashtra,Women SHG,11,11,24.7,66.1,20.0,195.02,61.4,57.5,10,Yes,0,,0,0.0,Small Business,39100.0,8.2,Yes,1
SHG23493,Karnataka,Women SHG,13,20,47.8,24.0,73.72,1395.92,51.8,65.6,11,Yes,0,,0,0.0,Agriculture,14900.0,7.1,Yes,0
SHG23494,Telangana,Women SHG,11,68,42.2,72.1,35.07,1761.43,68.3,67.4,37,Yes,2,60.1,1,7689.99,Small Business,33100.0,5.8,No,1
SHG23495,Uttar Pradesh,Women SHG,17,43,39.3,49.3,65.07,2483.07,85.7,32.7,25,Yes,2,65.9,1,31063.2,Small Business,75700.0,7.0,Yes,1
SHG23496,Tamil Nadu,Women SHG,15,40,36.6,92.0,96.67,4069.7,94.4,86.5,22,Yes,2,77.2,0,40151.06,Small Business,47000.0,9.5,No,0
SHG23497,Telangana,Women SHG,13,35,37.7,77.8,51.27,1356.35,34.6,73.2,26,Yes,2,57.4,0,12240.09,Small Business,32600.0,7.0,Yes,1
SHG23498,Odisha,Women SHG,15,28,37.3,49.8,62.72,1592.72,88.5,70.5,23,Yes,1,80.7,0,9565.13,Home Improvement,36900.0,7.9,No,0
SHG23499,Tamil Nadu,Mixed SHG,14,56,20.0,57.2,108.95,6704.67,72.8,91.4,43,Yes,1,73.8,0,3941.17,Small Business,23900.0,6.7,Yes,1
SHG23500,Bihar,Mixed SHG,20,68,27.3,54.4,203.8,16980.94,72.6,48.3,59,Yes,3,74.7,1,26445.7,Agriculture,17300.0,6.1,Yes,1
SHG23501,Uttar Pradesh,Women SHG,13,7,33.7,43.9,63.85,375.19,58.7,72.8,6,Yes,5,76.1,0,10915.54,Home Improvement,24500.0,7.3,Yes,0
SHG23502,Kerala,Women SHG,11,14,64.8,56.4,93.69,977.85,92.1,29.8,8,Yes,2,95.7,1,5156.57,Small Business,14100.0,7.1,Yes,1
SHG23503,Uttar Pradesh,Women SHG,12,54,50.6,70.7,101.56,3879.02,97.3,88.1,29,Yes,2,57.5,0,20921.65,Agriculture,45300.0,6.2,Yes,0
SHG23504,Telangana,Women SHG,9,4,43.5,45.2,98.32,285.75,72.2,91.4,4,Yes,0,,0,0.0,Home Improvement,54100.0,4.9,Yes,1
SHG23505,Tamil Nadu,Women SHG,16,125,31.2,75.0,75.43,8186.03,77.0,85.0,92,Yes,2,50.9,0,11497.18,Agriculture,56000.0,6.3,Yes,1
SHG23506,Tamil Nadu,Women SHG,17,59,37.1,55.7,56.51,3260.78,81.2,78.7,50,Yes,0,,0,0.0,Agriculture,38700.0,6.2,Yes,0
SHG23507,Uttar Pradesh,Women SHG,9,19,33.5,46.2,21.09,260.61,49.5,84.8,17,Yes,0,,0,0.0,Home Improvement,105900.0,5.1,No,0
SHG23508,Bihar,Mixed SHG,16,16,26.6,53.8,104.91,2104.52,80.8,73.9,9,Yes,2,63.6,1,18180.34,Emergency/Consumption,57400.0,7.1,Yes,1
SHG23509,Bihar,Women SHG,12,8,26.0,59.1,46.28,333.15,65.9,94.2,7,No,1,60.6,0,9470.92,Emergency/Consumption,10800.0,6.9,Yes,1
SHG23510,Telangana,Women SHG,15,15,21.8,97.0,201.62,3469.6,78.7,84.8,14,Yes,1,91.4,0,13442.61,Agriculture,12800.0,5.7,No,1
SHG23511,Kerala,Women SHG,19,27,36.1,47.8,90.63,2403.42,78.8,82.2,15,Yes,1,91.3,1,19673.6,Livestock,21900.0,5.7,Yes,1
SHG23512,Maharashtra,Mixed SHG,10,96,26.9,68.6,20.0,1094.38,35.7,94.9,77,Yes,2,91.3,0,12134.94,Livestock,14000.0,5.6,No,1
SHG23513,Uttar Pradesh,Mixed SHG,9,16,50.5,70.5,120.09,1283.37,69.4,97.7,11,Yes,0,,0,0.0,Agriculture,7600.0,5.6,No,1
SHG23514,Uttar Pradesh,Women SHG,14,16,43.7,81.8,174.45,3164.0,93.1,93.0,15,Yes,2,55.7,0,7214.61,Small Business,75100.0,6.9,Yes,0
SHG23515,Telangana,Farmer Producer Group,10,48,34.0,64.6,20.05,619.83,44.9,68.5,33,Yes,0,,0,0.0,Agriculture,17300.0,8.1,No,1
SHG23516,Andhra Pradesh,Mixed SHG,11,25,42.9,49.1,180.85,3751.62,53.7,76.8,18,Yes,2,81.9,2,23256.93,Agriculture,14600.0,6.5,Yes,1
SHG23517,Uttar Pradesh,Women SHG,11,20,44.2,39.7,132.94,2111.93,54.4,85.6,16,Yes,1,80.6,0,14425.37,Agriculture,21800.0,4.3,Yes,1
SHG23518,Andhra Pradesh,Mixed SHG,14,75,40.6,51.0,175.39,12067.68,49.0,51.6,60,Yes,1,86.9,1,14584.36,Agriculture,63300.0,7.5,No,1
SHG23519,Telangana,Mixed SHG,16,18,28.9,72.6,24.44,436.03,46.9,87.1,10,Yes,0,,0,0.0,Small Business,7000.0,5.7,Yes,1
SHG23520,Telangana,Mixed SHG,12,69,44.4,58.9,215.34,14133.43,79.7,66.9,38,Yes,1,64.4,0,10372.97,Small Business,8900.0,6.2,No,0
SHG23521,Karnataka,Women SHG,17,70,39.1,73.7,46.33,3514.97,61.1,91.9,58,Yes,1,69.6,0,16731.38,Agriculture,25200.0,8.4,No,1
SHG23522,Karnataka,Women SHG,10,52,65.0,45.2,64.94,2503.99,86.2,59.1,35,Yes,4,66.0,0,22551.08,Livestock,27600.0,5.2,Yes,1
SHG23523,Kerala,Women SHG,15,52,24.7,73.4,46.98,2828.55,84.9,81.0,37,Yes,1,81.5,0,4615.8,Livestock,17900.0,7.4,Yes,1
SHG23524,Maharashtra,Women SHG,10,60,34.0,54.4,140.01,5559.86,69.7,95.0,50,Yes,4,69.8,0,3349.97,Agriculture,16400.0,6.7,Yes,1
SHG23525,Telangana,Mixed SHG,9,29,31.2,82.3,130.52,1849.31,72.9,57.5,26,Yes,2,92.4,0,9124.76,Small Business,54200.0,7.3,Yes,1
SHG23526,Telangana,Women SHG,16,23,41.3,48.6,39.18,1085.75,52.7,96.2,22,Yes,1,90.3,0,26570.48,Livestock,37100.0,8.2,No,1
SHG23527,Tamil Nadu,Women SHG,12,43,37.5,49.8,112.08,3511.26,78.3,72.5,37,Yes,2,84.0,0,6179.95,Small Business,17400.0,10.0,Yes,1
SHG23528,Telangana,Women SHG,14,35,35.2,65.1,104.07,2653.47,37.7,67.0,31,Yes,0,,0,0.0,Livestock,19900.0,7.2,No,1
SHG23529,Andhra Pradesh,Women SHG,9,7,35.5,30.4,126.37,496.9,68.2,88.3,5,Yes,0,,0,0.0,Agriculture,16000.0,7.8,No,0
SHG23530,West Bengal,Women SHG,12,26,36.6,66.8,123.65,2439.15,92.5,94.7,13,Yes,3,86.8,1,4094.19,Small Business,10900.0,5.6,Yes,1
SHG23531,Odisha,Mixed SHG,16,17,41.2,59.7,134.61,2823.15,99.1,86.8,14,Yes,1,80.6,0,11764.43,Education,50300.0,7.1,Yes,1
SHG23532,Odisha,Women SHG,15,31,49.0,49.2,137.52,4661.45,73.2,63.4,21,Yes,2,62.7,0,6791.88,Agriculture,9800.0,5.2,Yes,1
SHG23533,Karnataka,Women SHG,12,18,32.5,78.0,221.86,3430.0,73.9,88.3,12,Yes,4,66.1,0,18733.24,Education,83500.0,4.1,Yes,1
SHG23534,Kerala,Women SHG,9,51,44.3,86.0,106.14,2537.98,79.2,58.6,37,Yes,1,46.4,0,9494.12,Livestock,48700.0,8.4,Yes,1
SHG23535,Tamil Nadu,Women SHG,15,33,49.8,47.6,98.88,3989.53,65.2,85.0,28,Yes,1,74.1,1,33276.77,Small Business,12800.0,6.5,No,1
SHG23536,Telangana,Women SHG,11,19,26.4,64.0,180.56,2478.74,85.8,64.5,10,Yes,0,,0,0.0,Education,45200.0,6.2,Yes,1
SHG23537,West Bengal,Women SHG,13,17,47.9,44.3,159.27,2566.61,86.9,51.8,15,Yes,0,,0,0.0,Small Business,55200.0,6.5,Yes,1
SHG23538,Tamil Nadu,Mixed SHG,10,19,28.2,50.2,83.22,886.79,89.7,65.3,16,Yes,0,,0,0.0,Livestock,9300.0,9.6,Yes,1
SHG23539,Kerala,Mixed SHG,12,40,32.4,59.6,137.51,3814.32,58.4,81.5,21,Yes,2,77.1,0,2295.18,Agriculture,8200.0,7.8,Yes,1
SHG23540,Telangana,Women SHG,20,31,31.1,90.0,150.18,5312.61,72.1,68.8,21,Yes,1,86.8,0,20240.69,Agriculture,18700.0,5.5,Yes,1
SHG23541,Maharashtra,Women SHG,8,95,42.4,66.6,52.36,2017.25,54.7,90.3,82,Yes,0,,0,0.0,Agriculture,9100.0,6.8,No,0
SHG23542,Odisha,Women SHG,15,9,24.6,100.0,198.85,1700.59,77.7,81.8,5,Yes,1,89.9,0,2015.82,Small Business,25600.0,9.0,Yes,0
SHG23543,Uttar Pradesh,Women SHG,12,23,32.0,45.7,70.82,1366.67,76.5,81.8,20,Yes,0,,0,0.0,Livestock,86000.0,6.7,Yes,1
SHG23544,Maharashtra,Mixed SHG,11,51,36.4,92.6,126.37,5790.31,89.9,78.0,38,Yes,1,94.2,1,3929.24,Small Business,37600.0,8.8,Yes,1
SHG23545,Odisha,Women SHG,17,18,41.3,46.0,67.65,1634.47,96.3,64.4,12,Yes,1,65.0,0,16079.32,Home Improvement,36100.0,8.3,Yes,1
SHG23546,Uttar Pradesh,Farmer Producer Group,13,15,38.5,80.2,64.95,904.57,70.6,76.1,10,Yes,1,53.7,0,23471.84,Home Improvement,56200.0,10.0,No,1
SHG23547,Tamil Nadu,Women SHG,15,22,41.7,34.2,331.38,8487.33,79.0,87.9,20,Yes,1,84.8,0,36283.44,Small Business,16400.0,6.7,No,1
SHG23548,Tamil Nadu,Women SHG,13,44,42.6,45.8,239.17,7066.89,93.9,76.7,37,Yes,1,54.9,0,30209.88,Small Business,24300.0,6.5,Yes,1
SHG23549,Telangana,Women SHG,13,44,48.1,43.0,100.39,4290.93,75.0,81.6,24,Yes,6,79.3,2,44277.43,Livestock,28900.0,6.9,Yes,1
SHG23550,Andhra Pradesh,Women SHG,15,101,37.1,48.5,33.26,3617.41,75.3,38.7,53,Yes,1,66.5,0,29738.9,Livestock,19500.0,7.5,No,1
SHG23551,Karnataka,Women SHG,8,13,39.2,55.7,76.08,505.15,68.9,43.9,8,Yes,3,77.0,0,37749.91,Agriculture,82100.0,6.4,No,1
SHG23552,West Bengal,Women SHG,11,31,23.5,42.4,76.03,1778.45,71.4,65.0,23,Yes,1,57.0,0,5388.62,Agriculture,21400.0,7.5,Yes,1
SHG23553,Telangana,Women SHG,14,9,36.8,74.4,176.1,1238.51,59.5,91.3,7,Yes,2,56.5,0,8352.89,Agriculture,35700.0,9.6,Yes,1
SHG23554,Maharashtra,Women SHG,12,18,27.2,48.7,294.56,5046.84,80.7,89.2,11,Yes,2,73.2,0,19571.43,Livestock,19900.0,8.1,No,1
SHG23555,Andhra Pradesh,Women SHG,14,33,36.8,49.0,20.0,508.94,62.5,80.7,27,Yes,2,79.7,0,7764.86,Agriculture,53700.0,9.0,No,1
SHG23556,Maharashtra,Women SHG,11,50,31.1,64.7,207.35,9490.42,78.9,57.4,46,No,0,,0,0.0,Education,11300.0,4.2,No,1
SHG23557,Bihar,Women SHG,14,13,39.2,52.8,174.31,1975.62,86.9,72.8,10,Yes,1,86.8,0,24589.65,Small Business,53200.0,6.4,Yes,1
SHG23558,Bihar,Women SHG,17,11,32.1,30.5,51.14,561.96,88.4,85.6,9,No,1,77.8,0,12077.01,Agriculture,28900.0,4.8,Yes,0
SHG23559,Maharashtra,Women SHG,9,36,40.8,43.6,72.73,1249.76,47.4,85.8,20,Yes,0,,0,0.0,Agriculture,40600.0,7.1,Yes,1
SHG23560,Bihar,Women SHG,12,6,29.1,55.9,70.15,264.61,74.8,67.7,5,No,0,,0,0.0,Livestock,19600.0,7.5,No,0
SHG23561,Telangana,Women SHG,19,21,38.1,56.2,101.91,2082.1,78.0,71.5,19,No,2,67.9,0,9005.03,Education,6600.0,7.2,Yes,1
SHG23562,Andhra Pradesh,Women SHG,12,20,32.6,72.6,20.0,290.38,54.9,48.6,11,Yes,2,56.9,0,20231.84,Home Improvement,46800.0,9.8,Yes,1
SHG23563,Karnataka,Farmer Producer Group,13,22,36.3,36.6,317.97,5806.75,72.2,83.9,12,Yes,2,85.4,0,13969.0,Agriculture,9800.0,7.4,Yes,1
SHG23564,Maharashtra,Farmer Producer Group,14,56,35.0,100.0,37.35,2328.59,84.3,72.6,51,Yes,3,61.8,0,18848.67,Small Business,23600.0,7.7,Yes,1
SHG23565,Kerala,Farmer Producer Group,9,10,26.6,33.4,291.3,1402.55,85.1,49.4,8,Yes,1,55.1,0,415.42,Small Business,20300.0,6.7,Yes,1
SHG23566,Bihar,Women SHG,14,19,40.2,77.8,71.94,1098.65,75.4,63.0,12,Yes,2,88.7,0,7407.41,Home Improvement,39400.0,7.1,No,0
SHG23567,Bihar,Mixed SHG,9,10,39.0,65.3,58.26,353.92,61.0,88.9,7,No,2,73.9,0,31949.51,Education,5000.0,5.4,No,1
SHG23568,Tamil Nadu,Women SHG,19,40,33.4,65.7,59.86,2393.45,86.7,85.5,29,Yes,1,88.1,0,6490.3,Education,31900.0,7.8,Yes,1
SHG23569,Maharashtra,Women SHG,14,77,29.6,55.6,207.57,17182.27,72.8,53.2,68,Yes,0,,0,0.0,Emergency/Consumption,24100.0,7.2,Yes,1
SHG23570,Bihar,Mixed SHG,15,48,55.9,94.5,37.78,2234.02,83.4,82.7,31,Yes,1,79.8,0,23137.97,Agriculture,14200.0,8.8,Yes,1
SHG23571,Odisha,Women SHG,17,12,34.6,65.1,285.86,3824.71,44.2,88.3,6,Yes,1,73.6,1,27320.63,Home Improvement,64600.0,6.9,Yes,1
SHG23572,Uttar Pradesh,Mixed SHG,18,40,38.3,49.3,20.0,861.76,76.4,71.8,29,No,1,83.4,1,45319.58,Emergency/Consumption,86200.0,8.0,No,0
SHG23573,Maharashtra,Women SHG,8,6,36.9,65.1,126.55,473.07,69.8,51.2,5,Yes,0,,0,0.0,Emergency/Consumption,37800.0,5.3,Yes,1
SHG23574,Andhra Pradesh,Women SHG,20,25,30.9,53.8,49.22,1251.99,89.6,50.5,20,Yes,1,67.4,0,2355.42,Emergency/Consumption,29500.0,5.9,No,1
SHG23575,Kerala,Women SHG,12,21,34.9,79.0,307.05,5756.38,89.3,43.5,19,Yes,1,94.1,0,16324.57,Education,52600.0,6.8,No,1
SHG23576,Andhra Pradesh,Women SHG,10,3,42.7,75.1,87.7,153.26,81.0,86.3,2,Yes,0,,0,0.0,Livestock,19400.0,8.3,Yes,1
SHG23577,Maharashtra,Women SHG,14,76,32.0,46.2,216.23,16850.71,88.6,57.0,41,Yes,1,90.8,0,7049.55,Small Business,72400.0,8.8,No,1
SHG23578,West Bengal,Women SHG,11,29,35.5,78.2,133.97,3080.37,83.6,86.2,15,Yes,1,83.4,0,10108.3,Emergency/Consumption,12100.0,8.3,Yes,1
SHG23579,West Bengal,Women SHG,12,60,51.3,42.3,50.52,1872.34,90.9,81.5,45,Yes,0,,0,0.0,Livestock,40800.0,8.8,Yes,1
SHG23580,Uttar Pradesh,Women SHG,10,28,38.6,68.9,160.53,3601.73,74.8,80.9,25,Yes,2,68.5,0,4309.0,Livestock,30300.0,9.0,No,1
SHG23581,West Bengal,Women SHG,19,37,47.4,64.3,255.75,13077.39,73.1,77.9,25,Yes,2,54.7,0,26401.56,Small Business,14100.0,6.7,Yes,1
SHG23582,Karnataka,Women SHG,15,98,40.0,45.1,177.7,19292.85,68.1,68.3,68,No,1,89.6,0,18135.03,Education,59000.0,8.2,Yes,1
SHG23583,Karnataka,Farmer Producer Group,16,7,30.3,44.8,148.89,1150.05,86.7,60.2,5,Yes,2,64.3,0,8274.88,Agriculture,16900.0,6.9,Yes,1
SHG23584,Tamil Nadu,Women SHG,11,14,56.7,65.1,20.0,181.34,82.8,55.4,13,No,0,,0,0.0,Emergency/Consumption,36100.0,7.5,Yes,1
SHG23585,Bihar,Women SHG,11,21,30.7,71.8,20.0,378.76,92.7,63.0,16,Yes,0,,0,0.0,Agriculture,35300.0,8.3,No,1
SHG23586,Kerala,Women SHG,11,36,27.4,67.3,206.03,5351.67,94.3,83.5,22,Yes,3,91.6,1,26425.49,Agriculture,43700.0,8.3,Yes,1
SHG23587,Telangana,Mixed SHG,10,41,50.5,95.0,53.69,1234.3,82.6,50.8,24,Yes,1,69.0,1,18363.21,Livestock,84600.0,5.0,No,1
SHG23588,Tamil Nadu,Women SHG,9,36,36.9,58.5,184.67,3405.15,74.3,79.0,21,Yes,1,74.5,0,23213.21,Livestock,79200.0,8.5,Yes,1
SHG23589,Karnataka,Farmer Producer Group,13,24,47.0,70.8,105.39,2234.77,79.2,87.8,23,Yes,3,65.7,0,28004.18,Livestock,37600.0,5.7,Yes,0
SHG23590,Karnataka,Women SHG,8,31,37.9,73.4,117.29,1604.07,85.2,53.0,26,Yes,0,,0,0.0,Small Business,18500.0,6.3,No,1
SHG23591,Bihar,Women SHG,14,4,34.0,47.4,122.31,481.12,83.0,61.9,4,Yes,0,,0,0.0,Small Business,15700.0,5.9,Yes,0
SHG23592,Telangana,Women SHG,8,13,34.6,60.3,44.4,245.82,58.5,84.9,11,Yes,0,,0,0.0,Emergency/Consumption,25300.0,8.1,Yes,1
SHG23593,Karnataka,Women SHG,13,27,41.9,59.5,40.04,758.58,68.6,81.5,22,Yes,0,,0,0.0,Small Business,18200.0,7.1,Yes,1
SHG23594,Telangana,Women SHG,11,25,44.8,57.6,46.04,835.57,57.0,77.2,19,Yes,1,92.9,1,20623.96,Livestock,23500.0,5.0,Yes,1
SHG23595,Karnataka,Women SHG,14,85,41.8,77.6,60.24,3646.78,77.0,90.4,45,Yes,0,,0,0.0,Education,17000.0,6.6,Yes,1
SHG23596,Uttar Pradesh,Women SHG,12,58,44.3,51.5,110.05,5409.45,81.6,31.5,42,Yes,1,69.1,0,27180.1,Emergency/Consumption,32400.0,6.4,Yes,1
SHG23597,Karnataka,Women SHG,13,13,48.5,48.3,264.1,3068.89,69.2,77.0,12,Yes,1,64.5,0,16003.59,Home Improvement,42200.0,5.0,Yes,1
SHG23598,Karnataka,Women SHG,17,9,50.2,67.3,309.18,3787.2,44.0,55.8,8,No,3,83.3,0,43470.71,Small Business,25000.0,10.0,Yes,0
SHG23599,Karnataka,Women SHG,12,31,43.3,22.5,41.28,814.9,21.9,72.3,22,No,0,,0,0.0,Small Business,27600.0,6.6,No,0
SHG23600,Telangana,Women SHG,11,52,32.8,50.2,114.63,4438.03,86.3,91.9,29,Yes,3,39.7,0,3967.97,Small Business,29900.0,7.8,No,1
SHG23601,Tamil Nadu,Women SHG,11,84,42.4,74.2,65.42,3265.43,39.8,78.4,55,Yes,1,71.7,0,11301.15,Emergency/Consumption,104600.0,6.9,Yes,1
SHG23602,Andhra Pradesh,Women SHG,12,17,47.0,32.3,23.56,309.64,84.5,85.8,15,Yes,0,,0,0.0,Home Improvement,31700.0,7.8,Yes,1
SHG23603,Kerala,Women SHG,14,28,25.8,64.2,57.12,1224.27,67.1,87.9,23,Yes,1,76.6,0,3543.94,Livestock,31600.0,8.5,No,0
SHG23604,Tamil Nadu,Women SHG,8,5,37.7,71.1,177.35,535.52,77.2,74.3,5,Yes,0,,0,0.0,Home Improvement,29900.0,9.0,Yes,1
SHG23605,Kerala,Women SHG,14,12,49.9,72.4,112.71,1289.11,51.3,69.9,11,Yes,1,85.4,0,16703.96,Education,5000.0,3.6,Yes,0
SHG23606,Telangana,Mixed SHG,14,80,46.1,61.1,142.59,10771.89,76.0,72.4,62,Yes,1,82.4,0,5287.25,Agriculture,64800.0,4.3,No,0
SHG23607,Andhra Pradesh,Women SHG,10,23,29.3,47.6,43.34,613.89,58.5,56.3,18,Yes,1,85.6,0,10857.3,Small Business,44700.0,5.3,Yes,1
SHG23608,Karnataka,Women SHG,14,31,37.9,38.5,151.61,5049.91,87.7,72.6,29,Yes,3,89.8,0,2090.1,Education,58800.0,8.1,Yes,1
SHG23609,Karnataka,Women SHG,10,60,33.5,88.0,26.72,1325.45,61.4,97.0,45,Yes,1,80.9,0,22627.53,Livestock,19500.0,7.1,Yes,1
SHG23610,Karnataka,Mixed SHG,16,59,21.2,72.2,506.89,38011.11,73.2,97.5,47,Yes,3,76.7,1,3550.52,Agriculture,43100.0,6.9,Yes,1
SHG23611,Tamil Nadu,Women SHG,14,10,29.1,75.8,142.59,1016.5,39.8,70.0,6,Yes,2,95.3,1,6304.03,Home Improvement,12600.0,9.2,Yes,1
SHG23612,Tamil Nadu,Women SHG,14,10,27.6,100.0,93.29,793.73,65.6,85.0,8,Yes,2,86.7,1,30237.91,Agriculture,25400.0,6.5,No,0
SHG23613,Kerala,Women SHG,16,42,34.2,62.9,59.61,2416.76,58.4,51.9,27,Yes,0,,0,0.0,Small Business,12800.0,6.9,Yes,1
SHG23614,Bihar,Women SHG,11,52,45.0,42.2,289.82,10042.79,80.5,75.4,37,Yes,1,94.6,1,16413.64,Small Business,43500.0,5.7,Yes,1
SHG23615,Uttar Pradesh,Women SHG,19,18,48.7,51.2,150.01,2676.08,66.0,68.5,13,Yes,1,46.5,2,11938.12,Home Improvement,66000.0,8.0,Yes,1
SHG23616,Maharashtra,Women SHG,10,69,30.3,49.1,67.43,2696.75,79.9,79.4,45,Yes,0,,0,0.0,Emergency/Consumption,11300.0,6.9,No,1
SHG23617,West Bengal,Women SHG,14,21,32.1,62.0,168.57,3275.94,74.7,64.8,18,No,2,86.7,1,10295.62,Home Improvement,51900.0,5.5,No,0
SHG23618,Bihar,Farmer Producer Group,20,24,35.5,49.4,132.29,3273.54,71.7,94.7,22,Yes,0,,0,0.0,Small Business,55500.0,6.8,No,1
SHG23619,Telangana,Mixed SHG,14,21,20.0,71.4,44.81,914.25,61.0,63.7,14,Yes,3,83.4,1,4971.59,Small Business,6100.0,7.8,Yes,1
SHG23620,Andhra Pradesh,Women SHG,14,19,34.3,49.3,36.31,614.38,45.6,85.5,17,Yes,2,88.4,1,3402.56,Livestock,22200.0,9.3,Yes,1
SHG23621,Tamil Nadu,Mixed SHG,10,19,48.0,10.0,124.07,1602.36,83.1,61.1,18,Yes,1,68.4,0,23837.26,Emergency/Consumption,45500.0,9.0,No,1
SHG23622,Odisha,Mixed SHG,14,4,48.9,61.2,140.07,509.07,88.9,80.3,4,Yes,0,,0,0.0,Emergency/Consumption,10300.0,7.5,Yes,0
SHG23623,Tamil Nadu,Women SHG,11,32,40.4,47.9,96.01,2210.94,72.5,85.3,17,Yes,0,,0,0.0,Small Business,7200.0,8.7,Yes,1
SHG23624,Telangana,Women SHG,16,74,45.3,43.4,56.32,3824.17,86.6,92.8,52,Yes,1,87.2,1,38081.45,Education,11100.0,6.2,Yes,1
SHG23625,Kerala,Farmer Producer Group,12,5,49.8,73.6,96.29,347.48,88.6,42.7,3,Yes,0,,0,0.0,Emergency/Consumption,53800.0,7.4,Yes,1
SHG23626,Odisha,Women SHG,16,66,47.5,43.3,59.54,5004.68,80.1,52.0,41,Yes,3,54.3,1,4432.52,Agriculture,85600.0,7.2,No,1
SHG23627,Telangana,Mixed SHG,11,17,45.3,74.2,273.59,2887.76,92.9,62.1,13,Yes,0,,0,0.0,Home Improvement,20200.0,9.2,No,1
SHG23628,Bihar,Farmer Producer Group,15,38,37.9,53.8,45.2,1464.7,94.6,52.5,29,Yes,0,,0,0.0,Agriculture,40000.0,6.6,Yes,0
SHG23629,Odisha,Farmer Producer Group,14,33,39.3,83.4,106.69,3378.66,34.6,93.3,27,Yes,0,,0,0.0,Small Business,61400.0,7.8,Yes,1
SHG23630,Tamil Nadu,Women SHG,18,22,37.3,66.1,133.54,4245.43,63.1,76.9,19,Yes,2,74.7,0,30204.95,Agriculture,31600.0,8.1,Yes,1
SHG23631,Uttar Pradesh,Women SHG,13,41,45.0,39.4,112.51,3990.91,48.3,72.1,38,Yes,1,77.0,0,7714.8,Emergency/Consumption,71900.0,7.7,No,1
SHG23632,Odisha,Women SHG,11,106,40.1,64.0,215.64,15704.5,82.1,39.7,73,No,1,61.7,0,15918.3,Emergency/Consumption,24500.0,4.8,No,1
SHG23633,Tamil Nadu,Women SHG,16,26,32.1,74.5,83.55,1823.75,85.9,77.5,22,Yes,0,,0,0.0,Agriculture,11000.0,6.7,Yes,1
SHG23634,Andhra Pradesh,Women SHG,11,13,37.8,54.9,36.54,317.21,70.2,72.1,7,Yes,0,,0,0.0,Education,56100.0,6.3,Yes,0
SHG23635,Odisha,Mixed SHG,16,21,52.5,41.2,105.37,2118.71,75.0,65.6,11,Yes,1,71.7,0,17691.98,Small Business,20600.0,7.3,Yes,0
SHG23636,Maharashtra,Women SHG,12,63,23.9,59.2,52.41,3230.58,70.7,60.3,57,Yes,3,95.4,1,4395.93,Agriculture,25900.0,7.5,No,0
SHG23637,Bihar,Women SHG,17,41,42.5,28.5,207.58,7864.5,69.1,86.6,23,Yes,2,59.0,1,11847.9,Agriculture,34100.0,4.0,No,0
SHG23638,Telangana,Women SHG,13,35,37.5,63.0,133.93,3262.71,83.6,71.0,24,No,1,69.8,2,24653.51,Emergency/Consumption,40200.0,7.5,No,0
SHG23639,Karnataka,Women SHG,14,28,35.1,76.4,174.35,3785.02,87.4,62.2,18,Yes,0,,0,0.0,Agriculture,62800.0,9.4,No,1
SHG23640,Odisha,Women SHG,13,38,34.1,30.2,150.52,4863.63,77.1,74.5,24,Yes,0,,0,0.0,Livestock,34900.0,6.0,No,1
SHG23641,Kerala,Women SHG,11,68,41.2,49.5,119.87,5438.67,83.4,55.6,56,Yes,1,54.0,1,5061.09,Small Business,10800.0,3.7,No,1
SHG23642,West Bengal,Women SHG,11,6,30.1,61.2,154.57,691.56,82.8,94.5,3,Yes,3,83.5,0,3623.46,Small Business,38100.0,7.2,Yes,1
SHG23643,West Bengal,Mixed SHG,15,38,39.6,64.5,40.78,1561.79,74.4,74.2,23,Yes,0,,0,0.0,Small Business,30200.0,9.1,No,0
SHG23644,Andhra Pradesh,Women SHG,17,20,31.2,54.6,92.76,2535.01,77.7,73.6,18,Yes,1,88.4,1,3360.32,Small Business,31200.0,7.1,Yes,1
SHG23645,Karnataka,Women SHG,14,45,35.2,30.2,20.0,769.46,86.5,78.7,40,Yes,0,,0,0.0,Small Business,27300.0,6.5,Yes,1
SHG23646,Telangana,Women SHG,14,48,35.1,39.7,196.79,9274.51,79.9,69.8,24,Yes,0,,0,0.0,Agriculture,85600.0,7.7,Yes,1
SHG23647,Telangana,Women SHG,19,49,39.8,57.7,48.29,3104.81,57.0,95.6,30,Yes,0,,0,0.0,Agriculture,14900.0,7.4,Yes,1
SHG23648,Telangana,Women SHG,10,49,40.1,69.2,139.48,4499.54,84.1,65.3,28,Yes,1,66.7,1,21241.14,Small Business,29700.0,9.0,Yes,1
SHG23649,Maharashtra,Women SHG,10,42,49.7,67.6,155.6,3862.35,67.6,79.3,27,Yes,1,95.3,0,30740.28,Education,28000.0,6.8,Yes,1
SHG23650,Karnataka,Women SHG,16,23,20.0,64.8,53.67,1056.86,81.4,53.3,17,No,0,,0,0.0,Emergency/Consumption,48400.0,9.1,Yes,0
SHG23651,Odisha,Women SHG,12,17,35.0,83.1,76.74,1283.85,69.3,65.0,12,Yes,1,41.4,0,7205.25,Agriculture,26400.0,7.0,Yes,0
SHG23652,Tamil Nadu,Women SHG,13,27,38.7,34.6,54.53,1245.79,57.6,94.6,24,Yes,1,61.9,0,48263.04,Agriculture,36500.0,4.9,No,1
SHG23653,Odisha,Women SHG,13,11,32.7,60.3,48.83,424.31,50.2,96.0,7,Yes,0,,0,0.0,Small Business,22900.0,4.4,No,1
SHG23654,Odisha,Women SHG,10,51,39.4,61.1,223.02,7187.13,74.5,84.8,45,Yes,0,,0,0.0,Education,17000.0,5.8,Yes,1
SHG23655,Telangana,Women SHG,12,7,31.0,71.5,253.0,1499.52,62.9,57.5,6,Yes,0,,0,0.0,Small Business,23100.0,5.2,No,1
SHG23656,Bihar,Women SHG,10,20,36.2,35.9,126.38,1448.54,83.2,87.1,17,Yes,1,87.9,0,1875.61,Livestock,11100.0,5.5,Yes,1
SHG23657,Bihar,Women SHG,16,53,32.8,59.7,65.08,4221.22,41.7,94.6,43,Yes,0,,0,0.0,Agriculture,46600.0,6.5,No,1
SHG23658,Karnataka,Women SHG,8,34,34.6,49.7,219.25,4158.43,62.2,95.7,22,No,1,83.2,2,17176.64,Agriculture,39200.0,5.9,Yes,1
SHG23659,Andhra Pradesh,Women SHG,8,20,32.7,81.8,36.46,380.42,52.9,73.8,17,Yes,1,91.2,0,39333.71,Small Business,17000.0,6.2,Yes,1
SHG23660,Maharashtra,Women SHG,16,50,49.7,52.2,20.37,1147.36,79.3,92.3,43,Yes,0,,0,0.0,Small Business,11100.0,7.5,Yes,1
SHG23661,Andhra Pradesh,Farmer Producer Group,12,16,25.8,67.3,75.17,901.48,72.6,69.0,11,Yes,0,,0,0.0,Small Business,16200.0,7.5,Yes,0
SHG23662,Kerala,Women SHG,19,21,26.5,65.3,127.74,3570.76,62.3,58.4,20,Yes,2,93.8,0,10622.07,Small Business,29300.0,5.5,No,0
SHG23663,Bihar,Mixed SHG,13,27,40.5,83.4,208.71,6080.22,73.0,64.1,21,Yes,2,83.4,2,39172.06,Home Improvement,45600.0,5.6,Yes,1
SHG23664,Odisha,Women SHG,9,29,35.9,61.2,132.89,2289.83,89.0,81.3,21,Yes,2,80.0,1,3673.9,Agriculture,62900.0,6.9,Yes,1
SHG23665,Odisha,Farmer Producer Group,8,42,53.1,48.2,109.2,2841.16,83.7,67.4,40,Yes,1,89.6,1,9033.09,Agriculture,14500.0,5.1,Yes,1
SHG23666,Odisha,Farmer Producer Group,8,3,31.7,44.0,265.95,450.16,41.9,42.9,2,No,0,,0,0.0,Emergency/Consumption,11800.0,5.6,Yes,0
SHG23667,Andhra Pradesh,Women SHG,15,45,33.2,50.7,127.02,6528.87,68.5,82.6,23,Yes,3,91.1,0,4327.12,Home Improvement,11500.0,6.3,Yes,1
SHG23668,Maharashtra,Women SHG,19,39,39.0,42.8,35.73,1713.06,70.1,59.2,28,Yes,0,,0,0.0,Small Business,25000.0,5.0,No,1
SHG23669,Kerala,Women SHG,16,37,26.6,35.6,62.14,2072.83,81.2,73.3,31,Yes,0,,0,0.0,Small Business,33700.0,9.9,No,1
SHG23670,Bihar,Women SHG,14,24,27.3,64.9,199.32,3611.04,54.4,83.2,14,Yes,0,,0,0.0,Small Business,36500.0,7.6,Yes,1
SHG23671,Bihar,Farmer Producer Group,15,71,30.8,100.0,69.53,5092.4,77.5,98.4,61,Yes,1,79.7,0,25134.4,Small Business,88800.0,7.8,Yes,1
SHG23672,Tamil Nadu,Women SHG,15,30,37.2,54.1,292.03,7721.5,89.0,88.1,26,Yes,3,87.2,0,4797.43,Agriculture,6800.0,7.7,Yes,1
SHG23673,Tamil Nadu,Women SHG,9,7,30.9,14.7,62.8,262.59,58.9,42.9,6,No,0,,0,0.0,Small Business,69200.0,6.9,No,0
SHG23674,Andhra Pradesh,Women SHG,13,13,34.6,47.5,20.0,206.12,63.5,70.6,7,Yes,1,82.8,1,14668.55,Small Business,24300.0,5.3,Yes,0
SHG23675,Karnataka,Women SHG,14,43,38.0,59.4,176.13,6382.5,80.2,81.8,28,Yes,0,,0,0.0,Livestock,28800.0,7.1,No,1
SHG23676,Andhra Pradesh,Women SHG,15,31,40.3,64.6,93.09,3135.15,64.9,94.1,28,Yes,3,73.3,0,4139.22,Small Business,24100.0,7.6,Yes,1
SHG23677,Uttar Pradesh,Women SHG,15,46,40.5,37.8,159.55,5884.29,69.7,68.9,30,Yes,3,46.2,0,13603.82,Agriculture,41800.0,6.7,No,0
SHG23678,Bihar,Women SHG,8,18,34.8,88.1,216.7,2237.23,75.1,91.4,15,Yes,3,67.1,0,10869.31,Home Improvement,28300.0,7.8,Yes,1
SHG23679,Karnataka,Farmer Producer Group,17,36,34.1,71.4,193.13,8446.75,80.6,59.5,33,Yes,1,79.5,0,37202.87,Agriculture,61800.0,9.8,Yes,1
SHG23680,Karnataka,Women SHG,12,32,35.3,84.7,232.32,5234.34,89.2,86.4,22,Yes,3,83.4,0,17426.25,Small Business,17600.0,7.6,No,0
SHG23681,Andhra Pradesh,Women SHG,9,19,23.2,31.3,65.76,834.51,80.2,79.1,15,Yes,0,,0,0.0,Agriculture,49900.0,5.6,Yes,1
SHG23682,Kerala,Women SHG,11,5,53.2,48.4,78.86,251.27,93.4,77.7,3,Yes,0,,0,0.0,Small Business,38900.0,7.2,No,0
SHG23683,Bihar,Mixed SHG,10,20,46.9,65.9,33.11,497.26,85.2,75.5,13,Yes,0,,0,0.0,Small Business,16800.0,7.4,Yes,1
SHG23684,Odisha,Women SHG,9,10,43.2,61.9,78.96,564.14,98.6,69.4,6,Yes,0,,0,0.0,Home Improvement,34800.0,5.6,Yes,1
SHG23685,Telangana,Mixed SHG,12,12,41.2,64.8,69.19,631.67,77.1,73.1,8,Yes,1,75.6,0,7179.4,Small Business,74800.0,10.0,No,0
SHG23686,Odisha,Mixed SHG,12,53,39.1,80.0,111.78,5183.35,51.5,89.0,35,Yes,1,92.6,0,6937.8,Agriculture,27400.0,6.1,No,1
SHG23687,Karnataka,Mixed SHG,18,37,50.4,66.8,57.28,2105.25,87.7,74.4,31,Yes,4,70.1,0,17370.28,Education,10800.0,6.1,Yes,1
SHG23688,Kerala,Women SHG,14,40,34.4,49.2,145.01,5627.32,66.1,73.0,36,Yes,2,50.7,0,2628.56,Small Business,28200.0,7.8,Yes,1
SHG23689,Tamil Nadu,Women SHG,9,45,31.5,76.8,27.08,719.58,43.4,82.1,36,Yes,1,80.1,0,4298.68,Agriculture,28700.0,6.0,Yes,1
SHG23690,Bihar,Women SHG,15,47,44.4,67.9,28.95,1192.8,77.8,69.6,39,Yes,0,,0,0.0,Livestock,79100.0,8.7,Yes,1
SHG23691,Andhra Pradesh,Women SHG,17,24,28.5,72.6,48.27,1098.89,47.5,81.3,18,Yes,1,97.0,0,1203.08,Small Business,18400.0,6.2,Yes,1
SHG23692,Uttar Pradesh,Women SHG,14,32,39.1,45.5,149.04,4671.71,76.8,86.7,22,Yes,2,87.5,0,27840.22,Education,60000.0,5.9,Yes,0
SHG23693,Kerala,Mixed SHG,18,42,50.4,80.5,20.0,1230.19,86.8,58.4,21,Yes,2,71.1,0,5007.98,Small Business,51100.0,7.6,Yes,0
SHG23694,Maharashtra,Women SHG,20,9,29.7,53.8,331.56,4170.19,71.6,82.1,8,Yes,1,65.9,0,26516.33,Agriculture,25400.0,5.7,No,1
SHG23695,Tamil Nadu,Farmer Producer Group,12,29,33.4,67.8,34.98,699.37,91.5,91.2,26,Yes,3,93.5,1,4934.43,Small Business,17500.0,3.7,Yes,1
SHG23696,West Bengal,Women SHG,11,8,37.4,95.7,93.82,575.56,77.5,85.1,5,Yes,2,82.3,0,11886.13,Livestock,16800.0,9.3,Yes,1
SHG23697,Andhra Pradesh,Women SHG,14,42,32.1,48.2,98.42,3062.86,77.8,71.9,35,Yes,1,75.0,0,20902.59,Small Business,24000.0,6.9,Yes,1
SHG23698,Maharashtra,Women SHG,13,39,38.9,43.0,70.61,2841.86,92.8,49.6,30,No,2,86.7,0,4290.45,Livestock,75400.0,5.1,Yes,1
SHG23699,Kerala,Women SHG,15,10,41.0,48.5,224.18,2591.05,60.3,74.7,6,Yes,1,59.7,0,18265.34,Small Business,7900.0,6.5,No,1
SHG23700,Tamil Nadu,Women SHG,18,42,31.8,73.2,88.63,3925.05,82.5,88.1,36,Yes,0,,0,0.0,Agriculture,72700.0,4.1,No,1
SHG23701,Maharashtra,Farmer Producer Group,15,61,39.9,66.6,93.06,6432.82,57.7,85.1,47,Yes,0,,0,0.0,Livestock,19600.0,7.7,Yes,0
SHG23702,Andhra Pradesh,Farmer Producer Group,13,39,28.9,63.8,84.49,2557.17,62.8,71.1,24,Yes,0,,0,0.0,Agriculture,14800.0,9.2,No,1
SHG23703,Tamil Nadu,Women SHG,16,24,30.9,71.6,184.86,4495.09,54.6,60.7,13,No,1,50.2,1,17749.18,Home Improvement,42200.0,8.0,Yes,0
SHG23704,Telangana,Women SHG,12,30,21.7,46.4,102.44,2535.99,47.1,96.1,17,Yes,2,88.3,1,3045.01,Small Business,22700.0,6.4,Yes,1
SHG23705,Kerala,Women SHG,13,29,40.7,76.7,43.75,1248.22,86.6,73.0,24,Yes,2,78.3,0,40715.07,Small Business,33400.0,8.3,Yes,1
SHG23706,West Bengal,Women SHG,9,32,30.3,55.6,179.73,3446.0,82.3,51.3,17,Yes,3,64.1,1,38971.93,Small Business,25700.0,6.9,Yes,0
SHG23707,Uttar Pradesh,Women SHG,14,8,45.9,52.4,56.15,371.02,60.0,64.7,6,Yes,1,59.7,0,48623.63,Agriculture,25300.0,8.6,Yes,1
SHG23708,West Bengal,Women SHG,17,16,42.8,49.6,286.86,4290.14,71.8,95.8,14,Yes,2,51.2,0,16957.35,Agriculture,12200.0,6.6,Yes,1
SHG23709,Karnataka,Women SHG,17,45,44.7,88.4,53.54,2682.93,81.0,64.8,35,Yes,3,64.7,0,31353.47,Small Business,5500.0,5.1,Yes,1
SHG23710,Tamil Nadu,Women SHG,15,15,54.8,78.0,155.99,1809.09,80.0,74.4,12,Yes,3,70.4,1,19199.01,Agriculture,90000.0,7.5,Yes,1
SHG23711,Karnataka,Women SHG,15,34,36.0,63.6,51.6,1673.81,79.7,76.2,25,No,1,65.0,0,16151.33,Livestock,79900.0,7.6,Yes,0
SHG23712,Kerala,Mixed SHG,11,16,36.1,66.5,121.39,1503.04,61.6,76.7,10,Yes,3,85.7,0,5023.78,Education,25000.0,8.3,Yes,1
SHG23713,Uttar Pradesh,Mixed SHG,12,48,44.3,62.0,71.67,2145.47,91.8,70.4,43,Yes,3,81.9,0,14007.67,Small Business,27800.0,5.6,No,1
SHG23714,West Bengal,Women SHG,13,22,38.9,72.6,125.77,2436.5,79.7,95.5,12,Yes,2,88.5,1,17058.85,Emergency/Consumption,24800.0,6.7,Yes,1
SHG23715,Maharashtra,Mixed SHG,15,8,47.5,64.5,196.71,1893.1,59.9,68.0,5,Yes,3,76.6,1,16708.19,Livestock,26200.0,4.6,Yes,0
SHG23716,Tamil Nadu,Women SHG,11,31,39.8,69.4,99.7,2594.94,78.1,77.9,20,Yes,2,53.4,0,4078.47,Emergency/Consumption,77600.0,4.8,Yes,1
SHG23717,Bihar,Women SHG,16,43,35.3,39.2,224.15,12102.83,70.1,92.0,39,Yes,2,83.1,2,30431.58,Home Improvement,24600.0,7.2,Yes,1
SHG23718,Uttar Pradesh,Women SHG,14,6,20.0,47.8,105.81,590.65,85.7,44.5,4,Yes,1,88.9,1,9193.7,Home Improvement,40300.0,6.9,Yes,1
SHG23719,West Bengal,Women SHG,8,13,30.0,75.5,36.34,280.71,83.1,83.0,9,Yes,1,52.0,0,2605.33,Agriculture,53000.0,7.9,Yes,1
SHG23720,Maharashtra,Women SHG,17,30,50.4,69.8,67.11,2523.3,94.6,65.7,17,Yes,2,81.8,0,22758.15,Emergency/Consumption,38400.0,9.4,No,0
SHG23721,West Bengal,Women SHG,12,7,49.8,73.3,258.97,1424.69,38.7,81.9,5,Yes,0,,0,0.0,Livestock,75500.0,7.4,Yes,0
SHG23722,Uttar Pradesh,Women SHG,17,37,48.7,71.5,77.35,3572.16,72.1,94.0,29,Yes,0,,0,0.0,Home Improvement,33000.0,5.6,Yes,1
SHG23723,West Bengal,Women SHG,15,30,48.5,38.7,146.0,3756.23,52.8,94.4,15,Yes,1,64.8,0,7922.45,Agriculture,26100.0,7.4,No,0
SHG23724,Karnataka,Women SHG,13,45,40.6,84.6,211.88,7838.69,71.6,88.3,41,Yes,2,38.8,0,23489.72,Livestock,10300.0,6.9,Yes,1
SHG23725,Karnataka,Women SHG,8,9,43.8,46.7,187.38,880.56,79.6,78.3,6,Yes,2,71.4,0,22573.59,Livestock,59800.0,7.7,Yes,1
SHG23726,Uttar Pradesh,Women SHG,14,32,41.2,77.8,133.92,4104.75,64.7,85.3,24,Yes,2,97.9,1,10184.13,Agriculture,60500.0,7.3,Yes,1
SHG23727,Tamil Nadu,Women SHG,15,22,42.9,58.1,292.61,5741.34,96.9,86.9,12,Yes,1,86.2,2,17870.15,Agriculture,45100.0,7.8,No,0
SHG23728,Bihar,Mixed SHG,10,16,50.2,49.6,77.63,673.16,75.9,91.7,10,Yes,0,,0,0.0,Education,18300.0,4.6,Yes,1
SHG23729,Andhra Pradesh,Women SHG,16,32,39.7,70.7,221.78,8885.5,33.0,43.0,17,Yes,2,57.8,1,24548.96,Agriculture,49900.0,8.3,Yes,1
SHG23730,Maharashtra,Women SHG,13,101,44.9,62.1,40.8,4423.18,46.1,82.9,62,Yes,0,,0,0.0,Education,27300.0,6.2,No,0
SHG23731,Tamil Nadu,Women SHG,14,8,30.2,85.1,164.42,928.46,83.1,70.2,4,Yes,2,82.3,1,2341.83,Small Business,19400.0,8.2,Yes,1
SHG23732,Karnataka,Women SHG,9,15,25.1,63.4,234.08,1700.41,92.6,60.0,9,Yes,1,67.9,0,585.73,Agriculture,27700.0,6.9,Yes,1
SHG23733,Tamil Nadu,Women SHG,10,18,27.5,100.0,229.81,2215.41,51.2,89.6,10,No,1,85.6,0,20194.25,Agriculture,70100.0,7.2,Yes,0
SHG23734,Maharashtra,Women SHG,13,33,36.1,38.0,80.71,1880.66,73.0,51.8,22,Yes,0,,0,0.0,Education,6600.0,7.7,Yes,1
SHG23735,Maharashtra,Farmer Producer Group,17,17,33.3,60.7,22.14,503.71,75.1,95.8,9,Yes,0,,0,0.0,Livestock,9300.0,7.6,No,0
SHG23736,Telangana,Women SHG,17,28,43.5,74.6,229.08,7650.34,72.6,59.2,22,Yes,2,65.9,0,16245.95,Small Business,29200.0,6.6,No,1
SHG23737,Andhra Pradesh,Women SHG,11,18,47.9,100.0,50.05,626.2,63.3,30.1,16,Yes,2,49.4,0,42986.44,Emergency/Consumption,54400.0,7.7,No,1
SHG23738,Odisha,Women SHG,17,44,42.4,58.9,47.25,1849.49,66.6,64.3,30,Yes,3,86.7,0,32633.82,Livestock,15000.0,8.7,Yes,1
SHG23739,Tamil Nadu,Women SHG,9,27,53.7,52.4,40.2,501.24,51.5,73.2,22,Yes,0,,0,0.0,Agriculture,52900.0,5.6,No,1
SHG23740,Tamil Nadu,Women SHG,14,43,35.8,34.8,165.26,6462.86,83.2,86.5,29,No,1,71.8,0,20366.79,Agriculture,16300.0,6.6,Yes,1
SHG23741,Odisha,Women SHG,9,7,44.2,71.0,233.1,985.04,90.4,88.3,5,Yes,1,34.5,0,7426.21,Small Business,75500.0,8.6,No,1
SHG23742,Andhra Pradesh,Farmer Producer Group,17,21,32.5,45.0,265.09,5933.63,80.0,45.2,17,Yes,2,74.2,0,38067.35,Agriculture,33300.0,5.9,Yes,1
SHG23743,Karnataka,Women SHG,12,23,29.7,81.6,24.0,407.82,78.0,88.6,19,Yes,1,37.4,0,4670.4,Livestock,7300.0,4.0,No,1
SHG23744,Bihar,Mixed SHG,14,18,51.3,85.9,152.02,2414.94,75.0,70.7,10,No,1,53.9,3,8771.97,Emergency/Consumption,30200.0,6.9,No,0
SHG23745,Telangana,Women SHG,14,45,42.1,47.0,217.64,7316.87,42.4,93.8,42,Yes,3,72.1,0,3922.03,Small Business,29400.0,8.3,No,1
SHG23746,Tamil Nadu,Women SHG,16,30,41.5,76.7,59.89,1947.1,78.3,88.1,26,No,1,80.0,1,7034.82,Livestock,24500.0,5.8,No,1
SHG23747,Karnataka,Farmer Producer Group,8,55,40.1,42.7,52.27,1834.64,82.6,74.6,46,Yes,2,72.5,0,10819.67,Agriculture,42600.0,4.8,Yes,1
SHG23748,Odisha,Women SHG,15,6,29.5,91.2,214.95,1473.26,64.4,87.0,4,Yes,0,,0,0.0,Home Improvement,5000.0,6.5,Yes,1
SHG23749,Tamil Nadu,Women SHG,14,62,28.2,51.5,189.23,10365.66,69.3,51.2,38,Yes,1,70.9,1,8890.95,Small Business,22300.0,6.7,No,0
SHG23750,Karnataka,Farmer Producer Group,9,12,37.4,87.6,292.7,1697.53,95.9,73.6,8,Yes,1,76.0,0,36174.3,Livestock,70500.0,9.0,Yes,1
SHG23751,Tamil Nadu,Mixed SHG,9,51,39.4,74.8,30.78,1176.11,63.2,92.5,48,Yes,0,,0,0.0,Livestock,9400.0,5.0,Yes,1
SHG23752,Bihar,Women SHG,18,40,46.5,63.5,146.12,8467.41,77.8,71.2,28,Yes,0,,0,0.0,Home Improvement,13500.0,6.9,No,1
SHG23753,Bihar,Women SHG,11,15,39.0,58.4,42.37,487.73,68.2,69.5,13,Yes,1,80.2,0,11297.7,Home Improvement,30900.0,6.4,Yes,1
SHG23754,Tamil Nadu,Mixed SHG,11,26,38.5,48.6,72.01,1440.11,90.5,95.0,13,Yes,1,81.9,0,24887.52,Agriculture,13300.0,6.4,No,1
SHG23755,Maharashtra,Women SHG,8,9,45.3,62.4,30.19,140.16,28.1,85.6,5,Yes,3,66.9,0,26150.27,Emergency/Consumption,28100.0,8.4,Yes,1
SHG23756,Tamil Nadu,Women SHG,11,23,39.7,73.9,66.31,1104.05,63.2,78.0,19,Yes,3,85.6,1,14954.85,Home Improvement,25700.0,7.0,No,1
SHG23757,Tamil Nadu,Women SHG,11,53,32.8,58.7,123.73,4412.13,66.0,92.7,33,Yes,0,,0,0.0,Agriculture,74000.0,7.7,Yes,1
SHG23758,Bihar,Women SHG,17,28,40.1,55.1,220.39,7776.81,89.5,64.5,18,Yes,1,75.9,1,681.54,Emergency/Consumption,96200.0,5.2,No,1
SHG23759,Kerala,Women SHG,13,17,32.8,66.9,167.19,2229.26,66.2,98.7,12,Yes,2,81.3,0,8575.33,Education,38400.0,5.2,Yes,0
SHG23760,Bihar,Women SHG,14,33,36.7,57.4,179.26,4320.14,92.2,81.6,30,Yes,2,64.8,0,6961.61,Small Business,23400.0,3.7,Yes,1
SHG23761,Karnataka,Women SHG,17,26,20.0,94.8,245.29,7143.0,86.1,62.2,19,Yes,3,78.7,0,8544.14,Small Business,8900.0,5.9,Yes,1
SHG23762,Karnataka,Women SHG,11,25,34.3,61.2,85.15,1416.26,59.0,77.8,16,Yes,1,96.7,0,20059.88,Agriculture,39200.0,7.8,Yes,1
SHG23763,Andhra Pradesh,Women SHG,10,8,38.9,81.7,42.93,195.93,73.6,89.0,5,Yes,1,85.4,0,8072.06,Home Improvement,5500.0,6.8,No,0
SHG23764,Kerala,Women SHG,14,22,49.9,64.3,291.59,5225.95,71.9,82.7,16,Yes,0,,0,0.0,Agriculture,30400.0,8.6,Yes,1
SHG23765,Maharashtra,Women SHG,13,38,45.3,86.7,86.52,3146.65,74.7,75.0,29,Yes,0,,0,0.0,Small Business,18500.0,8.5,Yes,1
SHG23766,Tamil Nadu,Women SHG,12,21,54.2,70.7,60.47,897.98,81.9,42.0,13,Yes,0,,0,0.0,Small Business,14900.0,7.9,Yes,1
SHG23767,Tamil Nadu,Women SHG,13,14,32.7,35.4,62.01,901.18,82.5,65.2,8,Yes,2,77.3,0,4915.59,Small Business,17700.0,10.0,No,1
SHG23768,West Bengal,Women SHG,8,87,20.5,57.1,55.37,2959.23,57.9,82.1,58,No,1,80.4,1,15459.85,Emergency/Consumption,29700.0,3.9,Yes,0
SHG23769,Kerala,Women SHG,12,30,29.5,65.4,79.94,2211.19,68.6,73.7,25,Yes,2,85.4,1,11998.34,Livestock,21600.0,7.5,No,1
SHG23770,Tamil Nadu,Women SHG,14,11,37.0,53.0,20.0,249.94,88.4,87.6,9,Yes,1,71.7,0,9850.83,Livestock,8900.0,5.3,Yes,1
SHG23771,Tamil Nadu,Women SHG,16,30,28.9,54.8,129.43,4060.01,62.4,60.6,20,Yes,2,82.2,0,8746.17,Agriculture,10500.0,10.0,Yes,1
SHG23772,West Bengal,Women SHG,13,48,40.6,64.2,20.0,841.54,82.7,82.5,44,No,1,69.5,0,39039.27,Agriculture,34600.0,3.9,Yes,1
SHG23773,Karnataka,Women SHG,15,13,38.8,53.1,53.74,576.56,94.7,52.3,10,No,0,,0,0.0,Emergency/Consumption,31500.0,6.7,Yes,0
SHG23774,Tamil Nadu,Farmer Producer Group,15,22,25.6,88.1,82.1,1913.15,88.3,98.5,16,Yes,2,66.3,0,31887.35,Education,5000.0,5.6,Yes,1
SHG23775,Andhra Pradesh,Women SHG,8,21,23.7,73.5,217.63,1922.27,52.6,44.9,13,Yes,0,,0,0.0,Small Business,29500.0,7.5,Yes,0
SHG23776,Andhra Pradesh,Women SHG,11,5,43.6,61.3,120.18,413.39,53.7,27.3,4,Yes,0,,0,0.0,Agriculture,29000.0,7.6,Yes,0
SHG23777,Tamil Nadu,Women SHG,14,71,50.9,37.4,75.26,5866.47,31.0,77.9,66,Yes,2,57.9,1,5074.21,Agriculture,77500.0,8.8,Yes,1
SHG23778,West Bengal,Women SHG,18,11,26.3,57.5,191.12,2271.11,53.7,78.1,10,Yes,2,77.9,0,47704.43,Small Business,45300.0,8.6,Yes,0
SHG23779,Tamil Nadu,Women SHG,15,54,41.5,47.4,22.64,1037.21,62.1,49.8,41,Yes,1,92.2,0,4076.22,Agriculture,37400.0,5.8,Yes,0
SHG23780,Bihar,Women SHG,11,37,43.3,30.1,180.14,3737.71,66.5,78.5,30,No,0,,0,0.0,Home Improvement,11200.0,6.5,Yes,1
SHG23781,Bihar,Women SHG,9,18,49.8,61.0,65.8,555.67,87.2,86.8,14,Yes,2,65.5,0,24131.77,Livestock,36400.0,6.9,Yes,1
SHG23782,Kerala,Women SHG,13,38,36.0,44.6,74.45,2967.08,76.7,95.6,20,Yes,1,67.8,0,37777.85,Agriculture,44000.0,7.9,Yes,1
SHG23783,Maharashtra,Women SHG,9,27,41.5,52.0,288.93,5219.13,63.3,76.0,14,Yes,0,,0,0.0,Home Improvement,37400.0,8.8,Yes,1
SHG23784,Andhra Pradesh,Women SHG,14,19,43.9,77.2,131.25,2486.69,87.9,85.7,15,Yes,1,55.4,0,12497.82,Emergency/Consumption,5000.0,4.4,Yes,1
SHG23785,Kerala,Women SHG,8,26,47.4,66.5,20.0,230.35,72.6,73.9,15,Yes,1,67.5,0,4007.23,Agriculture,5000.0,7.3,Yes,1
SHG23786,Andhra Pradesh,Women SHG,15,17,43.9,30.9,42.61,778.6,95.2,61.5,12,Yes,0,,0,0.0,Small Business,23400.0,9.0,No,1
SHG23787,Karnataka,Mixed SHG,12,42,32.2,60.1,156.08,5428.97,67.1,58.5,38,Yes,2,56.3,1,21702.8,Small Business,49000.0,6.4,No,0
SHG23788,Andhra Pradesh,Women SHG,12,22,49.4,54.2,52.09,916.72,80.0,61.1,12,Yes,4,65.4,1,19651.25,Emergency/Consumption,16700.0,6.9,Yes,0
SHG23789,Karnataka,Women SHG,9,24,36.6,37.0,82.17,960.29,96.3,78.9,21,Yes,1,84.1,1,20682.61,Livestock,88000.0,7.7,No,1
SHG23790,Karnataka,Women SHG,14,36,47.6,36.2,76.01,1985.7,94.0,94.6,23,Yes,1,72.7,0,1453.36,Small Business,35700.0,6.9,No,0
SHG23791,West Bengal,Women SHG,8,21,30.7,90.4,20.0,227.01,80.6,77.8,13,No,2,78.0,0,12215.46,Education,13600.0,8.9,Yes,0
SHG23792,Tamil Nadu,Women SHG,10,13,31.8,66.1,305.55,2436.21,71.4,58.2,7,Yes,2,79.9,1,17275.77,Livestock,13100.0,6.6,Yes,1
SHG23793,Karnataka,Mixed SHG,10,21,36.0,66.0,53.74,570.65,82.8,77.1,19,Yes,1,40.3,0,3463.54,Agriculture,33600.0,6.9,Yes,1
SHG23794,Bihar,Mixed SHG,12,28,44.1,63.5,143.92,3752.03,77.0,77.7,23,Yes,0,,0,0.0,Emergency/Consumption,27700.0,6.0,Yes,1
SHG23795,Bihar,Women SHG,12,33,32.6,34.6,50.49,1442.26,71.5,98.5,30,Yes,2,58.8,1,14387.66,Agriculture,37600.0,6.7,Yes,0
SHG23796,Andhra Pradesh,Women SHG,15,17,51.1,63.2,136.79,2203.84,52.7,80.1,9,Yes,2,36.6,1,10033.61,Livestock,17600.0,7.3,No,0
SHG23797,Uttar Pradesh,Mixed SHG,18,27,46.0,69.5,135.73,5092.97,89.0,37.0,14,Yes,1,85.3,0,16484.89,Education,38000.0,6.2,Yes,1
SHG23798,Tamil Nadu,Women SHG,10,5,23.3,67.7,152.8,626.55,90.6,49.4,3,No,0,,0,0.0,Livestock,5000.0,7.4,Yes,0
SHG23799,Kerala,Women SHG,20,32,40.5,59.8,26.17,1340.48,78.8,85.2,21,Yes,3,56.5,1,26452.94,Agriculture,50900.0,9.8,Yes,0
SHG23800,Andhra Pradesh,Women SHG,13,9,50.3,100.0,39.52,294.53,42.4,73.2,5,Yes,1,81.4,0,2088.25,Home Improvement,23700.0,6.4,Yes,0
SHG23801,Odisha,Mixed SHG,14,9,36.5,45.1,119.55,1040.08,79.3,61.3,7,Yes,1,96.6,0,12353.14,Small Business,14500.0,6.5,Yes,0
SHG23802,Andhra Pradesh,Women SHG,19,45,42.2,49.7,115.5,7928.15,86.4,73.2,37,Yes,0,,0,0.0,Agriculture,29500.0,9.8,No,1
SHG23803,Tamil Nadu,Women SHG,15,9,37.2,59.4,48.83,373.75,72.0,67.8,5,Yes,3,51.5,0,6181.58,Education,89900.0,6.9,No,1
SHG23804,Uttar Pradesh,Women SHG,13,15,25.3,66.6,100.6,1407.01,74.6,75.9,13,Yes,0,,0,0.0,Agriculture,33300.0,9.0,Yes,0
SHG23805,Tamil Nadu,Women SHG,12,22,43.1,69.2,158.91,3314.14,52.6,72.8,13,Yes,2,61.8,0,15673.61,Emergency/Consumption,22100.0,10.0,Yes,1
SHG23806,Uttar Pradesh,Farmer Producer Group,12,11,33.0,73.3,116.54,834.7,58.3,82.2,7,Yes,1,85.1,0,3075.59,Emergency/Consumption,92000.0,6.2,No,0
SHG23807,Tamil Nadu,Mixed SHG,12,6,45.1,64.5,240.71,1297.3,71.0,74.8,3,Yes,1,87.9,1,16546.53,Small Business,31900.0,8.2,No,0
SHG23808,Kerala,Women SHG,17,68,32.2,32.1,141.44,8545.07,51.6,73.5,45,Yes,3,87.1,0,5413.69,Emergency/Consumption,85600.0,7.0,Yes,1
SHG23809,Kerala,Women SHG,13,56,31.6,76.6,79.27,4775.7,53.9,73.7,43,Yes,0,,0,0.0,Small Business,9600.0,4.3,Yes,0
SHG23810,Tamil Nadu,Mixed SHG,13,34,34.3,47.7,20.0,655.71,77.8,78.5,21,Yes,2,87.3,0,41890.81,Small Business,51000.0,6.0,Yes,1
SHG23811,Uttar Pradesh,Women SHG,12,15,38.3,41.2,23.41,341.17,71.9,75.0,11,Yes,2,76.7,1,7953.07,Small Business,123800.0,4.6,No,1
SHG23812,Bihar,Women SHG,14,15,25.6,69.0,100.51,1509.95,86.4,90.6,10,Yes,3,79.1,0,3941.74,Education,85400.0,10.0,Yes,1
SHG23813,Tamil Nadu,Women SHG,14,7,40.4,54.9,61.44,405.73,80.6,84.4,4,Yes,0,,0,0.0,Small Business,31100.0,7.0,Yes,0
SHG23814,Tamil Nadu,Women SHG,14,24,42.2,69.4,383.75,8541.29,52.2,86.4,21,Yes,1,69.8,0,7341.13,Education,34900.0,8.0,Yes,1
SHG23815,Tamil Nadu,Farmer Producer Group,12,24,52.3,78.6,75.77,1496.52,94.5,68.5,22,Yes,2,50.1,1,41655.94,Home Improvement,11000.0,6.7,Yes,0
SHG23816,Andhra Pradesh,Women SHG,16,18,47.4,21.8,132.8,2784.32,62.0,77.9,14,Yes,3,78.8,1,16943.88,Agriculture,15300.0,4.2,Yes,1
SHG23817,Karnataka,Women SHG,19,14,43.1,58.2,341.31,5024.86,81.1,89.0,8,No,2,77.2,1,14525.07,Small Business,19600.0,7.0,No,1
SHG23818,West Bengal,Women SHG,13,31,33.4,42.9,102.21,3397.19,67.3,85.7,24,Yes,3,77.6,1,15164.05,Small Business,27200.0,9.3,Yes,0
SHG23819,Bihar,Women SHG,14,32,36.4,58.4,76.84,1818.49,54.4,75.4,19,Yes,0,,0,0.0,Small Business,16200.0,6.0,Yes,1
SHG23820,Telangana,Women SHG,14,8,28.6,62.7,428.51,3298.88,80.2,73.8,4,Yes,2,81.1,0,7838.47,Livestock,59500.0,8.6,No,1
SHG23821,Telangana,Women SHG,16,29,28.4,64.5,69.7,2067.31,68.3,80.4,25,Yes,0,,0,0.0,Agriculture,39400.0,8.2,No,1
SHG23822,Maharashtra,Women SHG,8,17,39.2,55.8,51.04,392.47,77.2,74.1,16,Yes,0,,0,0.0,Emergency/Consumption,18800.0,5.1,Yes,1
SHG23823,Telangana,Women SHG,8,40,20.0,36.4,279.31,4745.82,87.0,70.9,22,Yes,1,57.6,0,4686.5,Small Business,38500.0,10.0,No,1
SHG23824,Odisha,Women SHG,16,26,32.7,74.3,186.6,4781.65,81.8,72.0,18,Yes,1,48.7,0,2210.63,Education,30500.0,7.5,No,1
SHG23825,Karnataka,Women SHG,16,26,43.2,30.8,35.31,1040.31,76.2,85.6,17,Yes,2,56.2,0,13926.58,Small Business,19100.0,7.4,No,1
SHG23826,Andhra Pradesh,Women SHG,14,8,39.6,87.0,85.82,561.91,50.1,83.0,5,Yes,1,72.4,0,24073.53,Home Improvement,26700.0,7.3,No,1
SHG23827,Karnataka,Mixed SHG,17,29,35.9,70.6,33.39,896.11,74.9,87.9,27,Yes,1,80.5,1,14152.51,Small Business,7100.0,7.3,No,0
SHG23828,Bihar,Women SHG,17,72,52.2,67.1,133.74,11317.92,81.1,51.5,63,No,2,81.7,0,80044.36,Home Improvement,14700.0,3.3,Yes,1
SHG23829,Kerala,Women SHG,12,17,27.4,71.3,72.09,807.87,94.4,90.1,11,Yes,0,,0,0.0,Agriculture,35200.0,7.8,No,1
SHG23830,Telangana,Mixed SHG,16,7,48.6,69.0,94.54,536.3,53.8,75.6,6,Yes,1,59.8,1,9193.75,Livestock,6900.0,5.6,Yes,1
SHG23831,Telangana,Women SHG,14,8,44.7,81.1,142.14,953.34,75.3,64.0,5,Yes,0,,0,0.0,Agriculture,34600.0,5.9,Yes,1
SHG23832,Karnataka,Farmer Producer Group,16,23,42.9,52.5,157.54,3264.48,70.6,84.6,14,Yes,2,91.0,0,5967.9,Agriculture,28800.0,9.0,No,1
SHG23833,West Bengal,Women SHG,14,12,20.0,49.7,51.08,439.55,94.0,80.5,11,Yes,1,73.7,0,22834.52,Agriculture,5000.0,6.0,Yes,1
SHG23834,Andhra Pradesh,Women SHG,13,9,32.7,72.3,77.6,744.04,25.3,85.9,6,Yes,1,68.7,1,5310.63,Agriculture,108800.0,4.5,Yes,1
SHG23835,West Bengal,Women SHG,9,57,20.0,57.2,357.99,13442.77,79.5,63.6,30,Yes,1,83.2,1,4198.71,Agriculture,47300.0,7.4,No,1
SHG23836,Karnataka,Women SHG,8,49,41.6,63.8,194.31,4343.05,33.4,67.7,41,Yes,1,86.4,0,5746.2,Agriculture,27400.0,6.8,No,0
SHG23837,Odisha,Mixed SHG,15,113,47.2,75.3,75.45,6901.51,94.1,93.4,75,Yes,1,44.0,0,24850.05,Agriculture,43400.0,7.6,Yes,1
SHG23838,Bihar,Women SHG,13,46,36.1,73.0,99.07,4367.17,75.3,81.0,34,No,0,,0,0.0,Home Improvement,50700.0,7.3,Yes,1
SHG23839,Odisha,Mixed SHG,17,13,48.2,47.2,37.11,633.4,61.0,96.4,7,Yes,1,80.8,0,13946.09,Agriculture,42200.0,6.3,Yes,1
SHG23840,West Bengal,Women SHG,12,44,42.6,50.2,102.5,3127.69,70.5,82.8,26,Yes,0,,0,0.0,Agriculture,52500.0,7.3,No,0
SHG23841,West Bengal,Farmer Producer Group,8,43,51.6,66.0,144.43,3590.85,89.8,74.4,30,No,0,,0,0.0,Livestock,63300.0,7.0,Yes,1
SHG23842,Karnataka,Women SHG,19,39,45.4,50.7,137.28,5656.29,76.3,77.3,21,Yes,4,80.7,3,16821.05,Small Business,24600.0,5.3,Yes,1
SHG23843,Tamil Nadu,Women SHG,13,36,46.0,72.2,139.61,5192.6,58.1,90.1,19,Yes,2,85.4,0,9717.64,Education,58700.0,7.7,Yes,1
SHG23844,Karnataka,Mixed SHG,19,32,38.8,49.3,82.67,3069.73,67.3,64.3,26,Yes,1,85.4,0,11626.23,Emergency/Consumption,18100.0,5.9,No,1
SHG23845,Karnataka,Women SHG,12,7,38.1,50.8,181.26,1143.57,64.5,73.5,4,Yes,2,95.1,0,12192.59,Small Business,40900.0,6.5,Yes,1
SHG23846,Uttar Pradesh,Women SHG,15,30,25.4,22.9,113.85,3988.23,92.0,59.1,21,Yes,2,93.2,0,1610.11,Home Improvement,20700.0,8.9,Yes,1
SHG23847,Odisha,Women SHG,14,36,50.9,58.3,73.5,2149.92,95.8,81.9,24,Yes,3,68.5,0,17240.67,Emergency/Consumption,28300.0,7.0,Yes,1
SHG23848,Andhra Pradesh,Women SHG,9,54,46.2,69.7,53.82,1494.63,85.6,77.5,33,Yes,3,64.5,1,19266.14,Home Improvement,24100.0,7.9,No,1
SHG23849,Tamil Nadu,Farmer Producer Group,11,23,25.4,79.8,37.7,579.87,82.8,68.1,12,Yes,2,84.0,0,13663.08,Livestock,8700.0,9.2,No,1
SHG23850,Tamil Nadu,Mixed SHG,12,16,39.0,74.2,49.1,668.62,84.0,52.7,14,Yes,1,93.7,0,29397.83,Agriculture,18800.0,10.0,No,1
SHG23851,Kerala,Mixed SHG,15,8,35.8,56.7,148.92,951.51,47.4,86.1,4,No,2,90.2,0,5714.34,Education,25900.0,7.3,No,0
SHG23852,Uttar Pradesh,Women SHG,16,30,44.6,73.2,118.97,3567.5,69.0,94.8,20,Yes,0,,0,0.0,Agriculture,64300.0,8.0,Yes,1
SHG23853,Tamil Nadu,Farmer Producer Group,9,9,41.3,71.1,154.37,1004.24,61.7,80.7,6,Yes,2,93.1,0,4700.18,Small Business,40400.0,8.1,Yes,1
SHG23854,Tamil Nadu,Women SHG,9,50,43.6,44.9,33.57,1152.17,96.2,56.4,27,Yes,0,,0,0.0,Agriculture,17200.0,6.5,No,1
SHG23855,Odisha,Mixed SHG,11,28,39.3,78.1,114.03,1854.09,86.0,89.5,23,Yes,0,,0,0.0,Small Business,62700.0,6.0,Yes,1
SHG23856,Telangana,Mixed SHG,12,12,34.5,43.9,50.72,462.67,90.2,56.3,9,Yes,2,78.6,1,10615.69,Agriculture,9900.0,6.0,Yes,1
SHG23857,Kerala,Women SHG,15,34,44.5,57.4,46.35,1446.07,54.7,70.3,21,Yes,0,,0,0.0,Home Improvement,5000.0,8.2,Yes,1
SHG23858,Telangana,Women SHG,16,37,45.4,89.9,76.67,3112.55,60.2,76.9,21,Yes,0,,0,0.0,Small Business,45900.0,9.0,Yes,1
SHG23859,Tamil Nadu,Women SHG,15,29,38.1,67.7,227.82,5306.02,56.5,83.3,20,Yes,3,67.3,0,10998.96,Emergency/Consumption,30100.0,8.1,Yes,1
SHG23860,Bihar,Women SHG,9,28,50.6,29.0,278.18,4839.01,90.1,61.9,20,Yes,2,60.8,0,9856.36,Agriculture,21200.0,8.2,Yes,1
SHG23861,Andhra Pradesh,Women SHG,12,30,25.4,76.7,62.2,1277.2,46.0,51.9,28,Yes,1,89.7,0,11566.45,Small Business,104400.0,6.7,Yes,0
SHG23862,Karnataka,Mixed SHG,12,45,23.7,99.4,20.41,643.43,62.5,82.9,31,Yes,2,66.2,0,20147.98,Agriculture,35000.0,5.6,No,1
SHG23863,Kerala,Women SHG,13,25,34.6,46.4,73.83,1787.13,83.2,92.0,22,No,0,,0,0.0,Agriculture,20500.0,8.6,Yes,1
SHG23864,Uttar Pradesh,Women SHG,12,44,43.2,66.9,119.57,3749.29,80.5,84.8,28,Yes,0,,0,0.0,Agriculture,8500.0,6.1,No,1
SHG23865,Maharashtra,Women SHG,12,33,31.8,76.3,38.06,1069.13,78.6,83.8,18,Yes,2,49.1,0,16635.81,Livestock,11200.0,6.0,No,1
SHG23866,Maharashtra,Women SHG,10,21,56.5,44.3,20.41,254.62,73.8,36.4,11,Yes,2,81.9,0,27647.92,Livestock,60600.0,7.1,No,0
SHG23867,Andhra Pradesh,Women SHG,17,34,39.7,47.6,123.06,5318.64,66.2,74.1,21,Yes,0,,0,0.0,Small Business,27100.0,7.4,Yes,1
SHG23868,Odisha,Mixed SHG,12,42,52.2,67.2,22.0,745.42,57.4,88.6,21,Yes,2,79.5,0,7136.5,Emergency/Consumption,11800.0,7.1,Yes,0
SHG23869,Maharashtra,Women SHG,14,55,33.1,51.3,90.99,3960.05,82.0,79.5,38,Yes,0,,0,0.0,Livestock,8200.0,7.9,Yes,1
SHG23870,Telangana,Farmer Producer Group,14,5,37.6,63.9,204.2,1023.0,54.4,65.3,3,Yes,0,,0,0.0,Small Business,49300.0,8.6,Yes,0
SHG23871,Kerala,Women SHG,14,25,39.1,62.9,162.18,3915.6,84.8,65.6,16,Yes,0,,0,0.0,Agriculture,13100.0,7.7,Yes,1
SHG23872,Andhra Pradesh,Mixed SHG,19,41,22.0,100.0,108.6,5271.75,47.9,49.3,24,Yes,0,,0,0.0,Education,38900.0,8.8,No,1
SHG23873,Tamil Nadu,Farmer Producer Group,15,12,43.4,76.8,108.09,1243.89,54.6,63.7,8,Yes,2,66.1,0,11815.51,Small Business,13200.0,6.4,No,0
SHG23874,Bihar,Women SHG,16,13,50.6,81.8,135.2,1828.06,61.3,89.8,9,Yes,1,60.9,1,17243.92,Home Improvement,110900.0,6.8,Yes,1
SHG23875,Odisha,Women SHG,15,59,35.7,61.9,180.44,8106.27,76.2,64.4,35,Yes,0,,0,0.0,Agriculture,23800.0,7.9,Yes,1
SHG23876,Maharashtra,Women SHG,19,24,25.7,60.3,51.05,1399.49,73.6,75.2,15,Yes,2,65.4,0,30249.13,Small Business,5000.0,7.7,Yes,1
SHG23877,Tamil Nadu,Mixed SHG,11,36,47.1,75.2,44.14,1035.3,84.6,78.1,18,Yes,1,90.2,0,21311.29,Livestock,37600.0,4.3,Yes,1
SHG23878,Telangana,Women SHG,19,36,30.3,55.6,145.8,5702.55,85.8,63.9,29,Yes,0,,0,0.0,Small Business,7500.0,6.6,No,1
SHG23879,Odisha,Women SHG,8,92,45.8,53.2,39.9,2379.62,74.2,72.6,68,Yes,2,91.3,0,13964.47,Livestock,67800.0,6.5,Yes,1
SHG23880,Karnataka,Women SHG,15,21,44.0,81.0,183.76,4124.63,21.8,82.6,11,Yes,1,66.8,0,22831.44,Livestock,18700.0,5.8,No,1
SHG23881,Telangana,Farmer Producer Group,17,28,43.6,75.8,136.95,3660.95,56.4,86.5,21,Yes,2,93.5,3,15674.42,Home Improvement,72800.0,4.5,Yes,0
SHG23882,Bihar,Women SHG,15,20,32.9,58.1,20.0,424.24,89.6,80.7,13,Yes,1,81.6,0,1831.36,Agriculture,6600.0,5.1,Yes,1
SHG23883,Telangana,Women SHG,12,8,20.0,52.2,156.01,1052.01,83.3,65.6,7,Yes,1,62.9,0,9602.76,Small Business,37900.0,4.4,No,0
SHG23884,Tamil Nadu,Women SHG,11,9,27.5,62.0,43.54,287.72,59.0,95.7,5,Yes,1,92.2,0,21077.25,Small Business,53100.0,7.2,No,0
SHG23885,Tamil Nadu,Women SHG,13,26,33.0,43.1,53.9,1267.35,42.5,65.5,17,Yes,1,58.3,0,5912.45,Small Business,24100.0,6.6,Yes,1
SHG23886,Bihar,Women SHG,12,8,31.2,87.4,131.71,831.52,47.9,83.2,5,Yes,2,95.9,0,9822.29,Small Business,5000.0,7.5,Yes,1
SHG23887,Tamil Nadu,Women SHG,15,23,47.6,56.4,341.56,7010.23,80.9,59.9,17,Yes,3,83.9,3,22577.42,Emergency/Consumption,12500.0,8.0,Yes,1
SHG23888,Tamil Nadu,Mixed SHG,12,49,51.4,38.2,128.38,6068.7,36.0,59.9,42,Yes,2,66.6,0,22989.37,Small Business,5000.0,6.7,Yes,1
SHG23889,West Bengal,Women SHG,19,20,33.2,36.0,161.6,4572.57,82.3,77.1,13,Yes,0,,0,0.0,Small Business,18000.0,1.2,Yes,0
SHG23890,Maharashtra,Women SHG,11,95,27.5,56.6,114.86,8667.34,92.1,84.5,53,Yes,1,51.1,2,8014.08,Education,13000.0,5.2,No,1
SHG23891,Andhra Pradesh,Farmer Producer Group,17,37,42.8,38.9,273.43,14042.74,97.1,79.4,33,Yes,0,,0,0.0,Emergency/Consumption,10900.0,7.3,No,1
SHG23892,Odisha,Women SHG,10,41,26.7,53.4,20.0,505.92,23.3,42.2,22,Yes,2,80.5,0,9280.58,Small Business,35100.0,5.4,Yes,0
SHG23893,Uttar Pradesh,Women SHG,15,62,45.3,93.2,50.03,2512.63,69.7,69.3,39,Yes,2,60.5,0,11198.18,Home Improvement,13000.0,10.0,No,1
SHG23894,Tamil Nadu,Mixed SHG,11,32,39.0,45.0,20.0,475.41,68.1,85.6,16,Yes,0,,0,0.0,Agriculture,11100.0,6.0,Yes,1
SHG23895,Bihar,Women SHG,8,17,35.1,49.0,137.38,1326.95,91.4,94.5,13,Yes,0,,0,0.0,Emergency/Consumption,15300.0,8.3,Yes,1
SHG23896,Maharashtra,Mixed SHG,12,23,39.8,82.7,183.12,2640.9,86.8,56.0,14,Yes,1,90.3,0,17820.41,Agriculture,8700.0,3.3,No,1
SHG23897,Andhra Pradesh,Women SHG,10,36,33.8,82.8,37.31,803.48,57.7,79.8,26,Yes,1,94.0,0,7239.32,Home Improvement,31900.0,6.0,No,1
SHG23898,Andhra Pradesh,Women SHG,11,21,36.9,72.7,125.54,2089.74,57.2,86.8,19,Yes,2,75.2,1,30018.43,Education,56500.0,8.9,Yes,1
SHG23899,Uttar Pradesh,Mixed SHG,13,37,29.4,29.6,31.21,1081.77,68.0,95.2,34,Yes,3,63.6,1,26588.25,Agriculture,50100.0,4.9,No,0
SHG23900,West Bengal,Women SHG,13,12,27.6,50.8,139.09,1771.72,64.7,51.8,11,Yes,4,97.2,1,34478.81,Agriculture,21000.0,6.0,Yes,1
SHG23901,Tamil Nadu,Mixed SHG,13,37,23.9,66.1,149.77,5473.88,72.4,76.8,30,Yes,1,77.2,0,12392.53,Home Improvement,17000.0,6.7,No,1
SHG23902,West Bengal,Women SHG,16,51,26.8,32.9,26.61,1435.55,64.3,80.4,34,Yes,1,89.9,0,19813.53,Small Business,14300.0,7.7,Yes,1
SHG23903,Telangana,Women SHG,18,20,58.2,60.2,69.77,1984.16,80.3,90.3,17,Yes,1,90.8,0,13288.33,Education,26400.0,8.4,No,1
SHG23904,Andhra Pradesh,Mixed SHG,12,41,38.9,64.7,108.0,4415.6,22.6,55.3,33,Yes,1,76.1,0,2028.7,Education,25000.0,4.9,No,0
SHG23905,Uttar Pradesh,Mixed SHG,12,13,40.3,55.7,20.0,255.13,52.7,76.6,10,Yes,1,68.2,2,9877.06,Small Business,73400.0,6.8,Yes,0
SHG23906,Kerala,Women SHG,8,41,34.8,69.1,71.14,1214.93,75.9,88.0,27,No,1,72.8,1,9169.68,Emergency/Consumption,6700.0,4.6,Yes,0
SHG23907,Maharashtra,Women SHG,12,8,29.2,57.8,248.6,1818.9,78.5,52.1,5,Yes,1,78.5,1,9603.84,Home Improvement,64700.0,6.0,Yes,1
SHG23908,Odisha,Women SHG,18,23,42.8,70.0,277.2,9253.56,73.4,44.4,13,Yes,3,90.8,0,18691.05,Agriculture,23200.0,7.7,Yes,1
SHG23909,Tamil Nadu,Women SHG,15,28,40.8,71.0,29.91,764.3,43.2,89.0,26,Yes,2,68.6,0,6483.86,Livestock,19900.0,7.8,Yes,1
SHG23910,Uttar Pradesh,Women SHG,8,21,29.3,49.8,53.94,490.23,83.8,68.5,19,Yes,2,80.6,0,14914.71,Small Business,92400.0,7.0,Yes,1
SHG23911,Andhra Pradesh,Women SHG,11,60,30.9,33.5,115.34,5482.67,91.8,94.5,36,Yes,1,68.1,0,14827.25,Education,25800.0,9.6,Yes,1
SHG23912,Karnataka,Women SHG,19,21,48.9,55.4,38.14,1155.47,55.7,86.2,16,Yes,2,95.9,1,35319.81,Agriculture,45200.0,5.8,Yes,1
SHG23913,Uttar Pradesh,Women SHG,11,48,26.1,39.0,208.48,6687.5,90.6,84.2,26,No,0,,0,0.0,Small Business,18300.0,6.7,No,0
SHG23914,Tamil Nadu,Women SHG,12,14,38.5,39.8,30.46,406.14,61.3,71.3,8,Yes,3,62.6,0,13234.56,Agriculture,11800.0,6.1,Yes,0
SHG23915,Tamil Nadu,Women SHG,13,56,33.6,59.0,211.24,8139.81,96.5,83.1,42,Yes,1,44.4,0,3986.74,Emergency/Consumption,24600.0,6.0,No,1
SHG23916,Bihar,Women SHG,11,62,38.2,69.0,114.17,5620.69,71.9,93.5,56,Yes,1,77.4,0,27060.38,Emergency/Consumption,25800.0,6.8,Yes,1
SHG23917,Telangana,Women SHG,13,26,29.6,56.7,70.46,1480.95,92.7,89.2,23,Yes,1,62.8,1,9707.83,Small Business,22500.0,8.7,Yes,1
SHG23918,Uttar Pradesh,Women SHG,9,75,40.9,80.2,93.04,3653.57,73.8,97.3,56,Yes,2,89.1,1,6307.18,Education,16300.0,5.9,Yes,1
SHG23919,Maharashtra,Women SHG,12,40,55.2,70.7,41.85,1588.15,55.0,93.3,35,Yes,2,58.7,0,11680.54,Small Business,44400.0,7.1,Yes,0
SHG23920,Odisha,Women SHG,14,12,25.0,48.3,135.19,1678.1,81.2,73.8,11,Yes,2,63.5,0,4848.2,Agriculture,64700.0,5.2,Yes,1
SHG23921,Bihar,Women SHG,10,27,41.1,64.9,44.29,629.09,76.3,34.2,17,Yes,2,54.8,0,22893.65,Small Business,39400.0,7.8,Yes,1
SHG23922,Karnataka,Farmer Producer Group,13,16,42.0,75.0,173.59,2766.34,44.4,37.0,15,Yes,2,60.7,2,8827.93,Emergency/Consumption,20800.0,6.8,Yes,0
SHG23923,Karnataka,Women SHG,15,26,58.5,40.5,53.86,1142.03,80.6,93.7,21,Yes,0,,0,0.0,Emergency/Consumption,51800.0,6.6,Yes,1
SHG23924,Uttar Pradesh,Women SHG,13,20,37.7,38.8,233.31,4976.05,91.1,85.8,18,No,2,91.7,0,2307.88,Agriculture,19400.0,9.3,Yes,1
SHG23925,Kerala,Women SHG,17,31,42.2,70.2,104.51,4227.75,73.1,81.2,28,Yes,1,84.5,0,26223.15,Small Business,18100.0,8.2,No,0
SHG23926,Andhra Pradesh,Women SHG,10,15,31.5,75.6,75.94,603.82,51.8,84.4,10,Yes,1,95.7,1,17409.73,Small Business,26900.0,8.1,Yes,1
SHG23927,Odisha,Women SHG,16,13,28.1,41.7,101.07,1088.34,50.9,81.8,9,Yes,1,72.4,0,7818.11,Agriculture,56500.0,10.0,No,0
SHG23928,Kerala,Women SHG,11,37,32.6,36.4,46.88,1380.05,63.5,58.4,24,Yes,2,71.6,0,15917.35,Agriculture,34600.0,5.9,Yes,1
SHG23929,Telangana,Mixed SHG,12,3,40.6,43.9,61.02,136.53,58.3,93.1,2,Yes,0,,0,0.0,Emergency/Consumption,106300.0,5.5,Yes,1
SHG23930,Uttar Pradesh,Women SHG,13,37,52.6,56.4,244.35,6905.57,60.1,96.0,22,Yes,2,66.8,1,5811.78,Small Business,27500.0,7.4,No,1
SHG23931,Tamil Nadu,Women SHG,17,61,33.5,62.8,448.99,28237.23,69.0,82.5,45,Yes,2,96.9,0,13690.2,Education,31900.0,9.9,Yes,1
SHG23932,Tamil Nadu,Women SHG,13,22,44.3,94.7,20.0,295.28,69.5,77.6,15,Yes,1,50.3,0,20466.72,Small Business,42700.0,10.0,Yes,0
SHG23933,Maharashtra,Farmer Producer Group,16,16,26.7,55.6,226.66,3775.54,56.3,83.3,11,Yes,1,79.0,0,4203.61,Livestock,109100.0,6.3,Yes,1
SHG23934,West Bengal,Women SHG,8,41,31.5,61.7,79.1,1629.17,96.8,70.9,24,No,0,,0,0.0,Agriculture,60400.0,8.0,No,0
SHG23935,Bihar,Women SHG,8,22,38.7,53.7,30.25,382.74,89.1,42.7,17,Yes,0,,0,0.0,Agriculture,5000.0,5.2,Yes,1
SHG23936,Uttar Pradesh,Women SHG,10,8,31.9,65.2,90.17,475.93,41.0,89.9,7,Yes,0,,0,0.0,Agriculture,34400.0,5.7,Yes,1
SHG23937,Telangana,Women SHG,13,102,42.2,68.0,86.5,9126.8,74.8,54.4,71,Yes,3,80.7,0,13020.89,Agriculture,11600.0,5.9,Yes,1
SHG23938,Telangana,Women SHG,14,17,32.7,70.4,228.66,3775.53,76.6,61.6,14,No,0,,0,0.0,Agriculture,20700.0,7.3,Yes,1
SHG23939,Telangana,Women SHG,13,60,45.0,74.6,151.25,7275.53,77.7,48.4,41,Yes,3,95.7,0,10467.53,Agriculture,17600.0,7.1,Yes,1
SHG23940,Kerala,Women SHG,11,38,33.4,72.6,20.0,649.38,54.7,92.3,28,Yes,0,,0,0.0,Agriculture,6200.0,5.3,Yes,0
SHG23941,Uttar Pradesh,Women SHG,17,12,35.3,65.4,173.46,2542.59,83.8,84.7,6,Yes,3,82.1,1,5570.36,Education,33300.0,7.0,Yes,1
SHG23942,Telangana,Mixed SHG,18,61,36.4,73.4,97.77,5954.01,69.6,86.5,31,No,0,,0,0.0,Home Improvement,70600.0,7.4,No,1
SHG23943,Maharashtra,Women SHG,15,67,44.2,63.6,272.52,19658.26,39.4,93.3,58,No,1,62.4,0,947.06,Home Improvement,8100.0,7.5,Yes,1
SHG23944,Andhra Pradesh,Women SHG,13,56,35.0,79.2,179.87,6914.48,81.4,88.0,28,No,0,,0,0.0,Small Business,27100.0,8.0,No,0
SHG23945,Karnataka,Women SHG,15,17,37.7,76.0,153.28,3061.98,61.9,76.5,14,No,2,76.6,0,17629.54,Agriculture,88500.0,5.8,Yes,0
SHG23946,Andhra Pradesh,Women SHG,9,33,42.1,72.8,20.0,363.93,44.0,87.9,29,No,4,57.3,0,6462.14,Agriculture,30100.0,7.1,No,0
SHG23947,Karnataka,Women SHG,13,6,35.3,69.2,20.0,99.32,70.6,81.7,4,No,0,,0,0.0,Agriculture,19800.0,5.6,Yes,1
SHG23948,Bihar,Mixed SHG,10,48,44.7,39.7,92.69,2791.84,51.0,99.3,28,Yes,1,38.0,0,14273.89,Livestock,43200.0,5.4,Yes,1
SHG23949,Uttar Pradesh,Women SHG,13,44,39.0,59.6,43.75,1592.41,84.6,72.2,26,Yes,2,97.0,0,7958.98,Small Business,13800.0,5.3,Yes,1
SHG23950,Tamil Nadu,Women SHG,12,37,41.4,83.9,122.15,4218.02,93.9,86.0,26,Yes,3,52.2,0,29336.11,Small Business,6900.0,7.6,Yes,1
SHG23951,Karnataka,Women SHG,20,24,38.2,52.5,135.59,3332.5,59.8,57.9,17,Yes,1,55.8,0,8152.11,Agriculture,70600.0,6.4,Yes,1
SHG23952,West Bengal,Mixed SHG,17,19,51.1,47.4,28.9,582.62,57.1,93.5,11,Yes,1,62.8,0,15070.3,Education,6500.0,5.0,Yes,0
SHG23953,Maharashtra,Mixed SHG,14,21,20.0,57.1,68.98,1309.88,46.0,70.5,19,Yes,2,85.8,0,23846.56,Education,12400.0,6.0,No,0
SHG23954,Karnataka,Women SHG,13,35,31.8,55.9,203.35,5958.08,75.1,59.1,30,Yes,2,29.5,1,8564.75,Emergency/Consumption,24500.0,6.2,Yes,1
SHG23955,Tamil Nadu,Women SHG,14,27,45.3,71.1,46.43,1332.64,91.3,69.3,20,Yes,0,,0,0.0,Agriculture,33300.0,7.7,Yes,0
SHG23956,Andhra Pradesh,Women SHG,13,11,40.2,54.9,277.75,2807.66,60.5,56.3,9,Yes,2,58.3,0,18430.65,Small Business,5600.0,4.8,Yes,1
SHG23957,West Bengal,Women SHG,12,10,43.6,81.6,153.14,1212.34,66.5,78.9,6,Yes,1,68.4,0,11167.19,Emergency/Consumption,12100.0,9.0,No,1
SHG23958,Tamil Nadu,Women SHG,16,66,34.0,62.9,43.63,2555.45,77.9,76.4,44,Yes,1,86.3,1,11880.29,Livestock,13300.0,8.0,No,1
SHG23959,Tamil Nadu,Farmer Producer Group,13,7,44.2,47.2,99.88,648.66,93.5,76.6,4,Yes,1,45.4,0,5110.05,Livestock,11900.0,6.1,Yes,1
SHG23960,Tamil Nadu,Women SHG,9,27,30.9,47.2,242.21,3465.06,86.5,52.1,18,Yes,2,65.5,0,20136.48,Agriculture,59300.0,5.2,No,0
SHG23961,Karnataka,Mixed SHG,13,32,39.3,72.6,56.38,1291.95,70.4,75.8,21,Yes,2,82.6,0,25231.7,Small Business,42300.0,6.0,Yes,1
SHG23962,Andhra Pradesh,Women SHG,13,32,37.0,12.9,42.76,1149.03,95.5,89.7,27,Yes,1,80.4,0,19941.59,Small Business,25600.0,6.1,Yes,0
SHG23963,Karnataka,Farmer Producer Group,13,58,25.4,73.0,104.6,4929.69,84.4,78.1,43,Yes,1,81.3,0,7507.16,Livestock,23700.0,6.8,No,1
SHG23964,Odisha,Mixed SHG,19,20,31.1,81.9,79.73,1884.66,63.4,88.5,18,Yes,2,71.1,0,10832.37,Agriculture,9600.0,7.5,Yes,1
SHG23965,Uttar Pradesh,Women SHG,14,43,26.4,82.4,79.73,3925.13,72.5,77.4,32,Yes,3,96.7,0,47178.41,Agriculture,35700.0,6.3,Yes,1
SHG23966,Bihar,Women SHG,17,14,43.6,59.5,453.78,5879.03,55.1,79.2,12,Yes,3,76.2,0,6775.29,Livestock,82700.0,6.1,Yes,1
SHG23967,Maharashtra,Women SHG,10,22,41.2,63.8,154.72,2357.7,90.6,60.4,21,Yes,0,,0,0.0,Agriculture,21900.0,5.1,Yes,1
SHG23968,Tamil Nadu,Farmer Producer Group,12,39,34.8,65.5,197.74,6336.89,79.0,40.8,35,Yes,1,82.1,0,15001.86,Agriculture,8700.0,5.8,No,1
SHG23969,Maharashtra,Women SHG,9,20,41.7,73.0,88.68,964.7,62.2,82.4,16,Yes,2,43.7,0,17079.8,Agriculture,10000.0,5.4,Yes,0
SHG23970,Tamil Nadu,Women SHG,13,7,37.8,62.3,293.64,1400.01,81.6,69.3,4,No,1,93.8,2,11859.97,Agriculture,5100.0,2.6,No,0
SHG23971,Andhra Pradesh,Women SHG,13,55,42.4,82.5,54.98,2442.56,66.9,69.3,28,Yes,2,62.3,1,16463.57,Home Improvement,11500.0,7.9,Yes,1
SHG23972,Maharashtra,Farmer Producer Group,13,23,35.2,67.8,137.37,2365.02,90.1,68.4,16,Yes,1,66.4,0,4128.75,Livestock,28700.0,7.3,Yes,1
SHG23973,Tamil Nadu,Women SHG,10,30,41.9,72.1,86.64,1476.15,47.8,56.9,16,No,2,79.2,0,13824.79,Agriculture,68000.0,7.1,Yes,0
SHG23974,Bihar,Mixed SHG,15,35,26.5,55.3,90.34,2816.09,67.8,90.5,31,Yes,0,,0,0.0,Agriculture,54100.0,8.6,Yes,1
SHG23975,Andhra Pradesh,Women SHG,9,39,39.5,74.0,113.44,2350.44,54.0,33.0,30,Yes,2,80.9,0,18725.62,Agriculture,34400.0,5.4,No,1
SHG23976,Maharashtra,Women SHG,13,35,36.1,47.7,39.81,1473.21,57.5,81.3,25,Yes,2,82.3,1,19423.67,Livestock,71000.0,7.4,Yes,1
SHG23977,Karnataka,Women SHG,18,6,35.6,77.6,148.76,1102.99,93.9,73.9,5,Yes,1,92.9,1,23041.68,Livestock,56800.0,6.2,Yes,0
SHG23978,Kerala,Women SHG,10,31,29.4,56.8,64.63,1261.57,52.7,92.0,23,Yes,1,48.3,0,6217.99,Agriculture,11200.0,7.0,No,1
SHG23979,Odisha,Women SHG,16,64,22.8,88.7,20.0,1619.32,42.3,92.0,38,Yes,1,95.4,0,13155.85,Livestock,47100.0,7.2,No,1
SHG23980,Tamil Nadu,Women SHG,16,21,27.8,58.1,166.93,3998.38,91.7,85.2,16,Yes,1,77.6,0,51359.92,Livestock,6000.0,8.4,No,1
SHG23981,Bihar,Women SHG,8,31,37.2,73.9,126.63,2614.16,86.7,93.7,16,Yes,3,85.9,0,18589.9,Agriculture,118400.0,7.2,No,0
SHG23982,West Bengal,Women SHG,15,9,25.8,56.6,34.9,350.46,60.4,64.7,5,No,2,82.1,0,28344.56,Agriculture,47100.0,8.4,Yes,1
SHG23983,Karnataka,Women SHG,12,8,43.4,87.0,123.71,826.65,65.1,78.8,7,Yes,0,,0,0.0,Agriculture,25000.0,6.6,No,1
SHG23984,Tamil Nadu,Women SHG,15,17,39.8,53.0,208.47,3682.01,52.3,95.1,9,Yes,1,97.6,0,12634.34,Home Improvement,26500.0,5.5,No,1
SHG23985,Tamil Nadu,Women SHG,15,44,27.0,57.6,163.28,8824.06,52.2,82.4,30,No,2,66.6,0,14160.12,Emergency/Consumption,62100.0,7.6,Yes,0
SHG23986,Karnataka,Women SHG,15,8,35.0,41.4,90.14,813.95,35.1,86.6,4,Yes,1,82.4,0,7052.26,Home Improvement,139700.0,6.7,Yes,1
SHG23987,Andhra Pradesh,Women SHG,14,9,24.7,60.5,213.15,1747.34,77.1,83.9,5,Yes,2,96.2,1,15981.41,Agriculture,60900.0,5.3,Yes,1
SHG23988,Andhra Pradesh,Women SHG,14,27,38.1,83.7,168.06,3366.99,91.6,70.7,16,Yes,1,85.0,3,3921.98,Emergency/Consumption,19300.0,10.0,Yes,1
SHG23989,Bihar,Women SHG,10,26,53.0,79.5,156.31,2430.55,93.0,93.7,24,Yes,0,,0,0.0,Livestock,33900.0,6.1,No,1
SHG23990,Odisha,Women SHG,14,10,46.1,25.1,66.95,584.84,86.0,80.3,5,Yes,1,85.7,0,6941.01,Agriculture,33500.0,6.0,Yes,1
SHG23991,Andhra Pradesh,Women SHG,13,108,36.2,52.3,20.0,2020.92,91.6,62.8,95,Yes,3,65.5,2,8170.07,Livestock,39500.0,7.6,No,1
SHG23992,Telangana,Mixed SHG,13,62,40.2,48.2,143.62,8604.91,73.1,92.6,34,Yes,1,84.8,0,4162.76,Agriculture,80900.0,6.3,No,1
SHG23993,Tamil Nadu,Mixed SHG,8,59,50.4,70.2,56.04,1661.68,82.3,70.2,32,No,1,66.8,1,23775.31,Agriculture,33100.0,6.2,No,0
SHG23994,Telangana,Women SHG,18,14,30.7,38.2,98.54,1396.76,85.8,85.2,12,Yes,1,72.4,0,24551.29,Small Business,24200.0,6.7,Yes,1
SHG23995,Karnataka,Women SHG,14,11,37.3,72.8,130.72,1493.13,74.4,60.1,9,No,2,89.5,0,12170.78,Agriculture,30300.0,7.6,Yes,1
SHG23996,Maharashtra,Farmer Producer Group,19,10,29.6,44.0,51.38,510.78,86.1,76.9,6,Yes,4,89.7,1,23180.21,Small Business,48500.0,5.7,Yes,1
SHG23997,Andhra Pradesh,Women SHG,13,10,41.6,40.1,62.3,615.11,90.9,79.1,7,Yes,3,76.2,0,8444.21,Emergency/Consumption,12300.0,7.4,Yes,1
SHG23998,Telangana,Women SHG,20,37,33.8,71.8,80.41,4051.55,59.3,57.8,23,Yes,1,45.2,0,7707.13,Agriculture,9600.0,4.7,Yes,1
SHG23999,Maharashtra,Women SHG,14,6,28.4,94.1,123.48,571.99,72.4,83.6,5,Yes,1,82.0,0,44437.51,Small Business,18000.0,7.0,No,1
SHG24000,Kerala,Women SHG,11,39,34.9,46.9,256.65,5667.2,79.9,58.5,32,Yes,2,47.4,0,23173.78,Education,32900.0,7.1,Yes,1
SHG24001,Kerala,Women SHG,9,29,35.4,100.0,218.64,4342.61,83.1,61.3,18,Yes,2,86.1,0,8857.4,Emergency/Consumption,30900.0,4.3,Yes,1
SHG24002,Maharashtra,Women SHG,18,9,39.4,80.3,121.97,1404.58,83.5,87.2,6,No,2,56.2,1,14571.96,Agriculture,23400.0,7.1,No,0
SHG24003,West Bengal,Farmer Producer Group,12,17,21.8,69.6,228.14,3747.3,58.2,58.9,13,Yes,3,28.4,0,7956.58,Agriculture,17100.0,4.8,Yes,1
SHG24004,Kerala,Women SHG,14,43,49.3,100.0,81.15,2475.04,46.0,97.3,31,No,2,78.2,0,3511.92,Education,26800.0,7.5,Yes,0
SHG24005,Maharashtra,Farmer Producer Group,10,46,39.5,90.1,31.01,982.35,75.6,80.4,24,Yes,1,67.7,0,14719.78,Small Business,55600.0,7.2,Yes,1
SHG24006,Bihar,Women SHG,15,45,45.1,56.2,47.15,2011.69,39.5,90.4,39,Yes,0,,0,0.0,Emergency/Consumption,22200.0,4.8,No,0
SHG24007,Bihar,Farmer Producer Group,10,17,24.4,39.3,78.33,981.82,68.9,85.4,11,Yes,0,,0,0.0,Agriculture,27300.0,7.6,No,1
SHG24008,Karnataka,Mixed SHG,12,37,31.6,40.9,20.0,608.56,49.1,78.4,32,Yes,5,85.3,2,35646.01,Livestock,43400.0,7.0,Yes,0
SHG24009,Telangana,Mixed SHG,14,8,46.0,76.4,265.26,2306.7,79.4,74.0,5,Yes,1,84.1,0,25588.92,Small Business,32500.0,7.7,Yes,0
SHG24010,Maharashtra,Women SHG,11,49,30.2,61.1,51.42,2290.31,47.4,65.6,36,Yes,2,93.0,0,11432.36,Agriculture,29700.0,10.0,No,1
SHG24011,Uttar Pradesh,Mixed SHG,13,17,37.1,58.8,272.1,4845.3,66.2,46.6,10,Yes,1,92.1,0,1197.93,Small Business,36300.0,8.7,No,1
SHG24012,Kerala,Women SHG,18,43,44.7,33.8,27.06,1723.76,81.7,88.3,34,Yes,0,,0,0.0,Livestock,26200.0,7.3,Yes,0
SHG24013,Tamil Nadu,Women SHG,15,11,37.9,47.2,251.98,2473.69,74.1,62.5,10,Yes,1,70.1,0,25080.31,Agriculture,38000.0,6.4,No,1
SHG24014,Bihar,Women SHG,14,33,37.6,64.5,93.18,3347.02,53.4,58.8,28,Yes,1,63.4,0,18987.48,Home Improvement,41300.0,7.2,Yes,0
SHG24015,Bihar,Farmer Producer Group,11,13,44.3,70.5,61.36,570.21,85.4,90.6,8,Yes,3,89.3,0,44170.38,Emergency/Consumption,7200.0,5.4,No,1
SHG24016,Kerala,Mixed SHG,18,14,54.8,91.3,59.73,814.91,79.5,74.8,8,Yes,2,59.2,0,14346.61,Agriculture,89300.0,5.4,No,0
SHG24017,Telangana,Women SHG,14,7,26.5,73.4,179.2,923.21,89.8,95.7,4,No,1,90.7,0,8982.97,Agriculture,46400.0,4.6,Yes,0
SHG24018,West Bengal,Women SHG,16,17,35.5,76.9,116.56,2636.81,78.6,78.6,13,No,0,,0,0.0,Small Business,73900.0,7.3,No,0
SHG24019,Telangana,Women SHG,15,47,40.5,62.9,35.8,1404.98,84.3,78.2,34,Yes,2,86.8,1,3577.94,Agriculture,39300.0,8.5,Yes,1
SHG24020,Uttar Pradesh,Women SHG,8,19,52.7,29.0,48.97,550.67,50.1,83.6,14,Yes,3,60.2,0,25061.43,Small Business,8700.0,5.4,Yes,0
SHG24021,Tamil Nadu,Women SHG,17,20,30.9,66.8,168.96,3097.08,82.8,87.0,17,Yes,2,67.5,2,7558.37,Agriculture,5000.0,7.1,Yes,1
SHG24022,West Bengal,Women SHG,15,28,41.5,41.5,50.36,1285.62,46.1,80.4,22,Yes,2,97.9,1,17534.59,Small Business,45100.0,6.6,No,1
SHG24023,Andhra Pradesh,Women SHG,13,19,36.0,94.3,20.0,322.0,76.2,90.2,10,Yes,2,75.7,1,5407.66,Livestock,81200.0,7.8,Yes,1
SHG24024,Odisha,Mixed SHG,20,76,34.9,69.4,147.72,18190.62,82.8,91.0,46,Yes,0,,0,0.0,Small Business,30200.0,5.3,No,1
SHG24025,Bihar,Women SHG,12,8,38.8,62.3,113.59,880.05,45.3,59.7,5,Yes,0,,0,0.0,Emergency/Consumption,13900.0,5.7,Yes,0
SHG24026,Tamil Nadu,Women SHG,15,15,29.6,62.1,41.87,506.37,62.0,80.5,13,Yes,1,60.7,0,19589.93,Small Business,13500.0,9.0,Yes,1
SHG24027,Karnataka,Women SHG,12,35,39.6,77.4,29.67,975.59,87.5,48.6,26,Yes,0,,0,0.0,Small Business,38800.0,8.1,Yes,1
SHG24028,Andhra Pradesh,Women SHG,13,26,36.8,48.4,22.9,592.56,90.6,92.5,24,No,2,86.6,0,15578.47,Agriculture,23200.0,7.5,Yes,0
SHG24029,Karnataka,Women SHG,12,27,35.7,88.9,250.34,4944.28,76.3,71.3,14,Yes,2,48.5,0,5977.66,Small Business,13200.0,7.9,Yes,1
SHG24030,Bihar,Women SHG,8,13,30.4,64.2,42.31,328.45,93.3,78.8,7,Yes,1,91.6,0,8904.9,Small Business,27100.0,6.8,Yes,1
SHG24031,Tamil Nadu,Women SHG,16,17,34.3,53.6,75.98,1101.77,68.5,70.5,10,Yes,0,,0,0.0,Livestock,8400.0,5.6,Yes,1
SHG24032,West Bengal,Mixed SHG,9,11,20.0,78.5,143.97,1103.31,89.5,80.3,8,Yes,1,82.2,0,9219.82,Emergency/Consumption,34500.0,5.6,No,1
SHG24033,Bihar,Women SHG,12,20,36.9,66.2,68.84,1358.78,84.0,87.4,18,Yes,1,71.2,0,36060.75,Education,25000.0,7.5,Yes,1
SHG24034,West Bengal,Women SHG,9,55,32.7,36.9,65.9,2409.63,85.5,87.1,49,Yes,2,87.3,0,31938.43,Education,22200.0,7.2,Yes,1
SHG24035,Maharashtra,Farmer Producer Group,14,56,35.2,100.0,120.55,5284.14,89.2,90.2,38,Yes,0,,0,0.0,Agriculture,6000.0,5.7,Yes,1
SHG24036,Kerala,Women SHG,15,9,44.0,38.0,213.81,1588.43,94.2,60.8,7,Yes,2,52.7,0,3122.13,Home Improvement,37000.0,7.0,Yes,1
SHG24037,Andhra Pradesh,Farmer Producer Group,14,8,47.3,60.7,48.24,329.5,90.9,48.7,8,No,2,71.6,0,10866.41,Livestock,15700.0,7.5,Yes,0
SHG24038,West Bengal,Women SHG,17,85,33.7,90.0,136.38,15836.08,51.3,95.6,66,Yes,2,80.1,0,9716.48,Agriculture,22000.0,5.8,No,1
SHG24039,Tamil Nadu,Women SHG,12,30,31.8,22.3,171.28,4297.62,91.1,54.1,17,Yes,1,77.6,0,5875.26,Livestock,42700.0,8.2,Yes,1
SHG24040,Maharashtra,Mixed SHG,12,16,37.7,67.9,173.99,1862.73,74.3,59.1,15,Yes,2,84.5,0,18682.68,Agriculture,23500.0,8.1,No,1
SHG24041,Maharashtra,Women SHG,18,5,21.0,53.1,148.58,725.59,64.2,76.9,3,Yes,0,,0,0.0,Livestock,67700.0,5.8,Yes,0
SHG24042,Kerala,Farmer Producer Group,12,45,32.5,79.2,114.04,4341.49,59.3,88.2,26,Yes,1,62.5,1,15894.63,Agriculture,55000.0,7.3,No,0
SHG24043,Maharashtra,Women SHG,11,43,24.0,45.6,63.94,1952.68,62.5,89.5,35,Yes,0,,0,0.0,Education,73500.0,9.4,Yes,0
SHG24044,Karnataka,Mixed SHG,13,45,29.0,43.1,181.42,7599.15,50.4,88.1,36,Yes,0,,0,0.0,Livestock,33700.0,5.7,No,1
SHG24045,Telangana,Women SHG,8,53,34.7,43.2,140.45,3808.8,74.8,71.3,40,Yes,1,64.9,1,7701.22,Agriculture,26900.0,8.8,Yes,1
SHG24046,Karnataka,Women SHG,14,33,45.0,27.6,85.65,2593.17,78.2,52.6,30,Yes,0,,0,0.0,Education,54600.0,6.5,Yes,1
SHG24047,Tamil Nadu,Women SHG,14,19,25.6,48.3,20.0,434.52,20.5,95.3,17,Yes,3,65.9,1,10446.37,Education,12700.0,6.9,Yes,1
SHG24048,Telangana,Farmer Producer Group,19,22,29.1,49.6,111.48,3196.72,71.5,66.0,19,Yes,2,51.8,1,17846.35,Agriculture,34500.0,7.9,Yes,1
SHG24049,Kerala,Women SHG,15,48,45.9,60.0,112.99,4341.44,93.1,80.7,39,Yes,2,85.1,0,8836.33,Agriculture,59000.0,5.1,Yes,0
SHG24050,Maharashtra,Women SHG,8,56,30.4,87.3,290.11,9031.35,66.1,72.8,36,Yes,1,50.9,0,2262.08,Agriculture,5000.0,8.2,Yes,1
SHG24051,Andhra Pradesh,Women SHG,14,28,38.8,15.0,117.17,2818.09,17.9,87.1,18,Yes,2,74.3,1,30133.94,Agriculture,28700.0,9.2,Yes,0
SHG24052,Karnataka,Women SHG,11,22,31.9,55.3,82.68,1431.84,51.5,84.1,16,Yes,0,,0,0.0,Education,32400.0,5.3,No,0
SHG24053,Andhra Pradesh,Women SHG,10,74,38.6,45.0,52.76,3088.23,74.9,56.9,51,No,4,96.0,0,29962.98,Small Business,65100.0,6.2,Yes,0
SHG24054,Karnataka,Women SHG,11,4,39.2,29.6,152.22,344.47,81.6,89.8,2,No,0,,0,0.0,Livestock,25900.0,7.7,Yes,0
SHG24055,Karnataka,Women SHG,16,8,38.8,70.3,72.39,538.21,67.3,93.7,6,Yes,3,80.9,0,5751.59,Small Business,33800.0,7.0,No,1
SHG24056,Tamil Nadu,Farmer Producer Group,12,13,35.2,77.7,329.56,2817.97,76.2,80.1,9,Yes,1,72.6,0,1113.42,Agriculture,9000.0,8.5,Yes,1
SHG24057,Odisha,Women SHG,11,29,20.8,73.7,85.83,1651.55,88.0,72.7,26,No,1,77.9,0,51450.49,Small Business,43900.0,7.5,Yes,0
SHG24058,Kerala,Women SHG,11,14,40.2,68.2,34.92,319.49,50.7,64.1,10,Yes,0,,0,0.0,Emergency/Consumption,24200.0,8.8,Yes,0
SHG24059,Tamil Nadu,Women SHG,9,43,53.6,47.9,63.42,1374.36,71.2,70.2,29,Yes,4,87.0,0,24750.26,Emergency/Consumption,37600.0,4.3,Yes,1
SHG24060,Telangana,Mixed SHG,15,18,42.7,59.5,176.23,2696.17,86.1,74.9,14,Yes,2,87.8,2,9233.8,Home Improvement,67500.0,7.9,Yes,1
SHG24061,Bihar,Women SHG,15,37,26.7,44.7,102.64,3706.57,78.0,72.7,23,Yes,0,,0,0.0,Small Business,118900.0,6.0,Yes,1
SHG24062,Maharashtra,Women SHG,11,30,43.1,55.1,67.58,1218.48,66.3,82.5,27,Yes,0,,0,0.0,Small Business,25200.0,8.9,Yes,1
SHG24063,Maharashtra,Women SHG,10,25,40.1,54.5,246.32,3541.58,67.0,39.2,14,Yes,2,49.9,0,7010.98,Home Improvement,8800.0,6.7,Yes,0
SHG24064,Maharashtra,Mixed SHG,14,49,51.8,35.4,74.2,3429.05,80.0,85.1,33,No,0,,0,0.0,Home Improvement,55700.0,6.4,Yes,1
SHG24065,Karnataka,Women SHG,12,25,31.4,72.7,46.97,822.79,53.1,85.0,16,Yes,1,91.3,1,13647.85,Agriculture,37700.0,8.2,No,1
SHG24066,Andhra Pradesh,Women SHG,9,32,32.0,34.6,161.34,3119.12,57.3,78.9,18,Yes,1,57.7,0,13712.78,Small Business,55600.0,8.1,Yes,1
SHG24067,Telangana,Women SHG,19,20,27.2,78.5,160.48,3999.26,76.5,65.4,19,Yes,1,88.4,0,28176.61,Agriculture,50500.0,8.5,Yes,1
SHG24068,Maharashtra,Mixed SHG,20,12,47.9,76.1,54.74,889.06,94.1,82.3,9,Yes,0,,0,0.0,Agriculture,12600.0,8.3,No,1
SHG24069,Telangana,Women SHG,11,7,25.6,70.0,29.66,181.32,83.8,56.0,4,Yes,1,84.5,0,1560.7,Small Business,12300.0,7.9,Yes,1
SHG24070,Andhra Pradesh,Mixed SHG,10,27,42.0,40.3,66.41,1373.47,87.4,64.4,18,Yes,0,,0,0.0,Agriculture,23100.0,7.1,No,0
SHG24071,Odisha,Women SHG,12,35,35.0,87.8,26.04,649.21,34.7,74.0,21,Yes,1,83.3,1,43787.23,Agriculture,87000.0,6.9,No,1
SHG24072,West Bengal,Women SHG,12,5,32.3,65.4,104.29,413.32,55.6,76.1,4,Yes,0,,0,0.0,Agriculture,20600.0,7.3,Yes,0
SHG24073,Karnataka,Mixed SHG,13,29,30.9,60.4,114.5,3183.85,67.8,76.9,26,Yes,3,65.8,0,41447.18,Home Improvement,27000.0,7.7,Yes,1
SHG24074,Bihar,Farmer Producer Group,10,24,35.3,37.1,82.4,1465.46,44.9,78.3,19,No,1,81.4,0,9451.17,Agriculture,16100.0,8.6,Yes,1
SHG24075,Maharashtra,Women SHG,11,24,43.6,76.2,32.29,529.57,94.1,75.8,20,No,3,94.3,2,28305.45,Home Improvement,29900.0,9.2,Yes,0
SHG24076,Karnataka,Farmer Producer Group,14,27,31.3,44.4,75.96,2368.19,81.0,88.7,25,Yes,1,83.3,2,16460.49,Emergency/Consumption,55900.0,7.6,Yes,0
SHG24077,Karnataka,Women SHG,14,20,45.6,78.4,85.27,1824.27,92.8,66.0,18,Yes,1,66.8,0,29183.46,Livestock,40300.0,7.9,Yes,1
SHG24078,Kerala,Mixed SHG,16,28,31.6,91.9,77.57,1750.96,90.9,90.0,16,Yes,0,,0,0.0,Agriculture,18300.0,7.1,No,1
SHG24079,Karnataka,Women SHG,11,9,37.0,76.5,77.33,506.8,75.9,77.1,7,Yes,0,,0,0.0,Small Business,15800.0,8.8,Yes,1
SHG24080,Maharashtra,Women SHG,14,32,38.8,86.3,395.0,9434.55,14.1,72.9,20,Yes,1,94.4,0,27914.44,Small Business,12900.0,5.9,No,1
SHG24081,West Bengal,Farmer Producer Group,12,47,29.7,52.6,127.15,3716.03,72.2,42.1,29,Yes,1,73.1,1,9660.21,Emergency/Consumption,28600.0,4.6,Yes,0
SHG24082,Karnataka,Women SHG,11,25,34.7,49.4,146.36,3164.16,58.3,91.6,15,Yes,1,50.2,0,29558.25,Small Business,41100.0,6.7,No,1
SHG24083,Maharashtra,Farmer Producer Group,13,3,52.5,47.3,33.86,93.25,82.4,85.5,2,Yes,0,,0,0.0,Agriculture,57800.0,6.0,No,0
SHG24084,Odisha,Women SHG,16,76,51.7,58.8,204.0,19143.15,76.0,66.7,42,No,0,,0,0.0,Agriculture,18100.0,9.3,Yes,1
SHG24085,Telangana,Women SHG,13,48,30.0,51.4,93.02,4357.69,95.9,53.1,43,Yes,1,71.0,1,1332.75,Small Business,11300.0,6.1,Yes,1
SHG24086,Karnataka,Women SHG,12,14,43.8,76.4,310.99,2963.67,59.1,65.0,10,Yes,0,,0,0.0,Livestock,35900.0,9.3,No,1
SHG24087,Andhra Pradesh,Farmer Producer Group,20,30,45.4,67.9,120.35,5915.28,57.3,74.9,20,Yes,1,63.5,1,6720.6,Livestock,16900.0,7.9,No,1
SHG24088,Odisha,Women SHG,11,33,43.3,55.7,91.55,2335.94,72.4,95.9,31,No,3,73.4,0,29488.4,Agriculture,22400.0,7.6,Yes,1
SHG24089,Kerala,Women SHG,13,24,24.7,50.1,37.8,784.98,74.3,51.7,16,Yes,0,,0,0.0,Livestock,19800.0,9.3,Yes,1
SHG24090,Andhra Pradesh,Farmer Producer Group,17,3,44.9,47.7,183.45,659.17,87.0,78.6,2,Yes,0,,0,0.0,Livestock,16100.0,6.2,No,1
SHG24091,Tamil Nadu,Mixed SHG,8,43,42.8,60.8,28.01,699.62,51.6,84.3,33,Yes,3,49.6,1,15951.58,Livestock,27300.0,7.4,Yes,1
SHG24092,Tamil Nadu,Farmer Producer Group,15,26,44.2,60.0,140.62,2869.47,73.5,52.9,15,No,3,60.5,0,24326.86,Small Business,16300.0,7.6,Yes,0
SHG24093,West Bengal,Women SHG,8,76,46.2,31.1,29.9,1246.16,77.2,47.6,45,Yes,1,64.1,0,6576.06,Small Business,30200.0,8.6,Yes,1
SHG24094,Maharashtra,Women SHG,8,25,45.9,46.3,187.96,2105.77,65.6,79.6,23,No,1,56.3,0,20226.79,Education,21900.0,7.0,Yes,1
SHG24095,Kerala,Women SHG,16,7,50.4,89.0,76.1,445.44,52.8,68.6,6,Yes,1,57.7,2,7878.37,Livestock,54000.0,9.4,Yes,0
SHG24096,Uttar Pradesh,Women SHG,13,28,34.6,99.9,102.22,2685.17,87.2,81.3,18,Yes,1,84.3,1,39998.73,Livestock,46000.0,7.1,Yes,1
SHG24097,Bihar,Mixed SHG,13,11,35.8,61.6,102.35,1054.83,89.8,79.5,9,Yes,2,81.1,1,8935.65,Agriculture,12500.0,6.9,Yes,1
SHG24098,Tamil Nadu,Women SHG,11,21,35.4,54.9,75.74,1130.07,54.6,45.7,18,Yes,0,,0,0.0,Emergency/Consumption,5000.0,4.8,Yes,1
SHG24099,Karnataka,Women SHG,10,25,37.4,79.0,132.1,2677.33,72.0,66.8,17,No,2,60.5,0,24992.95,Small Business,68600.0,8.7,Yes,1
SHG24100,Andhra Pradesh,Women SHG,17,42,40.8,49.7,42.91,2349.0,83.9,62.5,39,Yes,1,65.2,1,11154.67,Home Improvement,16500.0,6.9,Yes,0
SHG24101,West Bengal,Women SHG,9,42,29.1,42.0,21.42,625.02,74.9,92.0,34,Yes,0,,0,0.0,Agriculture,30300.0,4.2,Yes,1
SHG24102,Maharashtra,Women SHG,14,71,43.1,62.0,40.13,2230.03,74.0,92.1,57,Yes,2,67.1,1,6863.05,Small Business,72400.0,4.5,Yes,0
SHG24103,Telangana,Women SHG,13,29,48.7,91.6,162.49,4840.34,85.3,50.4,23,Yes,0,,0,0.0,Emergency/Consumption,24100.0,8.6,No,1
SHG24104,Andhra Pradesh,Mixed SHG,20,22,42.2,53.3,47.79,1570.74,71.6,86.1,19,Yes,2,76.2,0,7901.91,Agriculture,18500.0,9.6,Yes,1
SHG24105,Karnataka,Women SHG,12,66,36.4,57.6,101.3,4472.6,56.9,65.0,44,Yes,2,73.2,0,9637.35,Education,30600.0,8.6,Yes,1
SHG24106,Telangana,Women SHG,9,73,42.7,40.9,310.93,15738.84,85.3,62.1,66,Yes,1,78.9,0,4766.77,Small Business,12000.0,8.2,Yes,0
SHG24107,Maharashtra,Women SHG,13,81,36.4,64.1,20.0,1320.66,64.7,63.7,76,Yes,2,94.7,1,11593.03,Emergency/Consumption,41500.0,8.2,No,1
SHG24108,Maharashtra,Mixed SHG,18,29,50.2,96.6,33.03,1191.19,79.1,89.0,18,Yes,2,43.7,1,4088.8,Small Business,22000.0,4.7,Yes,1
SHG24109,Bihar,Women SHG,16,34,34.0,53.9,49.68,2220.24,82.9,88.0,27,Yes,0,,0,0.0,Emergency/Consumption,33900.0,9.7,Yes,1
SHG24110,Tamil Nadu,Farmer Producer Group,20,30,24.3,61.4,50.78,2290.46,90.8,67.2,27,Yes,1,66.9,0,11526.37,Livestock,41000.0,6.5,Yes,1
SHG24111,Tamil Nadu,Women SHG,12,33,39.1,66.2,74.22,1661.66,73.4,85.3,19,No,1,90.4,0,13731.05,Agriculture,23000.0,5.3,No,0
SHG24112,Karnataka,Women SHG,11,31,44.8,23.7,78.35,2081.08,27.9,84.5,23,No,1,90.0,0,10738.6,Livestock,20400.0,4.3,No,0
SHG24113,Karnataka,Women SHG,11,49,49.8,56.2,263.44,8996.89,90.8,61.7,35,Yes,0,,0,0.0,Agriculture,28400.0,6.3,Yes,0
SHG24114,Uttar Pradesh,Farmer Producer Group,11,48,30.4,57.0,143.42,5058.49,69.4,70.4,28,Yes,2,76.0,0,19142.37,Emergency/Consumption,11700.0,9.3,Yes,1
SHG24115,Kerala,Women SHG,17,9,32.1,92.9,116.36,984.78,77.3,83.1,5,Yes,0,,0,0.0,Agriculture,25400.0,7.8,No,1
SHG24116,Tamil Nadu,Farmer Producer Group,15,12,42.8,78.2,20.0,259.06,94.7,89.6,11,Yes,4,71.3,0,57445.97,Agriculture,60400.0,6.5,No,1
SHG24117,Odisha,Women SHG,16,36,39.5,73.9,27.69,1303.3,65.8,73.5,26,Yes,1,64.5,0,10754.3,Agriculture,47900.0,9.7,Yes,0
SHG24118,Maharashtra,Women SHG,18,74,49.6,50.4,69.15,6407.28,52.7,86.5,53,Yes,2,72.5,1,1808.59,Small Business,34400.0,9.0,Yes,1
SHG24119,Kerala,Women SHG,8,73,38.2,23.1,45.22,1753.2,58.0,88.0,64,Yes,1,92.6,0,22234.25,Small Business,29600.0,5.9,Yes,0
SHG24120,Maharashtra,Farmer Producer Group,15,70,44.1,76.8,263.26,16558.42,62.0,78.7,47,Yes,4,66.7,1,15467.59,Emergency/Consumption,42200.0,6.9,Yes,1
SHG24121,Bihar,Women SHG,16,64,31.8,58.4,117.01,7685.36,74.3,76.5,53,Yes,3,57.0,0,18520.41,Emergency/Consumption,30600.0,6.1,No,1
SHG24122,West Bengal,Women SHG,11,22,30.6,68.9,51.63,887.99,78.8,90.3,12,Yes,0,,0,0.0,Emergency/Consumption,39200.0,5.7,No,1
SHG24123,Tamil Nadu,Women SHG,8,23,45.0,68.5,117.86,1736.51,77.0,66.7,20,Yes,2,34.2,0,13366.3,Livestock,22500.0,3.8,Yes,1
SHG24124,Bihar,Women SHG,11,12,30.5,72.0,242.35,1843.29,71.4,60.8,7,No,1,72.1,0,19530.5,Agriculture,5000.0,6.5,Yes,1
SHG24125,Tamil Nadu,Women SHG,14,37,31.6,64.5,64.91,2470.32,88.1,50.2,31,Yes,0,,0,0.0,Small Business,10800.0,7.8,Yes,1
SHG24126,Uttar Pradesh,Women SHG,13,73,39.8,76.3,72.44,4492.08,69.0,88.9,44,No,2,74.5,0,28426.25,Livestock,15700.0,4.7,Yes,1
SHG24127,Maharashtra,Women SHG,15,48,52.3,65.1,68.87,3999.21,88.6,65.5,37,Yes,1,68.0,0,15740.97,Agriculture,17500.0,9.9,Yes,0
SHG24128,Bihar,Farmer Producer Group,13,10,40.9,56.0,101.59,802.92,65.5,79.9,9,Yes,2,88.6,0,6683.87,Small Business,52400.0,5.4,Yes,1
SHG24129,Tamil Nadu,Women SHG,8,73,23.6,48.2,143.13,4945.71,45.3,87.4,47,Yes,2,71.0,0,11484.6,Education,12000.0,6.1,Yes,1
SHG24130,West Bengal,Women SHG,10,10,45.4,68.5,217.27,1624.12,86.2,67.5,6,Yes,2,65.0,0,30535.13,Emergency/Consumption,51700.0,5.2,Yes,1
SHG24131,Karnataka,Women SHG,18,31,50.0,48.3,20.0,889.06,80.2,94.5,25,No,3,83.3,0,16694.65,Home Improvement,9900.0,7.6,No,1
SHG24132,Tamil Nadu,Women SHG,11,10,43.5,82.6,165.63,1173.37,86.1,89.3,9,Yes,2,66.4,0,3790.1,Emergency/Consumption,43700.0,5.5,Yes,1
SHG24133,Tamil Nadu,Women SHG,11,30,41.5,31.9,185.22,4401.78,89.4,53.4,17,Yes,0,,0,0.0,Education,43600.0,9.6,Yes,0
SHG24134,Tamil Nadu,Women SHG,16,19,40.0,42.3,85.96,1672.15,16.5,79.8,14,Yes,0,,0,0.0,Agriculture,7300.0,7.3,No,1
SHG24135,Maharashtra,Women SHG,15,7,46.5,75.0,210.97,1341.46,81.8,81.1,5,No,0,,0,0.0,Education,41100.0,8.0,Yes,1
SHG24136,Bihar,Women SHG,13,27,36.8,59.4,320.48,6645.01,67.0,60.6,17,Yes,2,58.2,1,2020.4,Home Improvement,28200.0,6.1,Yes,1
SHG24137,Tamil Nadu,Women SHG,16,41,37.9,60.5,119.02,6432.01,86.4,78.0,36,Yes,2,69.7,2,21266.53,Livestock,15200.0,6.1,Yes,1
SHG24138,Odisha,Women SHG,15,19,49.3,76.6,119.22,2781.23,76.5,81.4,18,Yes,1,91.0,0,9259.19,Small Business,10100.0,8.1,Yes,1
SHG24139,Andhra Pradesh,Mixed SHG,10,19,39.9,59.9,28.92,410.93,65.7,63.0,10,Yes,1,66.1,1,8294.76,Emergency/Consumption,22600.0,5.0,No,0
SHG24140,Telangana,Mixed SHG,11,46,27.1,46.5,177.82,6803.48,78.7,58.7,42,Yes,0,,0,0.0,Emergency/Consumption,24900.0,6.6,Yes,1
SHG24141,Kerala,Farmer Producer Group,12,47,51.3,60.7,325.38,13375.59,81.6,73.7,25,Yes,1,79.8,0,2981.39,Home Improvement,31900.0,6.9,Yes,0
SHG24142,Odisha,Women SHG,15,29,47.7,55.7,30.24,916.68,49.3,72.2,16,Yes,0,,0,0.0,Emergency/Consumption,12900.0,9.6,No,1
SHG24143,West Bengal,Women SHG,14,14,44.5,56.2,20.0,295.83,30.1,83.5,8,Yes,1,73.3,0,17981.75,Education,27600.0,4.9,No,1
SHG24144,Bihar,Women SHG,11,9,35.4,45.4,105.76,827.19,45.9,54.6,8,No,0,,0,0.0,Home Improvement,74300.0,6.8,Yes,0
SHG24145,Tamil Nadu,Mixed SHG,12,16,38.0,57.2,61.72,749.29,65.7,50.3,12,Yes,2,84.6,0,10057.3,Education,34100.0,6.3,Yes,1
SHG24146,Karnataka,Women SHG,16,57,51.2,79.4,94.62,5006.04,66.5,81.9,34,Yes,1,81.9,0,40239.23,Agriculture,10600.0,6.9,Yes,1
SHG24147,Odisha,Women SHG,14,21,45.1,57.4,82.6,1483.9,61.5,61.3,13,Yes,3,76.5,0,23710.73,Agriculture,15300.0,10.0,Yes,1
SHG24148,Tamil Nadu,Women SHG,11,43,36.2,46.7,256.99,6387.99,59.3,90.4,31,Yes,0,,0,0.0,Small Business,12300.0,7.0,Yes,1
SHG24149,Kerala,Mixed SHG,18,28,41.7,78.1,90.5,3693.73,73.0,97.0,18,Yes,0,,0,0.0,Education,33200.0,5.7,No,1
SHG24150,West Bengal,Women SHG,11,8,54.8,76.0,254.7,1469.69,50.8,76.2,6,Yes,2,82.9,1,8530.05,Small Business,48100.0,8.4,Yes,1
SHG24151,Tamil Nadu,Women SHG,10,24,34.4,70.0,267.43,4887.52,87.5,76.5,19,Yes,1,62.9,0,28548.49,Small Business,51000.0,8.1,Yes,1
SHG24152,Tamil Nadu,Mixed SHG,9,6,41.6,63.4,42.81,119.86,88.5,66.8,5,Yes,1,50.1,0,11420.93,Education,22600.0,5.7,No,0
SHG24153,Odisha,Women SHG,11,31,42.2,47.9,229.83,4361.1,58.5,79.8,22,Yes,1,53.8,0,38955.02,Home Improvement,11100.0,7.8,Yes,0
SHG24154,Telangana,Farmer Producer Group,12,39,33.3,94.8,67.27,2495.05,50.2,60.6,29,Yes,0,,0,0.0,Agriculture,9400.0,5.7,No,1
SHG24155,Bihar,Women SHG,15,5,31.7,65.6,27.7,145.64,71.3,49.8,5,Yes,0,,0,0.0,Livestock,7800.0,6.7,No,0
SHG24156,Maharashtra,Women SHG,11,23,46.2,48.9,410.67,5475.29,75.4,67.8,12,Yes,1,71.4,0,4207.86,Home Improvement,57400.0,5.9,No,1
SHG24157,Telangana,Mixed SHG,15,55,43.5,62.5,87.73,5076.33,96.2,78.2,31,Yes,2,85.7,1,8411.85,Home Improvement,24000.0,7.4,Yes,1
SHG24158,Kerala,Mixed SHG,16,10,24.5,73.1,127.73,1443.63,70.1,85.5,7,Yes,0,,0,0.0,Emergency/Consumption,24500.0,5.6,Yes,1
SHG24159,Telangana,Women SHG,10,10,40.4,68.9,23.47,132.7,61.2,62.8,6,Yes,1,89.9,0,15550.33,Agriculture,86900.0,6.9,No,1
SHG24160,Andhra Pradesh,Women SHG,14,55,40.6,48.7,91.54,5575.09,46.4,85.4,50,Yes,0,,0,0.0,Education,5000.0,6.8,Yes,1
SHG24161,Uttar Pradesh,Mixed SHG,15,33,39.6,77.1,109.96,4304.91,80.6,91.0,24,Yes,0,,0,0.0,Livestock,7000.0,6.7,No,1
SHG24162,Tamil Nadu,Mixed SHG,10,48,39.1,59.3,319.06,9293.89,73.6,83.8,42,Yes,3,64.4,1,8119.68,Small Business,61600.0,4.7,Yes,1
SHG24163,Uttar Pradesh,Farmer Producer Group,17,37,37.7,53.3,57.0,2127.65,88.0,79.5,20,Yes,2,54.1,2,7985.46,Livestock,9200.0,6.2,No,0
SHG24164,Karnataka,Mixed SHG,16,12,25.5,76.2,97.63,1291.56,95.5,62.5,7,Yes,0,,0,0.0,Home Improvement,16300.0,4.4,Yes,1
SHG24165,Andhra Pradesh,Mixed SHG,13,39,38.1,59.8,99.58,2947.28,75.8,78.9,23,No,3,76.0,0,23918.46,Agriculture,17300.0,10.0,Yes,1
SHG24166,Karnataka,Women SHG,20,65,34.0,55.4,150.49,12589.96,60.5,63.4,56,Yes,0,,0,0.0,Emergency/Consumption,75500.0,6.5,No,1
SHG24167,Karnataka,Women SHG,8,4,28.8,51.9,98.54,186.91,85.2,46.2,3,Yes,0,,0,0.0,Agriculture,36300.0,6.1,Yes,0
SHG24168,Andhra Pradesh,Farmer Producer Group,17,23,35.9,52.6,45.14,1264.57,91.8,80.5,16,Yes,2,57.4,1,8037.83,Education,22500.0,7.0,Yes,0
SHG24169,Karnataka,Farmer Producer Group,13,4,38.8,65.6,164.29,568.76,57.1,77.5,2,No,0,,0,0.0,Emergency/Consumption,39900.0,4.7,No,0
SHG24170,Uttar Pradesh,Women SHG,13,34,30.9,81.8,29.4,734.47,84.6,83.5,22,Yes,2,49.8,1,5518.52,Education,49700.0,6.6,No,1
SHG24171,Bihar,Mixed SHG,15,4,35.0,63.8,35.57,134.68,78.6,88.6,3,Yes,0,,0,0.0,Home Improvement,73900.0,5.7,Yes,1
SHG24172,Andhra Pradesh,Women SHG,18,27,45.6,51.1,345.64,8897.08,61.7,69.2,18,Yes,1,93.7,0,6172.31,Small Business,24500.0,5.8,No,1
SHG24173,Tamil Nadu,Women SHG,16,36,33.8,56.6,113.32,3845.33,62.7,75.4,30,Yes,2,82.1,1,19877.3,Small Business,16500.0,6.7,Yes,1
SHG24174,Maharashtra,Women SHG,10,10,24.8,69.1,26.29,132.07,34.2,82.2,7,Yes,2,68.4,0,5378.83,Education,26300.0,6.2,Yes,0
SHG24175,Andhra Pradesh,Women SHG,15,29,38.0,76.2,166.53,5730.54,45.0,66.2,25,Yes,3,39.7,1,8351.09,Livestock,28200.0,8.7,Yes,0
SHG24176,Telangana,Women SHG,13,78,39.1,55.0,31.07,1707.37,38.8,76.0,66,No,0,,0,0.0,Agriculture,42700.0,7.5,No,1
SHG24177,Andhra Pradesh,Mixed SHG,12,14,36.2,47.1,208.3,2219.78,78.5,40.5,13,No,0,,0,0.0,Livestock,47000.0,4.6,No,0
SHG24178,Maharashtra,Women SHG,12,38,32.3,70.3,115.12,3332.28,75.1,81.1,33,Yes,1,73.2,1,6210.12,Agriculture,23600.0,6.7,Yes,1
SHG24179,Tamil Nadu,Women SHG,9,34,32.5,74.3,116.38,1948.18,83.3,98.0,20,Yes,0,,0,0.0,Small Business,22200.0,8.0,Yes,1
SHG24180,Tamil Nadu,Women SHG,9,19,37.0,35.9,70.44,720.38,80.3,98.1,13,No,1,57.7,0,25610.63,Home Improvement,82800.0,6.5,No,1
SHG24181,Odisha,Women SHG,11,32,37.4,61.2,156.65,3815.63,61.8,58.0,19,Yes,1,93.5,0,7263.67,Livestock,53600.0,5.1,Yes,1
SHG24182,Telangana,Women SHG,17,4,28.9,30.3,77.51,364.37,74.0,52.5,3,Yes,0,,0,0.0,Small Business,37000.0,7.2,No,0
SHG24183,Andhra Pradesh,Farmer Producer Group,18,28,28.9,90.2,86.88,2650.1,74.8,52.2,17,No,1,81.7,0,10573.05,Emergency/Consumption,30200.0,5.6,No,1
SHG24184,Tamil Nadu,Women SHG,20,68,36.8,60.1,210.97,20166.28,94.5,81.4,52,Yes,1,87.7,2,15994.52,Home Improvement,60500.0,6.3,No,1
SHG24185,Bihar,Women SHG,9,20,41.6,85.3,158.24,1539.68,76.6,45.8,16,Yes,0,,0,0.0,Education,75700.0,6.7,Yes,1
SHG24186,Andhra Pradesh,Mixed SHG,14,6,38.5,51.6,219.96,1456.77,30.0,81.1,5,Yes,2,78.9,0,22433.73,Small Business,68100.0,8.2,Yes,1
SHG24187,Telangana,Women SHG,14,67,40.7,70.5,228.09,11556.26,65.2,23.2,50,Yes,2,51.8,0,25268.69,Agriculture,40400.0,8.7,No,0
SHG24188,Tamil Nadu,Women SHG,11,20,45.1,75.6,41.36,588.47,93.7,74.2,17,Yes,1,70.1,0,6461.75,Livestock,21000.0,4.3,Yes,1
SHG24189,Kerala,Farmer Producer Group,17,30,42.9,72.6,151.66,4874.52,90.1,86.5,23,Yes,0,,0,0.0,Agriculture,52300.0,7.9,Yes,1
SHG24190,Telangana,Mixed SHG,12,6,47.7,92.2,184.01,908.5,77.2,66.3,5,Yes,2,85.1,0,16585.18,Small Business,23000.0,7.0,Yes,1
SHG24191,Tamil Nadu,Women SHG,18,23,29.8,81.6,308.54,8062.95,86.5,51.2,20,Yes,0,,0,0.0,Small Business,16600.0,7.0,No,1
SHG24192,Karnataka,Mixed SHG,9,8,35.1,80.8,86.9,342.76,44.4,87.9,7,Yes,0,,0,0.0,Small Business,28700.0,5.3,Yes,0
SHG24193,Maharashtra,Women SHG,13,15,37.2,49.6,219.72,3173.64,80.6,64.4,14,Yes,3,56.3,0,24249.35,Small Business,64300.0,6.0,No,1
SHG24194,West Bengal,Women SHG,9,13,35.5,55.7,88.04,718.24,80.2,62.4,10,Yes,0,,0,0.0,Livestock,25200.0,8.1,Yes,1
SHG24195,Telangana,Women SHG,10,18,55.2,72.8,41.56,565.07,44.6,83.0,17,Yes,0,,0,0.0,Emergency/Consumption,29200.0,6.7,No,1
SHG24196,Karnataka,Women SHG,15,17,41.5,46.5,126.53,2574.66,85.9,73.3,14,Yes,1,90.3,1,4178.17,Agriculture,18400.0,7.4,Yes,1
SHG24197,Bihar,Mixed SHG,18,18,34.6,35.1,75.92,1269.86,87.9,62.4,11,Yes,0,,0,0.0,Agriculture,8500.0,8.5,No,1
SHG24198,Bihar,Mixed SHG,12,26,26.2,38.1,133.12,2207.46,52.9,56.5,24,Yes,2,55.5,1,6690.09,Emergency/Consumption,31800.0,4.0,Yes,1
SHG24199,Odisha,Women SHG,15,35,35.1,61.5,23.59,697.84,83.5,96.9,20,Yes,1,81.4,0,16831.8,Small Business,17900.0,5.9,Yes,0
SHG24200,Uttar Pradesh,Women SHG,14,43,38.0,48.3,65.19,3213.87,56.9,60.0,28,Yes,1,75.6,0,16293.86,Agriculture,5000.0,7.9,Yes,1
SHG24201,Maharashtra,Women SHG,18,17,42.8,68.8,114.9,2622.05,57.5,33.9,14,Yes,0,,0,0.0,Small Business,25400.0,6.5,Yes,1
SHG24202,Kerala,Mixed SHG,11,78,48.9,11.2,45.57,2115.09,53.8,76.8,57,Yes,0,,0,0.0,Emergency/Consumption,25200.0,7.7,No,1
SHG24203,Telangana,Women SHG,14,89,42.4,68.4,252.94,18139.14,85.8,66.7,62,Yes,0,,0,0.0,Home Improvement,30000.0,8.1,Yes,1
SHG24204,Telangana,Women SHG,12,54,35.5,79.4,123.56,5623.37,53.1,69.6,50,Yes,1,50.1,1,10899.29,Small Business,5100.0,8.1,No,1
SHG24205,Andhra Pradesh,Mixed SHG,19,102,43.2,52.6,96.42,14880.33,49.5,91.0,72,Yes,2,89.6,1,14556.03,Emergency/Consumption,31000.0,5.0,Yes,1
SHG24206,Andhra Pradesh,Mixed SHG,16,26,47.8,68.0,24.2,762.79,44.2,86.7,20,Yes,2,76.4,0,8805.3,Emergency/Consumption,19200.0,8.3,Yes,1
SHG24207,Odisha,Women SHG,8,43,59.8,50.8,84.7,1663.5,75.8,59.5,33,Yes,0,,0,0.0,Livestock,84700.0,5.1,No,1
SHG24208,Uttar Pradesh,Women SHG,11,24,53.3,37.8,28.54,480.7,66.1,62.6,21,Yes,0,,0,0.0,Home Improvement,5000.0,9.8,Yes,1
SHG24209,Tamil Nadu,Women SHG,18,70,37.5,72.2,52.59,3339.05,86.2,71.6,58,Yes,1,74.1,0,25910.25,Education,11500.0,8.4,No,1
SHG24210,Bihar,Women SHG,15,53,20.1,63.7,20.0,1156.78,73.9,74.6,44,Yes,3,68.9,0,16792.61,Education,67700.0,5.0,Yes,1
SHG24211,Odisha,Women SHG,11,32,42.6,67.2,83.01,2273.43,70.5,70.1,21,Yes,0,,0,0.0,Livestock,25600.0,5.3,No,0
SHG24212,Odisha,Farmer Producer Group,13,16,41.1,81.1,45.25,518.15,90.1,73.2,11,Yes,1,72.8,2,25570.35,Livestock,24300.0,5.7,Yes,0
SHG24213,Uttar Pradesh,Women SHG,8,23,29.5,58.1,191.21,2218.49,65.4,88.2,20,Yes,4,59.8,0,3267.82,Agriculture,6300.0,7.0,No,1
SHG24214,West Bengal,Mixed SHG,17,41,34.8,80.2,154.36,6747.81,80.9,52.6,28,Yes,1,89.0,0,23032.86,Livestock,8000.0,6.1,Yes,1
SHG24215,Tamil Nadu,Women SHG,12,10,44.4,83.2,105.56,770.29,89.7,80.9,7,Yes,1,88.2,0,5899.9,Agriculture,30700.0,7.9,Yes,1
SHG24216,Tamil Nadu,Mixed SHG,14,18,33.0,58.3,153.27,2374.11,60.1,90.1,15,Yes,1,85.4,0,15585.9,Small Business,31100.0,5.8,Yes,1
SHG24217,Kerala,Women SHG,8,47,36.0,53.1,84.34,1743.75,77.3,83.3,24,Yes,2,95.4,0,22935.13,Livestock,5000.0,5.9,Yes,1
SHG24218,Tamil Nadu,Farmer Producer Group,8,38,49.1,60.0,20.0,328.68,63.2,77.0,28,Yes,2,71.3,0,9163.59,Small Business,31200.0,7.9,No,0
SHG24219,Telangana,Women SHG,18,22,34.6,76.9,92.42,2287.22,86.8,90.1,18,No,1,95.8,1,28663.67,Small Business,15100.0,5.4,No,1
SHG24220,Telangana,Women SHG,16,19,31.7,50.4,268.81,6696.34,61.6,81.5,11,Yes,1,58.5,2,15033.45,Agriculture,8900.0,9.4,Yes,0
SHG24221,West Bengal,Women SHG,20,26,38.9,85.4,206.5,5505.93,82.2,82.5,14,Yes,2,87.0,1,5955.41,Livestock,33900.0,6.7,No,1
SHG24222,Tamil Nadu,Women SHG,16,5,33.2,52.9,113.03,721.4,53.4,93.1,4,Yes,0,,0,0.0,Agriculture,15400.0,8.8,No,0
SHG24223,Tamil Nadu,Women SHG,10,12,47.1,78.2,63.98,618.97,54.8,73.6,7,Yes,1,89.3,0,19752.81,Small Business,13200.0,6.9,No,0
SHG24224,Maharashtra,Women SHG,19,9,35.7,59.2,55.41,618.11,53.5,79.0,5,Yes,0,,0,0.0,Small Business,6200.0,7.0,No,0
SHG24225,Odisha,Women SHG,11,14,33.4,26.0,85.13,834.13,96.2,89.7,13,Yes,4,86.9,1,552.41,Small Business,35800.0,9.3,Yes,1
SHG24226,Uttar Pradesh,Women SHG,11,26,31.7,77.1,40.49,648.92,88.0,75.6,19,Yes,1,74.3,0,12283.1,Agriculture,14300.0,7.8,Yes,1
SHG24227,Tamil Nadu,Mixed SHG,20,13,32.6,33.6,77.76,1560.2,92.7,71.6,11,Yes,2,31.3,0,16062.24,Emergency/Consumption,6100.0,8.8,Yes,1
SHG24228,Odisha,Women SHG,15,19,38.0,31.9,226.77,4702.79,78.3,61.5,17,No,2,73.1,0,35162.93,Emergency/Consumption,37400.0,5.8,No,0
SHG24229,Andhra Pradesh,Women SHG,12,59,42.3,76.3,146.29,7137.61,78.5,84.1,45,Yes,2,75.7,0,8787.32,Emergency/Consumption,29400.0,8.5,No,1
SHG24230,Andhra Pradesh,Mixed SHG,11,4,44.1,80.7,53.1,192.21,43.8,82.0,3,Yes,0,,0,0.0,Livestock,28800.0,6.6,Yes,0
SHG24231,Tamil Nadu,Farmer Producer Group,13,50,37.4,55.4,81.87,3716.85,58.5,43.8,41,Yes,0,,0,0.0,Education,16500.0,7.4,Yes,1
SHG24232,Odisha,Women SHG,11,11,43.3,90.1,83.04,723.06,75.1,84.0,9,Yes,2,76.0,1,28681.11,Agriculture,18800.0,6.9,Yes,1
SHG24233,Telangana,Women SHG,15,32,33.2,26.6,46.24,1741.7,71.5,66.2,21,Yes,0,,0,0.0,Livestock,53500.0,5.6,Yes,0
SHG24234,Tamil Nadu,Farmer Producer Group,14,33,46.2,51.4,60.59,2137.36,69.1,71.1,24,Yes,1,45.2,2,33210.48,Small Business,14100.0,5.5,Yes,0
SHG24235,Tamil Nadu,Women SHG,9,12,50.4,57.9,51.97,335.93,19.7,53.9,7,Yes,3,77.5,0,13741.23,Education,26600.0,7.0,No,1
SHG24236,West Bengal,Women SHG,12,42,39.0,86.7,166.61,4545.88,70.2,83.1,39,Yes,1,94.4,0,35543.31,Small Business,118900.0,8.0,No,1
SHG24237,Tamil Nadu,Women SHG,11,56,46.9,50.2,77.15,3309.73,96.6,82.1,45,Yes,0,,0,0.0,Emergency/Consumption,25900.0,6.2,Yes,0
SHG24238,Uttar Pradesh,Women SHG,14,47,49.9,71.1,102.24,5345.68,57.1,79.6,26,Yes,0,,0,0.0,Agriculture,11800.0,6.4,No,1
SHG24239,Odisha,Women SHG,13,17,47.1,55.0,90.99,1030.54,74.7,62.2,10,Yes,2,77.3,1,9452.14,Agriculture,52800.0,9.4,No,0
SHG24240,West Bengal,Mixed SHG,19,42,43.1,54.0,155.96,8341.68,16.9,69.4,36,Yes,3,68.8,0,8206.12,Home Improvement,68900.0,3.8,Yes,1
SHG24241,Andhra Pradesh,Farmer Producer Group,15,15,30.8,45.2,131.38,1945.35,77.3,84.4,11,Yes,3,53.4,1,13083.03,Emergency/Consumption,25900.0,6.6,Yes,1
SHG24242,Telangana,Farmer Producer Group,13,29,51.7,78.3,82.01,1756.83,96.5,77.2,27,Yes,1,47.3,0,25484.23,Emergency/Consumption,14100.0,5.7,No,1
SHG24243,Tamil Nadu,Women SHG,12,31,44.3,92.5,33.57,984.61,87.6,97.7,16,Yes,2,62.7,1,53791.61,Education,22000.0,5.1,Yes,1
SHG24244,Telangana,Women SHG,16,20,21.7,57.5,63.08,1366.65,67.4,91.9,13,Yes,1,71.2,0,11944.28,Emergency/Consumption,5100.0,6.0,Yes,1
SHG24245,Kerala,Women SHG,14,32,27.9,86.2,56.77,1493.82,59.5,62.9,29,Yes,2,78.0,0,17865.18,Small Business,65500.0,7.3,Yes,1
SHG24246,Uttar Pradesh,Women SHG,11,31,24.8,63.4,178.63,3545.6,66.7,97.0,19,Yes,1,83.9,0,37768.35,Small Business,36500.0,7.5,Yes,1
SHG24247,Andhra Pradesh,Farmer Producer Group,12,46,33.7,70.8,77.95,3248.0,73.9,74.6,38,Yes,1,93.4,1,23774.38,Livestock,18700.0,8.2,Yes,1
SHG24248,Andhra Pradesh,Women SHG,13,15,40.3,67.2,200.74,1976.92,54.2,63.9,12,No,2,68.1,0,15073.92,Agriculture,10000.0,7.0,Yes,1
SHG24249,West Bengal,Farmer Producer Group,13,29,35.5,66.3,36.69,916.67,60.7,59.5,17,Yes,0,,0,0.0,Education,30000.0,7.8,Yes,0
SHG24250,Tamil Nadu,Women SHG,12,11,47.4,100.0,173.32,1791.39,63.3,93.3,6,Yes,1,75.6,0,16020.21,Education,77500.0,6.4,No,1
SHG24251,West Bengal,Mixed SHG,10,16,39.6,74.2,178.59,1858.95,72.8,45.9,14,Yes,0,,0,0.0,Agriculture,5000.0,6.7,Yes,1
SHG24252,Tamil Nadu,Women SHG,8,22,46.8,51.9,25.94,300.98,75.7,84.1,13,Yes,2,71.7,0,3489.67,Home Improvement,24500.0,7.0,Yes,1
SHG24253,Telangana,Women SHG,8,35,43.2,73.1,247.41,3514.09,55.9,80.3,30,Yes,3,9.0,1,3692.2,Small Business,18400.0,4.9,No,0
SHG24254,Kerala,Mixed SHG,10,21,30.8,43.5,234.25,4077.04,60.2,72.3,11,Yes,1,65.6,0,4800.46,Home Improvement,35300.0,7.1,No,1
SHG24255,Uttar Pradesh,Women SHG,15,8,38.9,78.5,150.17,1269.54,68.5,48.6,7,Yes,2,45.6,0,5373.29,Agriculture,8500.0,5.8,Yes,1
SHG24256,Odisha,Women SHG,8,13,45.3,61.2,194.4,1042.79,72.6,88.7,10,Yes,0,,0,0.0,Agriculture,22000.0,4.4,Yes,1
SHG24257,Telangana,Women SHG,20,13,42.5,50.4,44.24,712.57,69.7,95.5,12,Yes,0,,0,0.0,Small Business,19400.0,7.2,Yes,1
SHG24258,Andhra Pradesh,Women SHG,9,77,47.8,63.3,57.37,3206.94,90.3,61.4,69,Yes,1,57.1,2,20278.65,Emergency/Consumption,65300.0,6.5,Yes,1
SHG24259,Bihar,Women SHG,12,21,48.0,92.7,78.39,1157.17,59.2,79.5,16,Yes,3,80.2,0,21612.08,Agriculture,12800.0,4.9,Yes,1
SHG24260,Andhra Pradesh,Mixed SHG,14,11,41.3,71.9,112.4,1162.49,93.5,40.0,9,Yes,1,46.6,0,28933.61,Livestock,10700.0,7.1,Yes,1
SHG24261,Telangana,Women SHG,13,4,41.3,58.7,60.45,182.4,64.1,78.6,3,Yes,0,,0,0.0,Small Business,53600.0,6.1,Yes,0
SHG24262,Telangana,Mixed SHG,15,17,50.2,87.2,143.13,2056.21,61.8,77.6,12,Yes,4,43.3,1,11525.76,Small Business,34900.0,6.7,Yes,1
SHG24263,Telangana,Women SHG,18,40,29.3,73.4,188.95,8369.07,72.7,77.7,31,Yes,3,79.4,0,24062.52,Emergency/Consumption,16300.0,8.1,No,1
SHG24264,Telangana,Mixed SHG,16,43,47.2,70.1,200.8,10837.78,95.6,76.7,31,Yes,1,61.5,0,9286.83,Livestock,43600.0,7.8,Yes,1
SHG24265,Kerala,Women SHG,16,8,31.2,81.9,298.99,2619.58,95.2,78.5,8,No,3,69.6,2,14192.58,Livestock,6100.0,8.0,Yes,1
SHG24266,Andhra Pradesh,Women SHG,12,25,28.9,48.6,126.42,2100.54,89.2,91.2,20,Yes,3,70.2,0,10174.72,Small Business,47800.0,5.7,Yes,0
SHG24267,Kerala,Women SHG,15,34,46.1,54.8,61.06,1620.21,78.2,61.4,27,Yes,2,91.1,3,8486.27,Agriculture,12900.0,9.0,No,0
SHG24268,Odisha,Women SHG,12,72,50.6,46.5,20.0,1076.7,53.1,69.8,38,Yes,1,92.2,0,20553.5,Agriculture,32000.0,6.2,Yes,1
SHG24269,Bihar,Farmer Producer Group,13,7,45.0,61.4,138.31,732.42,25.7,75.7,4,Yes,1,90.7,0,12218.02,Agriculture,59000.0,5.7,Yes,0
SHG24270,West Bengal,Farmer Producer Group,13,21,42.7,79.2,159.07,2437.99,56.1,45.8,12,Yes,2,90.3,0,28880.5,Education,6600.0,8.5,Yes,1
SHG24271,Tamil Nadu,Women SHG,12,56,30.4,57.5,20.0,1100.72,71.8,84.9,45,No,1,85.1,0,7089.27,Small Business,33300.0,8.8,No,0
SHG24272,Odisha,Women SHG,9,41,39.9,71.4,105.87,2086.18,69.7,69.9,25,Yes,2,56.1,1,48471.57,Small Business,32500.0,6.6,Yes,0
SHG24273,West Bengal,Farmer Producer Group,16,18,37.4,53.5,164.83,3658.13,61.9,95.1,14,Yes,0,,0,0.0,Agriculture,23700.0,8.4,Yes,1
SHG24274,Odisha,Women SHG,11,44,37.7,45.8,97.3,3407.1,81.1,69.2,29,No,0,,0,0.0,Agriculture,12900.0,6.7,Yes,1
SHG24275,Odisha,Women SHG,13,4,39.2,70.1,262.44,945.98,71.2,74.1,3,No,0,,0,0.0,Livestock,43800.0,9.2,No,0
SHG24276,Tamil Nadu,Women SHG,14,36,38.8,44.1,359.13,13652.47,75.6,83.3,19,Yes,1,51.1,0,10158.07,Agriculture,43600.0,5.4,No,1
SHG24277,Maharashtra,Mixed SHG,11,31,30.9,62.5,202.39,4928.38,86.5,82.5,27,Yes,1,68.2,0,6032.02,Agriculture,39200.0,8.7,Yes,1
SHG24278,Bihar,Women SHG,13,18,40.4,31.5,67.53,1131.78,74.1,76.8,11,Yes,2,69.7,1,23816.5,Small Business,40400.0,8.1,Yes,1
SHG24279,Telangana,Women SHG,13,3,41.0,30.4,176.84,377.47,51.7,60.4,2,Yes,0,,0,0.0,Agriculture,6200.0,6.1,Yes,0
SHG24280,Uttar Pradesh,Mixed SHG,10,33,45.0,53.5,118.07,2509.79,73.8,72.1,21,Yes,0,,0,0.0,Agriculture,20100.0,7.2,No,1
SHG24281,Tamil Nadu,Mixed SHG,14,41,38.1,56.0,165.02,6918.98,67.5,87.8,35,No,2,67.0,0,14787.81,Small Business,14300.0,7.0,No,0
SHG24282,Karnataka,Mixed SHG,14,25,30.8,84.7,34.85,727.2,49.1,86.0,15,Yes,3,84.2,0,15610.14,Education,17100.0,6.8,Yes,1
SHG24283,Telangana,Women SHG,8,16,36.1,64.1,32.82,210.68,78.9,62.6,14,Yes,1,78.1,1,7275.18,Agriculture,17600.0,6.3,Yes,1
SHG24284,Telangana,Women SHG,9,12,41.4,55.1,159.77,1150.36,78.3,46.5,11,Yes,0,,0,0.0,Livestock,44800.0,10.0,No,0
SHG24285,Tamil Nadu,Women SHG,15,13,51.1,69.1,48.77,713.07,97.1,59.9,7,Yes,1,91.4,0,9246.55,Agriculture,23300.0,9.2,Yes,1
SHG24286,Andhra Pradesh,Farmer Producer Group,8,39,43.6,59.0,45.83,1024.59,68.5,59.1,21,Yes,2,87.8,0,19218.27,Emergency/Consumption,29200.0,9.1,Yes,1
SHG24287,Uttar Pradesh,Mixed SHG,13,17,38.1,45.9,58.47,997.84,93.2,42.4,13,Yes,1,66.8,0,43013.41,Small Business,21600.0,7.3,No,1
SHG24288,Maharashtra,Women SHG,13,25,43.6,53.5,347.03,9303.9,59.0,46.8,13,Yes,0,,0,0.0,Emergency/Consumption,62400.0,5.6,Yes,0
SHG24289,Andhra Pradesh,Women SHG,9,50,20.0,62.4,47.21,1578.92,66.7,68.8,39,Yes,4,91.4,0,29563.46,Emergency/Consumption,47200.0,5.3,Yes,1
SHG24290,Tamil Nadu,Women SHG,9,9,35.9,34.4,225.61,926.83,75.9,84.1,7,Yes,0,,0,0.0,Small Business,19600.0,8.4,No,1
SHG24291,Uttar Pradesh,Women SHG,15,32,40.5,31.8,20.0,564.08,81.6,80.9,25,Yes,0,,0,0.0,Agriculture,15800.0,9.3,No,1
SHG24292,Uttar Pradesh,Women SHG,13,50,47.1,43.9,128.55,6730.18,84.5,64.1,39,Yes,1,91.5,0,50424.24,Agriculture,94400.0,4.9,Yes,1
SHG24293,Maharashtra,Farmer Producer Group,14,55,47.1,80.9,121.47,7468.12,82.6,66.9,47,Yes,1,55.6,1,8547.93,Livestock,19600.0,9.3,Yes,1
SHG24294,Tamil Nadu,Women SHG,15,10,38.1,94.0,71.46,767.62,80.9,64.6,9,Yes,2,75.2,0,3302.86,Education,52800.0,8.8,Yes,1
SHG24295,Tamil Nadu,Women SHG,10,73,39.4,65.6,44.29,2201.99,77.4,93.4,60,Yes,5,97.5,0,9760.95,Emergency/Consumption,31200.0,8.7,No,1
SHG24296,Odisha,Women SHG,11,19,20.5,44.4,43.38,649.16,95.0,49.6,10,Yes,2,84.7,0,2325.86,Emergency/Consumption,35200.0,8.7,Yes,1
SHG24297,Andhra Pradesh,Women SHG,13,64,22.4,71.5,159.51,7526.86,86.0,71.8,52,Yes,1,82.3,0,2335.66,Agriculture,26800.0,7.0,No,1
SHG24298,Andhra Pradesh,Mixed SHG,13,32,32.7,39.7,20.0,607.62,42.3,74.9,16,Yes,0,,0,0.0,Agriculture,37000.0,6.7,No,1
SHG24299,Tamil Nadu,Mixed SHG,10,33,43.0,39.3,20.0,442.9,22.7,67.0,17,Yes,1,77.2,0,6370.33,Home Improvement,10100.0,6.9,Yes,1
SHG24300,Telangana,Farmer Producer Group,12,25,36.8,52.4,159.38,3982.63,64.8,85.6,18,No,1,84.1,0,12297.87,Livestock,12000.0,6.2,No,1
SHG24301,Tamil Nadu,Women SHG,8,17,44.7,49.4,81.28,592.8,91.5,61.1,10,Yes,1,74.9,0,4507.8,Education,26500.0,6.8,Yes,1
SHG24302,Tamil Nadu,Women SHG,14,16,59.8,48.3,71.76,1302.91,71.8,61.7,15,Yes,2,68.2,1,25727.95,Small Business,53100.0,6.8,Yes,1
SHG24303,Tamil Nadu,Women SHG,15,10,28.7,73.2,157.4,1700.71,65.3,58.3,6,Yes,1,62.9,1,6056.81,Education,12600.0,4.9,Yes,1
SHG24304,Kerala,Mixed SHG,13,81,42.7,51.9,109.91,8408.12,57.4,72.8,55,Yes,3,73.1,0,7876.27,Small Business,34500.0,10.0,No,1
SHG24305,Karnataka,Women SHG,8,51,48.3,39.2,30.39,841.87,76.5,81.8,44,Yes,1,70.7,0,9371.55,Small Business,28500.0,5.4,No,1
SHG24306,Uttar Pradesh,Mixed SHG,17,28,31.8,33.4,128.78,4324.24,80.5,62.9,25,Yes,0,,0,0.0,Agriculture,109300.0,7.6,No,1
SHG24307,West Bengal,Women SHG,11,7,46.2,68.9,61.34,354.46,75.3,92.9,4,Yes,0,,0,0.0,Education,34100.0,5.0,No,0
SHG24308,Kerala,Women SHG,11,30,40.2,57.6,80.71,1426.53,76.5,69.6,16,Yes,1,94.8,0,19700.47,Small Business,33100.0,5.6,No,0
SHG24309,Karnataka,Women SHG,12,7,47.2,64.7,174.81,1173.89,68.6,40.2,5,Yes,2,74.8,0,10796.98,Agriculture,38800.0,6.7,No,1
SHG24310,Tamil Nadu,Women SHG,16,8,44.3,94.1,192.82,1408.17,97.4,85.4,7,Yes,1,79.9,1,7638.64,Education,25100.0,8.1,No,1
SHG24311,Telangana,Women SHG,13,71,31.5,60.2,32.77,1591.07,91.2,41.0,61,Yes,0,,0,0.0,Small Business,37900.0,9.8,No,1
SHG24312,Uttar Pradesh,Women SHG,11,60,42.2,67.6,67.76,3158.6,77.3,83.4,55,Yes,4,75.0,1,7230.81,Small Business,53800.0,6.2,Yes,1
SHG24313,Odisha,Women SHG,14,50,47.4,79.1,89.55,3578.81,90.7,95.9,45,Yes,1,81.1,0,21446.14,Livestock,21800.0,8.8,Yes,1
SHG24314,Karnataka,Women SHG,14,15,40.4,31.5,36.27,486.21,64.3,79.8,13,Yes,0,,0,0.0,Small Business,39600.0,6.0,Yes,1
SHG24315,Karnataka,Women SHG,12,12,29.9,67.7,76.25,686.38,70.1,60.2,11,Yes,0,,0,0.0,Small Business,17200.0,5.5,Yes,1
SHG24316,Maharashtra,Women SHG,13,15,26.7,69.1,131.37,1764.49,92.4,79.5,8,Yes,0,,0,0.0,Livestock,28900.0,6.8,No,1
SHG24317,Bihar,Women SHG,12,17,38.1,74.5,50.45,820.65,68.3,58.3,10,Yes,1,78.8,1,40899.74,Small Business,35100.0,5.6,No,0
SHG24318,Bihar,Farmer Producer Group,13,38,20.0,52.3,167.79,6183.74,87.1,67.6,27,Yes,4,80.1,0,31151.36,Livestock,17600.0,6.1,Yes,1
SHG24319,Andhra Pradesh,Women SHG,12,87,41.9,69.1,20.0,1466.73,59.0,64.3,79,Yes,1,93.3,0,6409.87,Small Business,24300.0,5.7,Yes,1
SHG24320,Maharashtra,Women SHG,12,33,37.9,35.0,248.19,5903.32,57.7,86.0,29,Yes,4,93.1,0,8711.16,Livestock,48900.0,5.6,No,1
SHG24321,Andhra Pradesh,Mixed SHG,12,43,37.7,50.0,48.61,1510.9,79.7,88.0,23,Yes,1,72.3,2,14340.46,Agriculture,22000.0,4.7,Yes,1
SHG24322,Maharashtra,Women SHG,14,60,39.1,55.1,20.0,1058.53,28.3,46.1,53,Yes,0,,0,0.0,Emergency/Consumption,37900.0,8.8,Yes,0
SHG24323,Karnataka,Women SHG,17,36,42.1,69.6,77.75,2861.97,72.5,80.4,26,Yes,0,,0,0.0,Agriculture,49300.0,8.6,Yes,1
SHG24324,Tamil Nadu,Women SHG,10,15,62.0,81.3,77.68,889.81,72.9,57.2,13,No,0,,0,0.0,Small Business,17300.0,7.0,Yes,1
SHG24325,Uttar Pradesh,Mixed SHG,10,30,40.6,60.4,73.48,1469.63,80.0,56.3,19,Yes,1,55.7,0,12056.77,Livestock,39700.0,5.2,No,1
SHG24326,Telangana,Women SHG,11,80,53.3,44.7,171.13,10486.95,75.4,79.1,76,Yes,1,53.8,0,31317.03,Emergency/Consumption,11000.0,6.6,No,1
SHG24327,Bihar,Women SHG,8,77,45.1,79.2,50.75,2467.26,85.4,91.2,61,Yes,1,92.2,0,11640.27,Agriculture,5000.0,10.0,Yes,1
SHG24328,Andhra Pradesh,Mixed SHG,13,43,58.0,71.8,136.6,5376.6,60.1,74.3,36,Yes,2,68.4,0,8101.13,Livestock,21800.0,8.6,No,1
SHG24329,Tamil Nadu,Women SHG,8,34,38.1,61.5,225.88,4070.61,61.2,87.0,25,No,2,76.0,0,32827.71,Small Business,26600.0,9.1,No,0
SHG24330,Maharashtra,Women SHG,18,52,20.2,77.7,120.46,6126.37,84.3,78.2,45,Yes,1,97.9,0,10797.66,Agriculture,7500.0,3.8,No,1
SHG24331,Tamil Nadu,Women SHG,12,6,43.1,90.2,159.08,593.62,69.2,73.0,4,Yes,2,84.8,0,6077.64,Agriculture,49700.0,9.5,Yes,1
SHG24332,Telangana,Women SHG,14,77,20.0,71.4,98.59,7037.42,84.4,78.1,63,Yes,1,88.2,0,7254.83,Livestock,22500.0,6.8,Yes,1
SHG24333,Bihar,Women SHG,11,24,33.7,73.4,235.36,4625.53,90.7,80.7,16,Yes,0,,0,0.0,Agriculture,79600.0,7.6,No,0
SHG24334,Telangana,Women SHG,15,33,35.8,79.5,88.36,2672.21,89.3,54.7,19,Yes,1,71.0,0,9048.33,Livestock,38500.0,10.0,No,1
SHG24335,West Bengal,Mixed SHG,8,9,43.9,60.9,23.61,103.49,66.0,93.1,7,Yes,1,88.9,0,6594.87,Agriculture,18300.0,8.4,No,0
SHG24336,Kerala,Women SHG,8,20,42.5,52.3,55.23,524.51,49.5,62.6,16,Yes,2,71.0,0,11966.68,Small Business,40200.0,8.8,No,1
SHG24337,Kerala,Women SHG,13,38,37.4,30.8,96.81,2996.17,94.7,81.3,32,Yes,0,,0,0.0,Home Improvement,32900.0,6.4,Yes,1
SHG24338,Odisha,Women SHG,8,15,38.0,35.1,145.63,1397.9,70.7,75.1,11,Yes,1,70.5,0,20491.85,Small Business,11400.0,9.0,Yes,0
SHG24339,Uttar Pradesh,Farmer Producer Group,13,41,22.2,42.3,123.41,5121.51,48.0,73.9,22,Yes,1,70.4,1,18950.2,Emergency/Consumption,31400.0,8.7,Yes,1
SHG24340,Tamil Nadu,Women SHG,20,20,50.7,82.9,29.77,731.4,55.2,77.6,13,Yes,3,79.4,0,24050.1,Emergency/Consumption,44300.0,10.0,Yes,1
SHG24341,Tamil Nadu,Women SHG,13,16,37.0,60.2,43.17,597.35,65.5,95.5,12,Yes,2,89.4,1,39576.53,Livestock,18800.0,9.2,Yes,0
SHG24342,Bihar,Women SHG,10,52,38.8,49.1,157.29,4299.2,96.0,57.2,39,Yes,3,94.7,0,29308.52,Emergency/Consumption,56700.0,6.5,Yes,1
SHG24343,Kerala,Mixed SHG,11,27,40.8,42.2,135.87,2606.21,86.8,84.1,17,Yes,3,47.3,0,15790.88,Agriculture,16600.0,5.4,Yes,1
SHG24344,Andhra Pradesh,Women SHG,13,20,46.2,65.0,33.54,482.41,84.3,84.3,16,Yes,2,85.1,0,16729.77,Agriculture,23000.0,5.3,Yes,1
SHG24345,Odisha,Mixed SHG,12,9,28.1,38.5,27.54,161.28,63.9,53.8,8,Yes,0,,0,0.0,Livestock,57400.0,6.2,No,1
SHG24346,Uttar Pradesh,Farmer Producer Group,18,17,36.1,87.3,20.0,492.38,58.2,85.0,16,Yes,2,56.3,1,12814.15,Agriculture,28800.0,6.2,Yes,1
SHG24347,Kerala,Women SHG,15,19,23.1,70.3,131.1,2418.76,53.4,79.8,12,Yes,2,55.4,0,5769.18,Home Improvement,13400.0,7.4,Yes,1
SHG24348,Tamil Nadu,Women SHG,9,29,42.7,67.1,186.07,3519.39,89.2,82.9,17,Yes,1,44.6,0,21856.95,Small Business,37700.0,7.1,Yes,1
SHG24349,West Bengal,Women SHG,15,14,44.2,49.1,137.17,1752.1,83.5,92.3,10,Yes,0,,0,0.0,Small Business,19900.0,5.7,No,1
SHG24350,Bihar,Farmer Producer Group,13,25,43.2,90.8,212.71,5743.62,75.6,67.7,16,Yes,1,61.5,1,6288.51,Home Improvement,5000.0,6.8,Yes,1
SHG24351,Odisha,Women SHG,11,62,37.9,46.7,142.21,8050.58,85.7,62.0,48,Yes,4,70.3,1,32423.81,Small Business,35700.0,7.8,Yes,1
SHG24352,Andhra Pradesh,Women SHG,16,57,51.4,85.2,41.39,3059.05,92.3,83.8,41,Yes,2,52.5,0,14553.7,Small Business,9100.0,7.6,Yes,1
SHG24353,Tamil Nadu,Women SHG,15,18,36.3,48.9,110.3,1556.21,91.3,76.0,11,Yes,3,83.0,0,13565.33,Small Business,29800.0,6.5,Yes,1
SHG24354,West Bengal,Women SHG,13,10,29.5,55.1,180.44,1838.92,72.4,76.8,7,Yes,1,72.0,0,19650.18,Small Business,5000.0,8.0,No,1
SHG24355,Andhra Pradesh,Women SHG,8,40,42.6,69.8,60.84,1578.42,50.4,42.9,20,No,2,40.1,0,11068.57,Home Improvement,40600.0,9.8,No,0
SHG24356,Kerala,Women SHG,15,46,22.9,59.3,400.06,21021.47,58.8,78.5,37,Yes,3,39.8,0,1896.52,Livestock,14700.0,9.1,Yes,1
SHG24357,Bihar,Women SHG,12,19,20.0,78.4,71.0,919.58,76.4,83.9,18,Yes,1,92.0,1,24436.21,Agriculture,47800.0,6.8,Yes,1
SHG24358,West Bengal,Women SHG,20,20,31.5,94.1,204.81,6739.48,90.2,44.9,18,Yes,3,63.3,0,13303.46,Agriculture,17100.0,5.1,Yes,1
SHG24359,Uttar Pradesh,Women SHG,17,7,26.8,80.2,109.56,984.99,95.9,72.6,6,Yes,0,,0,0.0,Agriculture,42200.0,5.6,Yes,1
SHG24360,Uttar Pradesh,Women SHG,12,32,30.7,73.3,135.51,3842.89,56.5,73.0,28,Yes,4,85.6,0,30204.27,Small Business,19000.0,10.0,Yes,1
SHG24361,Maharashtra,Farmer Producer Group,12,12,41.6,44.9,20.0,198.46,58.0,76.6,11,Yes,2,65.1,0,9498.49,Small Business,10600.0,6.0,Yes,1
SHG24362,Andhra Pradesh,Women SHG,20,31,38.2,76.6,117.74,5093.57,44.9,90.5,21,Yes,0,,0,0.0,Education,18300.0,5.6,Yes,1
SHG24363,Odisha,Women SHG,13,73,36.4,36.6,172.3,9343.71,55.6,55.3,41,Yes,2,71.3,0,14643.46,Livestock,47800.0,7.5,No,1
SHG24364,Kerala,Women SHG,12,57,28.9,27.1,64.37,2309.55,78.7,71.5,52,Yes,2,76.2,1,9966.18,Emergency/Consumption,25400.0,3.7,Yes,1
SHG24365,Kerala,Women SHG,10,18,40.5,61.5,171.13,2357.19,68.2,86.5,16,Yes,1,82.1,0,6459.67,Small Business,39100.0,4.8,No,1
SHG24366,Maharashtra,Women SHG,15,37,38.6,58.4,126.94,4010.65,82.7,72.8,28,Yes,3,71.6,0,13593.99,Small Business,18100.0,7.1,No,1
SHG24367,Telangana,Women SHG,11,34,39.9,60.5,36.52,857.08,87.9,89.2,27,Yes,2,88.4,0,10917.32,Education,89600.0,6.7,Yes,1
SHG24368,Tamil Nadu,Women SHG,9,17,43.4,56.9,116.13,1449.1,78.5,93.2,15,No,0,,0,0.0,Home Improvement,19000.0,8.4,Yes,0
SHG24369,Odisha,Farmer Producer Group,13,26,35.8,61.7,127.31,3577.02,61.7,55.1,13,Yes,3,66.2,0,22499.09,Agriculture,23200.0,6.2,Yes,1
SHG24370,Telangana,Farmer Producer Group,15,56,30.4,77.3,195.78,13092.93,75.9,74.0,49,Yes,2,69.4,0,8231.58,Small Business,21700.0,6.9,Yes,0
SHG24371,Bihar,Women SHG,12,4,36.0,42.9,201.65,709.94,57.7,68.8,2,Yes,0,,0,0.0,Agriculture,59900.0,7.9,No,0
SHG24372,Bihar,Women SHG,10,29,31.4,100.0,65.1,1340.77,64.5,79.8,20,Yes,3,75.7,1,10273.25,Agriculture,38700.0,8.5,Yes,0
SHG24373,Bihar,Mixed SHG,14,48,55.7,70.3,40.42,1840.43,74.6,57.1,30,Yes,1,95.7,0,13262.5,Emergency/Consumption,46300.0,9.1,No,1
SHG24374,Maharashtra,Women SHG,17,12,36.7,72.5,20.0,212.69,76.5,91.2,7,Yes,2,86.4,0,29886.55,Education,31300.0,7.4,Yes,1
SHG24375,Maharashtra,Women SHG,16,14,37.3,73.8,46.9,715.41,50.5,78.9,11,Yes,1,75.8,1,17579.4,Agriculture,25700.0,7.0,No,1
SHG24376,Andhra Pradesh,Women SHG,13,38,37.7,52.6,49.69,1887.53,76.5,92.8,35,Yes,1,78.9,0,13470.25,Livestock,13200.0,6.3,No,0
SHG24377,Tamil Nadu,Women SHG,15,53,28.4,30.3,51.39,2304.09,87.0,74.7,39,Yes,2,64.4,0,3755.37,Livestock,23800.0,5.0,Yes,1
SHG24378,Telangana,Women SHG,13,32,39.7,61.7,167.03,5620.91,86.6,94.5,21,Yes,0,,0,0.0,Agriculture,12600.0,5.9,Yes,1
SHG24379,Uttar Pradesh,Farmer Producer Group,9,12,46.0,70.4,58.84,528.32,98.1,73.8,11,Yes,3,70.3,0,15525.39,Emergency/Consumption,36300.0,6.4,Yes,0
SHG24380,Bihar,Women SHG,15,3,37.9,62.8,165.05,604.62,87.2,71.5,2,No,0,,0,0.0,Home Improvement,71200.0,9.1,Yes,0
SHG24381,Odisha,Women SHG,8,29,32.7,18.0,117.76,1657.69,82.5,83.5,23,Yes,2,76.9,0,3754.24,Livestock,19700.0,6.3,Yes,1
SHG24382,Maharashtra,Women SHG,12,34,38.5,53.8,92.23,2370.04,86.7,72.1,25,Yes,2,94.1,0,21561.2,Livestock,33400.0,7.1,No,1
SHG24383,Andhra Pradesh,Women SHG,9,32,43.2,63.6,342.3,6138.02,50.5,70.3,27,Yes,1,60.6,0,4724.77,Small Business,22100.0,6.2,Yes,1
SHG24384,Bihar,Women SHG,19,9,43.5,20.8,218.4,3011.41,45.4,91.6,7,Yes,1,79.3,2,26699.34,Agriculture,16600.0,6.9,Yes,1
SHG24385,Tamil Nadu,Women SHG,16,44,27.0,53.2,76.71,4092.48,77.5,79.5,35,Yes,2,79.3,0,9182.31,Agriculture,52200.0,10.0,No,1
SHG24386,Karnataka,Women SHG,12,83,43.3,68.1,39.91,2482.65,68.3,79.2,68,Yes,2,85.2,0,44407.35,Education,65000.0,7.1,Yes,1
SHG24387,Uttar Pradesh,Women SHG,13,130,47.9,56.4,106.02,9912.51,73.2,83.2,119,Yes,2,69.9,0,8146.51,Small Business,142500.0,9.2,No,1
SHG24388,Kerala,Women SHG,11,68,44.9,63.1,20.0,1206.26,62.5,81.7,55,Yes,2,74.2,0,40469.57,Education,22100.0,8.8,Yes,1
SHG24389,West Bengal,Women SHG,13,19,28.5,100.0,90.0,1549.29,84.8,98.4,17,Yes,0,,0,0.0,Emergency/Consumption,50100.0,6.4,Yes,1
SHG24390,Uttar Pradesh,Women SHG,14,36,34.9,52.3,264.26,7876.05,80.2,67.6,24,Yes,1,72.7,1,5370.69,Agriculture,76100.0,6.9,Yes,0
SHG24391,Maharashtra,Women SHG,13,68,42.6,68.0,222.22,10510.71,37.7,82.9,46,Yes,0,,0,0.0,Emergency/Consumption,22500.0,6.7,No,1
SHG24392,Odisha,Women SHG,17,28,36.2,51.2,20.0,666.06,78.5,56.2,14,Yes,0,,0,0.0,Agriculture,23300.0,7.1,Yes,0
SHG24393,Andhra Pradesh,Women SHG,12,43,34.1,80.6,26.11,833.55,72.7,91.6,30,Yes,3,82.8,1,22962.8,Agriculture,62800.0,6.2,No,1
SHG24394,Maharashtra,Farmer Producer Group,9,8,36.8,73.9,107.16,493.48,64.4,49.6,4,Yes,2,96.9,0,3752.8,Home Improvement,8800.0,4.8,Yes,1
SHG24395,Tamil Nadu,Women SHG,14,6,42.2,88.7,86.01,577.96,91.8,54.4,4,Yes,3,87.1,0,8094.38,Education,24500.0,4.6,No,1
SHG24396,Kerala,Women SHG,11,19,46.1,53.9,33.32,501.51,75.4,73.1,11,Yes,0,,0,0.0,Education,21400.0,6.1,Yes,1
SHG24397,Telangana,Women SHG,12,9,34.2,44.7,111.63,981.11,60.9,88.6,5,No,1,61.7,0,9189.41,Emergency/Consumption,25200.0,7.6,Yes,0
SHG24398,Andhra Pradesh,Women SHG,9,3,46.0,33.9,63.47,90.06,95.6,74.3,3,Yes,0,,0,0.0,Emergency/Consumption,38100.0,6.6,Yes,0
SHG24399,Tamil Nadu,Women SHG,10,24,33.2,44.4,67.03,1001.02,50.5,89.2,18,Yes,0,,0,0.0,Education,22700.0,6.5,Yes,1
SHG24400,Kerala,Women SHG,8,26,36.4,53.9,130.01,1979.34,94.0,77.6,14,Yes,0,,0,0.0,Home Improvement,89200.0,2.8,Yes,1
SHG24401,West Bengal,Mixed SHG,15,30,40.3,100.0,73.65,1680.53,79.5,71.1,16,Yes,2,73.4,1,10267.79,Agriculture,18600.0,7.9,Yes,1
SHG24402,Bihar,Women SHG,15,42,36.1,86.4,110.99,5140.35,60.9,67.3,36,Yes,1,87.7,1,6369.8,Education,31300.0,8.9,Yes,1
SHG24403,Kerala,Women SHG,15,27,52.5,54.6,90.03,2965.79,92.6,84.4,22,Yes,1,69.3,0,8704.06,Agriculture,32200.0,4.9,Yes,1
SHG24404,Tamil Nadu,Women SHG,12,102,41.1,74.8,177.01,16935.96,59.8,75.4,96,Yes,1,83.2,0,19059.5,Emergency/Consumption,66200.0,7.0,Yes,1
SHG24405,Tamil Nadu,Women SHG,16,34,27.1,24.9,77.64,3437.04,86.8,61.8,28,Yes,0,,0,0.0,Livestock,27200.0,7.2,No,1
SHG24406,Karnataka,Women SHG,13,53,32.7,72.8,44.72,1987.65,62.9,83.9,42,Yes,2,67.7,1,28848.29,Emergency/Consumption,7000.0,7.9,No,1
SHG24407,Odisha,Mixed SHG,15,98,36.9,44.0,176.93,13557.35,87.3,96.8,82,Yes,3,58.1,0,7435.04,Agriculture,17300.0,6.5,Yes,1
SHG24408,Kerala,Women SHG,13,13,31.3,39.1,23.62,237.45,70.3,47.0,12,Yes,2,82.4,1,4120.46,Livestock,53300.0,10.0,No,1
SHG24409,Maharashtra,Mixed SHG,14,108,32.9,78.0,26.0,2176.79,81.6,77.1,96,Yes,1,89.6,2,4727.1,Agriculture,9300.0,9.7,Yes,1
SHG24410,Karnataka,Women SHG,9,43,42.2,74.7,86.23,2113.39,81.6,90.4,35,Yes,1,76.6,0,35405.86,Small Business,9700.0,5.7,No,1
SHG24411,Andhra Pradesh,Women SHG,13,18,35.2,61.2,90.99,1361.01,87.0,94.1,12,Yes,0,,0,0.0,Agriculture,25200.0,9.1,No,1
SHG24412,Tamil Nadu,Women SHG,13,17,31.5,77.5,58.65,751.49,88.5,82.3,14,Yes,2,52.1,0,7961.81,Livestock,44900.0,8.8,Yes,1
SHG24413,Kerala,Women SHG,13,33,31.1,60.4,109.11,3632.34,88.8,70.0,22,Yes,1,86.3,1,7880.9,Livestock,24800.0,7.9,No,1
SHG24414,Odisha,Women SHG,17,31,22.6,81.7,87.15,2716.1,27.7,80.3,29,Yes,2,61.5,1,26579.26,Home Improvement,24300.0,6.3,No,1
SHG24415,Bihar,Women SHG,10,17,43.2,70.8,42.43,562.65,79.2,67.4,10,Yes,1,80.2,0,22217.52,Livestock,18600.0,7.3,Yes,1
SHG24416,West Bengal,Women SHG,15,29,20.0,44.0,102.27,2540.85,74.0,66.0,26,Yes,0,,0,0.0,Livestock,54900.0,7.5,Yes,1
SHG24417,Andhra Pradesh,Women SHG,12,33,34.2,70.2,20.0,659.64,49.2,53.0,25,Yes,1,88.4,0,26683.73,Education,17800.0,6.9,Yes,0
SHG24418,Maharashtra,Women SHG,11,47,35.3,61.3,105.78,3371.64,60.8,79.8,25,Yes,4,84.7,0,35063.61,Small Business,13700.0,5.2,Yes,0
SHG24419,Odisha,Women SHG,15,51,35.1,37.1,160.58,9008.52,73.2,43.9,36,Yes,0,,0,0.0,Agriculture,39500.0,6.2,Yes,1
SHG24420,Tamil Nadu,Women SHG,14,24,32.3,51.4,467.65,12388.21,79.8,68.2,17,No,1,87.8,0,33664.01,Livestock,54800.0,5.7,No,0
SHG24421,West Bengal,Mixed SHG,14,24,25.5,69.6,192.7,4141.52,66.4,26.9,23,Yes,3,74.4,0,5043.15,Livestock,17100.0,7.6,No,0
SHG24422,Uttar Pradesh,Women SHG,13,28,44.9,48.4,312.91,7390.85,65.2,95.3,21,No,0,,0,0.0,Small Business,40100.0,7.6,Yes,1
SHG24423,Kerala,Women SHG,15,37,32.2,50.5,105.52,3362.34,78.0,71.3,23,Yes,3,78.7,0,12334.6,Agriculture,5000.0,8.6,Yes,1
SHG24424,West Bengal,Women SHG,13,48,44.9,74.3,115.12,4425.06,67.8,93.3,36,Yes,1,53.3,0,19211.81,Agriculture,51800.0,7.0,Yes,1
SHG24425,Telangana,Women SHG,13,9,48.3,65.5,60.43,392.71,72.0,78.5,5,Yes,0,,0,0.0,Livestock,22900.0,5.4,Yes,1
SHG24426,Bihar,Women SHG,17,35,47.9,96.1,281.06,8905.48,83.4,64.3,22,Yes,3,64.3,0,15461.48,Agriculture,11300.0,8.4,No,1
SHG24427,Andhra Pradesh,Women SHG,8,9,29.8,67.5,64.4,374.38,85.7,70.7,5,Yes,1,69.1,0,15284.01,Emergency/Consumption,43200.0,9.5,No,1
SHG24428,Andhra Pradesh,Farmer Producer Group,14,10,40.3,31.2,214.03,2254.12,66.5,70.8,9,Yes,0,,0,0.0,Small Business,59400.0,5.9,No,1
SHG24429,Tamil Nadu,Women SHG,12,22,36.6,42.5,116.35,1931.89,58.9,64.8,15,Yes,1,83.3,1,3503.23,Small Business,23800.0,9.9,Yes,1
SHG24430,Karnataka,Mixed SHG,10,19,40.0,68.2,82.2,1202.11,82.0,78.2,17,Yes,2,61.2,1,9783.07,Livestock,12500.0,8.5,No,0
SHG24431,West Bengal,Women SHG,15,32,48.6,94.1,136.7,4359.42,90.3,77.2,26,Yes,1,88.0,0,8980.2,Emergency/Consumption,29300.0,8.7,Yes,1
SHG24432,Odisha,Women SHG,19,18,32.5,51.2,68.13,1476.1,65.1,70.7,14,Yes,2,61.5,0,20098.9,Small Business,23800.0,5.7,Yes,0
SHG24433,Bihar,Women SHG,12,44,42.2,38.4,102.67,3250.25,46.0,76.8,31,No,2,93.3,0,9536.05,Emergency/Consumption,71300.0,8.0,Yes,0
SHG24434,Tamil Nadu,Women SHG,11,13,38.0,41.5,46.51,548.27,86.8,65.4,11,Yes,1,84.1,0,6220.21,Small Business,18000.0,8.7,Yes,0
SHG24435,Andhra Pradesh,Mixed SHG,12,47,42.7,65.8,105.82,3761.81,92.8,43.0,35,Yes,3,90.0,1,22406.62,Agriculture,31700.0,6.0,Yes,1
SHG24436,Uttar Pradesh,Mixed SHG,16,10,45.5,38.0,179.96,2174.63,79.2,75.9,8,Yes,2,42.3,0,26751.17,Livestock,51900.0,6.2,Yes,0
SHG24437,Telangana,Mixed SHG,8,25,45.2,56.4,65.34,953.78,81.0,79.1,23,Yes,1,62.8,0,13770.1,Agriculture,5600.0,6.1,Yes,1
SHG24438,Odisha,Women SHG,12,24,43.6,69.5,32.39,749.63,92.1,75.6,22,Yes,4,67.9,1,11044.66,Small Business,11600.0,8.0,Yes,1
SHG24439,Maharashtra,Women SHG,10,38,35.7,53.7,80.82,2428.66,74.1,76.7,25,Yes,1,85.7,0,14581.66,Agriculture,14500.0,6.3,Yes,1
SHG24440,Andhra Pradesh,Women SHG,13,30,41.4,33.3,488.31,14508.68,70.8,83.3,23,Yes,5,64.3,0,2145.29,Home Improvement,30600.0,8.8,Yes,1
SHG24441,Karnataka,Women SHG,14,22,47.3,61.1,338.25,7433.97,60.5,83.9,13,Yes,2,66.9,0,12371.91,Livestock,75700.0,8.0,Yes,1
SHG24442,Telangana,Women SHG,15,16,32.7,36.2,96.42,1301.98,70.3,83.7,10,Yes,1,87.4,0,2387.01,Livestock,8200.0,5.8,Yes,0
SHG24443,Karnataka,Women SHG,15,79,40.6,89.8,160.0,13633.9,76.0,66.5,57,Yes,1,71.9,0,16268.95,Agriculture,40900.0,9.4,Yes,1
SHG24444,Uttar Pradesh,Women SHG,11,15,46.4,65.9,39.88,521.14,54.5,88.2,9,Yes,1,68.4,0,2748.46,Agriculture,11900.0,8.9,Yes,1
SHG24445,Maharashtra,Women SHG,18,44,45.7,61.2,84.13,4922.59,74.7,84.6,26,No,0,,0,0.0,Livestock,42900.0,8.2,Yes,1
SHG24446,Kerala,Mixed SHG,15,148,26.7,55.6,79.31,12266.01,53.7,73.9,128,Yes,2,93.1,2,12371.06,Emergency/Consumption,53100.0,8.6,No,1
SHG24447,Maharashtra,Mixed SHG,11,33,38.4,26.0,144.51,3760.03,68.6,55.5,23,Yes,2,84.8,0,39824.34,Small Business,11000.0,8.3,No,1
SHG24448,Bihar,Women SHG,10,34,47.8,65.5,155.31,3894.4,91.6,78.1,19,Yes,0,,0,0.0,Small Business,9400.0,8.4,Yes,1
SHG24449,Odisha,Mixed SHG,13,27,35.3,70.0,224.9,6291.0,59.8,81.1,17,Yes,2,83.1,1,26759.52,Agriculture,63100.0,5.7,No,0
SHG24450,Tamil Nadu,Women SHG,12,18,30.8,74.5,49.23,684.24,93.7,31.0,10,Yes,1,70.0,0,20406.53,Small Business,16400.0,5.5,Yes,1
SHG24451,Tamil Nadu,Women SHG,17,74,40.4,47.4,150.81,11753.59,64.3,85.2,46,No,0,,0,0.0,Agriculture,16400.0,6.5,Yes,1
SHG24452,Tamil Nadu,Women SHG,18,41,34.5,70.8,96.32,4997.68,79.4,74.8,26,Yes,2,60.3,0,14525.4,Livestock,37700.0,5.1,No,0
SHG24453,West Bengal,Women SHG,11,10,44.5,50.4,100.51,715.22,65.8,72.8,9,Yes,0,,0,0.0,Agriculture,47100.0,6.6,Yes,1
SHG24454,Tamil Nadu,Farmer Producer Group,11,16,41.5,28.0,90.77,1108.15,76.9,76.8,13,Yes,3,78.0,0,11278.66,Agriculture,26100.0,7.7,Yes,1
SHG24455,Kerala,Women SHG,19,30,41.4,49.6,153.02,5205.86,91.5,94.9,17,Yes,0,,0,0.0,Livestock,57600.0,8.5,Yes,1
SHG24456,Maharashtra,Women SHG,14,19,46.8,69.0,320.84,5748.8,58.1,77.8,15,Yes,2,65.6,0,10459.09,Agriculture,9600.0,6.6,Yes,1
SHG24457,Bihar,Women SHG,16,37,24.9,65.6,175.29,7168.04,87.0,94.3,31,Yes,1,83.8,1,12351.15,Agriculture,29500.0,8.1,No,1
SHG24458,Tamil Nadu,Women SHG,16,47,38.7,93.6,185.35,8792.13,93.7,88.8,32,Yes,1,37.6,0,2469.98,Livestock,42000.0,6.4,No,1
SHG24459,Andhra Pradesh,Women SHG,16,47,34.3,33.7,161.43,8024.73,52.8,81.8,24,Yes,2,89.0,0,12840.42,Livestock,22900.0,9.6,Yes,1
SHG24460,Telangana,Women SHG,10,24,35.6,28.5,89.31,1513.68,88.7,63.7,14,Yes,2,41.4,0,17113.73,Agriculture,33900.0,5.3,Yes,1
SHG24461,Karnataka,Women SHG,14,28,44.5,76.6,148.42,4336.88,64.4,54.3,18,Yes,1,74.8,0,19020.39,Small Business,10100.0,7.6,No,1
SHG24462,Tamil Nadu,Farmer Producer Group,12,6,42.4,59.9,57.99,229.5,89.2,84.9,6,Yes,1,86.0,1,11194.45,Education,79900.0,7.7,Yes,1
SHG24463,Maharashtra,Mixed SHG,17,4,38.4,79.2,97.57,454.03,89.3,81.0,3,Yes,0,,0,0.0,Small Business,52400.0,7.7,No,0
SHG24464,Tamil Nadu,Women SHG,13,65,40.6,52.1,105.75,4895.64,91.5,79.9,42,Yes,4,68.5,0,5922.17,Small Business,18600.0,7.6,Yes,1
SHG24465,Maharashtra,Women SHG,15,83,37.3,61.4,258.3,26716.4,80.0,69.8,50,Yes,1,48.5,0,12535.69,Small Business,22400.0,6.6,No,0
SHG24466,Uttar Pradesh,Women SHG,10,9,31.6,60.8,129.16,631.75,87.8,66.6,8,Yes,2,81.1,0,9303.94,Education,41000.0,6.0,Yes,1
SHG24467,West Bengal,Women SHG,16,39,40.2,57.2,67.01,3159.42,20.1,83.7,20,Yes,1,69.1,1,33700.28,Education,15600.0,6.0,No,0
SHG24468,Odisha,Women SHG,17,88,34.2,63.3,213.39,20986.24,64.5,70.4,48,Yes,2,63.6,1,10848.55,Small Business,35600.0,7.3,No,1
SHG24469,Tamil Nadu,Women SHG,10,7,36.3,47.8,39.7,218.37,82.3,94.2,6,Yes,0,,0,0.0,Small Business,47200.0,4.2,No,1
SHG24470,Odisha,Farmer Producer Group,14,26,54.7,66.3,165.33,3132.03,48.7,69.1,19,Yes,1,59.8,0,17913.72,Small Business,45500.0,8.2,No,1
SHG24471,Tamil Nadu,Farmer Producer Group,12,9,35.5,70.0,80.07,661.52,87.3,43.0,5,Yes,0,,0,0.0,Emergency/Consumption,15100.0,7.6,No,0
SHG24472,Bihar,Women SHG,20,21,34.7,74.2,50.7,1119.85,63.5,86.8,13,Yes,2,85.3,0,36991.63,Emergency/Consumption,16300.0,6.1,Yes,1
SHG24473,West Bengal,Women SHG,12,3,51.0,43.4,140.15,322.33,85.5,48.5,2,Yes,0,,0,0.0,Agriculture,31700.0,7.8,Yes,0
SHG24474,Karnataka,Women SHG,10,43,39.7,54.8,83.6,2391.12,52.2,56.5,23,Yes,3,66.3,1,7285.9,Small Business,25700.0,4.9,No,1
SHG24475,Kerala,Women SHG,14,15,32.7,47.8,141.29,2078.59,71.4,81.7,13,Yes,3,74.7,0,6119.52,Agriculture,18200.0,7.2,Yes,1
SHG24476,Bihar,Women SHG,12,32,27.1,54.1,21.32,540.24,42.1,78.0,18,Yes,1,79.1,0,13238.42,Agriculture,85700.0,6.8,Yes,1
SHG24477,Maharashtra,Women SHG,17,18,47.1,68.6,81.45,1641.74,76.7,90.5,14,Yes,0,,0,0.0,Emergency/Consumption,109300.0,6.7,Yes,1
SHG24478,Odisha,Mixed SHG,14,41,20.0,58.5,24.71,805.98,54.3,78.1,34,Yes,1,82.2,0,18129.64,Livestock,29200.0,6.3,Yes,1
SHG24479,Kerala,Women SHG,12,7,48.3,47.3,112.18,612.97,58.8,93.9,6,Yes,2,55.4,0,5726.18,Small Business,47700.0,5.8,No,1
SHG24480,Odisha,Women SHG,12,46,33.8,62.6,120.88,3610.6,50.8,68.7,29,No,1,52.5,0,23344.13,Small Business,57200.0,7.8,Yes,0
SHG24481,Telangana,Women SHG,19,28,25.9,81.3,119.82,3886.76,77.5,74.5,23,No,0,,0,0.0,Emergency/Consumption,146400.0,5.1,Yes,0
SHG24482,West Bengal,Women SHG,14,57,39.4,69.9,168.61,9005.76,86.6,49.9,53,Yes,2,80.6,1,35448.35,Emergency/Consumption,31800.0,7.0,No,1
SHG24483,West Bengal,Women SHG,15,9,30.0,100.0,109.14,759.49,49.6,87.3,8,Yes,1,30.8,0,4933.78,Home Improvement,40000.0,7.5,Yes,1
SHG24484,Odisha,Women SHG,17,38,44.6,100.0,94.9,3813.41,30.3,91.2,33,Yes,1,69.6,0,20564.06,Small Business,20900.0,8.4,No,1
SHG24485,Andhra Pradesh,Women SHG,8,77,22.0,97.4,122.55,4395.54,59.7,52.4,61,Yes,2,85.5,0,13586.1,Emergency/Consumption,26200.0,4.2,No,1
SHG24486,Tamil Nadu,Women SHG,12,33,46.1,63.0,20.0,641.2,87.5,69.0,28,Yes,3,82.1,0,19560.69,Agriculture,37000.0,7.0,Yes,0
SHG24487,Telangana,Women SHG,15,18,37.8,75.2,178.09,3123.79,56.9,83.1,13,Yes,0,,0,0.0,Emergency/Consumption,31200.0,7.5,No,0
SHG24488,Maharashtra,Women SHG,17,16,38.4,56.7,140.65,2716.1,96.2,70.1,10,Yes,2,56.1,0,11604.93,Small Business,54600.0,7.4,Yes,1
SHG24489,Uttar Pradesh,Women SHG,14,43,46.4,89.9,45.74,1976.19,94.7,57.7,36,No,0,,0,0.0,Home Improvement,38500.0,7.5,Yes,1
SHG24490,Bihar,Women SHG,13,144,21.2,47.7,71.86,11089.53,80.6,45.5,115,Yes,2,79.0,0,3210.87,Agriculture,30500.0,6.1,Yes,1
SHG24491,West Bengal,Women SHG,11,23,33.4,64.1,75.35,1288.48,44.7,95.7,18,Yes,1,80.9,0,2099.59,Small Business,53100.0,10.0,Yes,0
SHG24492,Andhra Pradesh,Women SHG,16,23,39.7,67.5,96.63,2407.14,98.9,67.9,17,Yes,2,55.5,1,34150.19,Livestock,69000.0,8.3,Yes,1
SHG24493,Telangana,Women SHG,13,90,46.2,82.7,110.69,6829.84,39.1,63.9,76,Yes,2,61.1,0,20057.93,Small Business,21100.0,8.5,Yes,0
SHG24494,West Bengal,Women SHG,18,57,38.4,45.2,68.41,5154.66,81.6,76.5,43,Yes,3,87.3,0,3102.22,Home Improvement,62100.0,8.7,Yes,0
SHG24495,Karnataka,Women SHG,15,43,48.7,56.8,136.54,4871.39,78.2,58.0,23,Yes,1,69.1,0,7241.97,Livestock,18700.0,5.1,Yes,1
SHG24496,Kerala,Mixed SHG,12,37,32.0,52.6,59.92,1573.53,64.0,59.2,23,Yes,2,92.8,0,2329.35,Home Improvement,41900.0,6.9,Yes,0
SHG24497,Tamil Nadu,Mixed SHG,9,55,45.8,50.8,41.85,1351.67,67.5,86.7,28,No,2,76.5,0,14492.55,Home Improvement,30600.0,8.0,Yes,1
SHG24498,Tamil Nadu,Women SHG,13,14,46.5,49.6,95.88,1052.84,81.4,76.7,9,Yes,1,48.5,0,10264.46,Livestock,28300.0,8.6,Yes,1
SHG24499,West Bengal,Women SHG,19,38,30.3,33.8,86.14,4968.89,68.7,81.1,29,Yes,1,71.2,0,30791.55,Small Business,6300.0,8.0,Yes,1
SHG24500,Kerala,Mixed SHG,15,44,23.8,100.0,234.62,12897.86,95.0,72.7,40,Yes,2,83.6,1,4162.24,Small Business,27400.0,5.5,Yes,1
SHG24501,Tamil Nadu,Women SHG,11,45,36.7,72.3,199.92,7229.56,87.2,57.1,38,Yes,3,87.7,1,5649.12,Agriculture,28900.0,8.2,No,1
SHG24502,Bihar,Women SHG,12,55,32.4,100.0,71.91,3743.23,69.8,82.0,33,No,1,68.5,1,1382.34,Livestock,10100.0,8.8,Yes,1
SHG24503,Tamil Nadu,Women SHG,10,33,39.4,70.6,190.28,4591.46,81.7,67.9,31,Yes,3,80.9,0,21516.64,Home Improvement,19000.0,7.1,No,0
SHG24504,Kerala,Women SHG,19,36,49.8,65.6,151.28,7756.96,62.2,60.0,30,Yes,1,85.4,2,12932.5,Emergency/Consumption,9400.0,4.6,Yes,1
SHG24505,Telangana,Women SHG,13,64,48.3,46.7,236.11,9910.47,91.1,91.3,57,Yes,3,74.3,1,30554.54,Education,32900.0,7.0,Yes,1
SHG24506,Tamil Nadu,Women SHG,16,26,38.2,53.9,20.0,596.3,92.5,66.0,18,Yes,2,76.3,0,15097.96,Agriculture,29800.0,3.5,Yes,0
SHG24507,Karnataka,Women SHG,10,24,52.4,66.3,193.19,3000.97,98.2,86.7,19,No,1,79.3,0,9487.27,Livestock,10200.0,4.4,No,1
SHG24508,Uttar Pradesh,Mixed SHG,14,80,38.6,88.8,280.03,23423.76,64.3,81.7,55,No,0,,0,0.0,Small Business,21800.0,7.1,Yes,1
SHG24509,Tamil Nadu,Women SHG,16,17,47.0,45.7,199.19,2804.98,53.7,70.9,11,No,1,87.4,1,13450.12,Small Business,44300.0,7.6,Yes,0
SHG24510,Karnataka,Women SHG,13,23,39.2,64.4,54.72,1338.15,60.9,79.9,20,Yes,0,,0,0.0,Small Business,24800.0,8.3,Yes,0
SHG24511,Bihar,Women SHG,20,56,47.2,58.8,20.0,1142.5,55.0,78.6,36,Yes,2,79.7,0,24833.84,Education,12200.0,6.4,No,0
SHG24512,Uttar Pradesh,Women SHG,9,20,23.9,74.5,20.0,293.83,72.8,62.9,12,Yes,1,69.5,1,2041.58,Emergency/Consumption,31700.0,3.4,Yes,1
SHG24513,Bihar,Women SHG,10,36,46.1,50.1,114.03,2360.74,72.7,50.3,32,Yes,1,86.1,0,8663.44,Agriculture,17000.0,4.8,Yes,0
SHG24514,Karnataka,Farmer Producer Group,18,3,32.6,43.3,45.01,129.21,86.3,62.3,2,Yes,0,,0,0.0,Livestock,13300.0,4.5,Yes,1
SHG24515,West Bengal,Mixed SHG,13,55,28.4,62.8,52.78,2424.8,97.6,89.2,35,Yes,0,,0,0.0,Livestock,37300.0,7.2,Yes,1
SHG24516,West Bengal,Women SHG,11,43,48.6,45.0,112.91,3312.74,87.8,94.6,23,Yes,1,38.0,0,21888.18,Small Business,49500.0,7.6,Yes,1
SHG24517,Odisha,Mixed SHG,11,6,42.1,71.5,148.55,631.99,65.5,65.9,4,No,0,,0,0.0,Livestock,13900.0,5.6,Yes,0
SHG24518,Uttar Pradesh,Women SHG,16,136,41.4,55.4,59.17,9600.0,63.6,69.5,113,Yes,0,,0,0.0,Small Business,15600.0,7.7,Yes,1
SHG24519,Andhra Pradesh,Women SHG,13,61,40.8,80.6,90.3,4653.95,90.9,90.3,53,Yes,3,77.7,1,17183.25,Agriculture,9100.0,6.9,Yes,1
SHG24520,Kerala,Women SHG,11,58,27.3,43.5,71.44,3202.5,90.8,95.5,39,Yes,0,,0,0.0,Agriculture,19800.0,5.7,Yes,0
SHG24521,Tamil Nadu,Mixed SHG,12,32,41.7,34.8,172.62,3663.49,61.3,72.0,25,Yes,1,88.4,0,7594.53,Agriculture,33200.0,7.0,Yes,0
SHG24522,Karnataka,Women SHG,16,9,37.5,57.8,146.56,1298.62,75.1,76.3,6,Yes,4,56.4,1,27813.93,Agriculture,32100.0,7.7,Yes,1
SHG24523,Andhra Pradesh,Women SHG,15,70,20.0,59.2,181.53,10810.51,94.5,61.6,59,Yes,0,,0,0.0,Home Improvement,5600.0,8.3,Yes,1
SHG24524,Andhra Pradesh,Mixed SHG,17,53,44.0,59.3,134.99,9243.63,71.8,78.8,40,Yes,2,85.0,0,14571.69,Small Business,20300.0,5.1,Yes,0
SHG24525,Kerala,Women SHG,12,23,35.1,65.4,109.36,2360.61,91.0,86.4,20,Yes,0,,0,0.0,Agriculture,13900.0,7.6,Yes,1
SHG24526,Tamil Nadu,Women SHG,15,6,45.6,23.5,41.43,213.7,96.9,95.2,3,Yes,1,95.1,0,27953.47,Livestock,46600.0,6.2,No,0
SHG24527,Tamil Nadu,Farmer Producer Group,12,27,33.6,60.1,118.56,3068.11,64.0,84.8,16,Yes,1,32.3,1,24536.58,Small Business,36800.0,6.1,No,1
SHG24528,Maharashtra,Women SHG,10,3,39.4,93.1,80.39,149.53,76.5,84.2,3,Yes,0,,0,0.0,Small Business,39600.0,8.3,Yes,1
SHG24529,Tamil Nadu,Women SHG,17,74,34.0,42.9,56.87,4676.13,85.7,92.2,67,Yes,2,54.3,4,13045.28,Emergency/Consumption,25200.0,5.8,Yes,0
SHG24530,West Bengal,Women SHG,9,13,36.6,55.3,20.0,178.54,78.1,70.6,12,Yes,0,,0,0.0,Emergency/Consumption,98700.0,6.5,Yes,0
SHG24531,Karnataka,Women SHG,12,35,50.6,36.5,200.55,6770.47,78.0,69.3,18,Yes,2,66.0,0,6752.12,Livestock,37700.0,9.9,No,1
SHG24532,Karnataka,Women SHG,14,4,51.5,59.2,65.92,299.29,78.4,83.2,3,Yes,0,,0,0.0,Home Improvement,30100.0,5.9,Yes,1
SHG24533,Maharashtra,Women SHG,11,41,32.6,90.3,240.51,8008.6,52.9,48.0,32,No,1,74.5,0,7825.99,Agriculture,60300.0,8.7,Yes,0
SHG24534,West Bengal,Women SHG,14,36,27.4,38.8,76.54,2820.37,90.7,86.5,31,Yes,1,84.1,0,28672.06,Agriculture,10900.0,7.3,Yes,1
SHG24535,West Bengal,Women SHG,14,5,29.4,92.6,51.73,217.92,83.3,80.4,5,Yes,0,,0,0.0,Emergency/Consumption,104200.0,6.4,No,0
SHG24536,Andhra Pradesh,Women SHG,14,55,39.6,51.9,33.84,1620.64,68.6,61.9,29,Yes,0,,0,0.0,Emergency/Consumption,33400.0,7.6,Yes,1
SHG24537,Uttar Pradesh,Women SHG,11,27,50.8,41.4,156.41,2618.83,57.6,66.9,16,No,1,76.2,0,17446.04,Agriculture,38800.0,7.6,No,1
SHG24538,Odisha,Women SHG,12,25,39.5,75.8,149.9,3568.16,81.6,70.1,23,Yes,1,84.6,0,17584.67,Small Business,30900.0,8.1,Yes,1
SHG24539,Karnataka,Mixed SHG,11,28,39.8,74.9,167.63,2915.61,86.8,83.9,18,Yes,2,58.4,2,39072.32,Education,12200.0,6.9,No,0
SHG24540,Kerala,Women SHG,18,31,47.6,92.0,72.4,2614.92,63.0,76.0,27,Yes,1,74.4,0,5417.83,Emergency/Consumption,38300.0,9.1,No,1
SHG24541,West Bengal,Women SHG,8,25,46.0,78.0,116.72,1370.64,84.3,78.3,14,Yes,1,93.4,0,16802.87,Agriculture,19700.0,6.8,Yes,1
SHG24542,Kerala,Women SHG,13,21,36.9,68.2,106.9,2430.51,51.8,57.9,14,Yes,4,70.1,0,20432.51,Home Improvement,97800.0,6.2,Yes,1
SHG24543,Bihar,Women SHG,14,41,37.3,54.2,83.99,3966.81,72.8,78.5,25,Yes,1,94.3,0,32627.65,Home Improvement,33400.0,6.2,No,1
SHG24544,Telangana,Women SHG,15,11,45.2,80.1,229.98,2800.84,89.8,89.5,7,Yes,1,73.3,1,30212.45,Small Business,9200.0,9.2,Yes,1
SHG24545,Tamil Nadu,Women SHG,9,37,38.5,65.3,67.45,1147.4,70.8,90.8,19,Yes,0,,0,0.0,Agriculture,27200.0,7.9,No,1
SHG24546,Maharashtra,Women SHG,9,42,29.6,67.3,46.23,946.05,95.2,61.2,23,Yes,1,92.2,0,16663.09,Small Business,38300.0,7.6,Yes,0
SHG24547,Bihar,Women SHG,11,23,34.4,80.7,86.49,1796.55,75.7,87.2,21,Yes,2,90.2,2,9591.97,Livestock,29800.0,4.9,No,0
SHG24548,Bihar,Women SHG,17,20,34.5,35.6,95.64,1799.34,78.1,63.2,14,Yes,2,83.7,0,31341.15,Agriculture,39300.0,6.9,Yes,1
SHG24549,Telangana,Women SHG,13,19,53.6,68.8,20.89,389.63,75.7,86.7,16,Yes,2,65.5,0,7555.12,Livestock,49400.0,6.9,No,1
SHG24550,West Bengal,Women SHG,9,83,26.4,77.9,20.0,1190.41,93.4,37.2,47,Yes,0,,0,0.0,Small Business,23800.0,4.9,Yes,1
SHG24551,West Bengal,Women SHG,11,40,41.4,73.1,98.81,3478.51,51.5,87.3,30,Yes,3,87.6,0,28688.46,Emergency/Consumption,24000.0,7.4,Yes,1
SHG24552,Uttar Pradesh,Mixed SHG,11,49,45.8,62.0,128.53,4749.46,80.3,65.3,44,Yes,1,83.6,1,4786.85,Home Improvement,18600.0,7.5,Yes,1
SHG24553,Telangana,Women SHG,15,9,40.7,61.8,45.52,443.88,44.6,84.5,6,Yes,2,77.4,0,5813.23,Livestock,33900.0,8.9,Yes,1
SHG24554,West Bengal,Women SHG,10,44,52.7,69.8,39.15,1228.7,83.3,84.4,38,Yes,0,,0,0.0,Small Business,89000.0,7.5,Yes,1
SHG24555,Maharashtra,Women SHG,15,22,43.8,71.4,168.62,3375.22,81.4,89.9,16,Yes,1,66.6,0,27418.5,Emergency/Consumption,30600.0,6.1,Yes,1
SHG24556,Bihar,Women SHG,13,50,33.1,48.8,60.81,3116.87,83.0,71.9,37,Yes,2,86.9,0,42351.97,Small Business,31600.0,7.4,No,1
SHG24557,Bihar,Women SHG,12,52,34.3,38.4,66.51,2096.6,78.3,89.6,35,No,1,85.0,1,9573.22,Home Improvement,35900.0,5.7,Yes,1
SHG24558,West Bengal,Women SHG,12,20,35.9,82.1,39.39,777.67,69.0,80.5,13,Yes,2,54.5,0,24448.21,Education,15400.0,6.8,Yes,1
SHG24559,Odisha,Farmer Producer Group,14,17,22.1,64.8,25.91,398.87,44.8,66.7,15,Yes,0,,0,0.0,Agriculture,40900.0,5.6,No,0
SHG24560,Karnataka,Women SHG,15,15,44.9,58.7,207.49,3032.14,58.6,58.0,9,Yes,1,86.6,0,8042.37,Small Business,64700.0,7.7,Yes,1
SHG24561,Odisha,Women SHG,12,57,36.5,40.5,250.86,8931.95,97.6,90.1,50,Yes,0,,0,0.0,Small Business,31600.0,5.0,Yes,1
SHG24562,Bihar,Women SHG,20,64,38.3,50.2,214.34,16638.55,74.6,80.7,57,Yes,2,89.2,0,19655.16,Emergency/Consumption,13500.0,7.4,Yes,1
SHG24563,Telangana,Women SHG,15,19,30.4,86.9,218.84,4990.82,79.8,84.7,14,Yes,2,84.8,0,30072.25,Agriculture,34100.0,7.4,Yes,1
SHG24564,Telangana,Women SHG,13,65,46.4,54.3,304.71,20559.63,83.0,87.8,35,Yes,1,88.5,0,4086.88,Small Business,53300.0,6.6,No,0
SHG24565,Tamil Nadu,Women SHG,13,7,54.2,30.0,276.77,1947.21,50.8,88.6,6,Yes,2,87.6,0,28083.62,Agriculture,9200.0,7.6,Yes,1
SHG24566,Bihar,Women SHG,12,31,35.5,80.3,93.7,2566.78,65.9,68.7,28,Yes,3,80.4,1,16539.21,Emergency/Consumption,20800.0,5.0,No,1
SHG24567,Odisha,Women SHG,14,65,38.3,50.7,218.99,15455.47,24.7,77.9,36,Yes,0,,0,0.0,Small Business,19200.0,8.1,No,1
SHG24568,Uttar Pradesh,Women SHG,17,6,37.9,13.9,34.63,263.17,82.6,80.3,5,No,2,56.6,1,9241.49,Livestock,51200.0,7.8,Yes,0
SHG24569,Telangana,Farmer Producer Group,17,15,33.7,87.8,255.49,4453.37,66.0,57.2,14,Yes,1,91.0,0,9869.47,Agriculture,129800.0,6.5,Yes,1
SHG24570,Andhra Pradesh,Women SHG,12,22,42.1,44.2,130.43,2626.08,57.3,91.7,14,Yes,1,67.5,1,9502.4,Small Business,42700.0,5.9,Yes,1
SHG24571,Uttar Pradesh,Women SHG,12,29,35.1,37.0,207.94,5530.99,80.3,81.8,15,Yes,2,50.2,0,6868.44,Livestock,37400.0,8.8,Yes,1
SHG24572,Telangana,Women SHG,11,53,38.7,42.3,107.46,4472.24,88.5,83.0,49,No,1,59.0,0,11152.26,Livestock,35000.0,10.0,Yes,0
SHG24573,Maharashtra,Mixed SHG,17,44,42.4,49.3,33.71,1868.5,79.6,90.9,30,No,2,59.8,1,13160.2,Home Improvement,26800.0,7.4,Yes,1
SHG24574,Karnataka,Women SHG,13,25,39.0,61.5,86.24,1439.34,88.5,76.6,20,Yes,0,,0,0.0,Agriculture,35700.0,7.7,Yes,1
SHG24575,Bihar,Women SHG,14,10,33.5,44.6,153.57,1337.27,79.4,89.4,6,Yes,0,,0,0.0,Small Business,24100.0,7.8,No,1
SHG24576,Kerala,Women SHG,15,23,34.6,81.8,336.46,6217.07,90.9,76.6,13,Yes,0,,0,0.0,Emergency/Consumption,25800.0,5.4,Yes,1
SHG24577,Odisha,Women SHG,8,11,28.5,43.2,27.28,154.28,99.2,81.7,9,Yes,3,76.8,0,35896.98,Emergency/Consumption,5000.0,9.3,Yes,1
SHG24578,West Bengal,Women SHG,15,53,41.6,87.2,252.52,16092.16,74.7,59.3,33,Yes,1,62.5,1,2851.02,Agriculture,48300.0,8.2,Yes,1
SHG24579,Bihar,Women SHG,14,55,47.3,79.9,33.96,2162.98,50.9,86.1,44,Yes,0,,0,0.0,Agriculture,19500.0,6.6,No,0
SHG24580,Odisha,Women SHG,14,47,49.7,56.1,79.26,2699.19,74.1,67.7,24,Yes,0,,0,0.0,Small Business,11000.0,7.1,Yes,1
SHG24581,Maharashtra,Women SHG,13,52,32.0,72.8,122.6,5792.1,62.5,87.6,37,Yes,1,57.2,0,6947.37,Home Improvement,48000.0,7.0,Yes,0
SHG24582,Andhra Pradesh,Women SHG,18,24,39.5,48.3,177.82,5911.67,19.2,93.7,22,Yes,0,,0,0.0,Agriculture,29400.0,5.4,Yes,1
SHG24583,Tamil Nadu,Women SHG,12,7,43.7,71.0,78.3,455.03,87.6,70.2,4,Yes,0,,0,0.0,Livestock,63900.0,6.2,Yes,0
SHG24584,Tamil Nadu,Women SHG,12,36,29.5,58.7,120.58,3203.51,45.9,85.3,28,Yes,2,75.8,0,45063.89,Small Business,17500.0,5.7,No,1
SHG24585,Telangana,Women SHG,14,46,26.4,33.4,32.32,1251.26,55.9,81.3,26,Yes,3,56.1,1,7111.35,Livestock,16200.0,8.2,Yes,0
SHG24586,Tamil Nadu,Mixed SHG,17,14,35.1,42.6,135.51,1909.98,35.6,74.7,11,Yes,2,52.4,0,5910.95,Livestock,127500.0,4.9,Yes,0
SHG24587,Maharashtra,Women SHG,13,59,27.3,72.3,109.07,4221.06,62.6,65.9,32,Yes,0,,0,0.0,Agriculture,6800.0,6.5,No,1
SHG24588,Andhra Pradesh,Women SHG,9,32,46.5,80.2,61.45,1192.64,52.0,82.6,27,No,1,63.1,0,18127.71,Home Improvement,73700.0,6.2,Yes,0
SHG24589,Karnataka,Women SHG,15,42,37.4,51.8,71.91,3334.68,67.5,91.8,24,Yes,2,75.2,0,8776.31,Livestock,51200.0,7.0,No,1
SHG24590,Telangana,Women SHG,13,27,43.1,52.5,62.39,1166.3,67.9,85.8,14,Yes,0,,0,0.0,Education,50800.0,9.4,Yes,1
SHG24591,Tamil Nadu,Mixed SHG,11,11,50.4,68.7,47.98,474.46,82.2,71.2,6,Yes,1,96.6,0,7590.27,Agriculture,31300.0,7.7,Yes,1
SHG24592,Uttar Pradesh,Mixed SHG,16,11,42.9,52.7,446.15,4336.2,45.8,70.0,10,No,0,,0,0.0,Small Business,48900.0,5.1,No,0
SHG24593,Odisha,Women SHG,14,5,38.3,66.1,75.17,309.26,51.8,68.6,3,Yes,0,,0,0.0,Agriculture,10200.0,6.6,No,1
SHG24594,Uttar Pradesh,Farmer Producer Group,17,28,25.2,90.1,66.99,2347.2,64.0,81.8,25,Yes,3,64.7,0,9126.04,Agriculture,35700.0,5.2,No,1
SHG24595,Odisha,Women SHG,14,49,42.3,29.0,246.23,10119.62,90.9,71.6,37,Yes,2,63.9,0,6928.9,Home Improvement,35700.0,3.9,Yes,1
SHG24596,Andhra Pradesh,Women SHG,13,9,37.4,51.4,210.36,1793.07,86.5,83.3,8,Yes,4,97.9,1,12336.67,Education,33900.0,8.3,No,1
SHG24597,Andhra Pradesh,Women SHG,10,50,36.4,74.3,29.36,1199.24,72.1,81.2,37,Yes,2,87.1,0,10263.75,Livestock,17100.0,8.1,Yes,1
SHG24598,Andhra Pradesh,Women SHG,11,23,29.6,74.2,88.53,1746.22,80.6,82.4,22,No,1,77.3,0,8021.03,Agriculture,13500.0,5.5,No,0
SHG24599,Kerala,Women SHG,10,25,33.6,58.1,109.78,1935.71,83.8,88.5,13,Yes,2,54.2,0,8692.01,Emergency/Consumption,32100.0,7.7,Yes,1
SHG24600,Maharashtra,Women SHG,13,12,34.3,63.5,65.52,789.44,64.5,63.0,11,Yes,2,89.7,0,6904.78,Education,26700.0,3.1,Yes,1
SHG24601,Tamil Nadu,Mixed SHG,13,17,37.3,50.6,73.05,1044.22,63.5,82.4,16,Yes,2,56.0,0,11883.46,Small Business,25900.0,8.7,Yes,0
SHG24602,Kerala,Mixed SHG,15,39,31.0,89.9,249.2,11685.65,78.2,60.1,29,Yes,2,54.1,0,3909.39,Small Business,47300.0,6.5,Yes,0
SHG24603,Andhra Pradesh,Women SHG,14,13,30.6,62.3,100.82,1048.25,93.6,93.7,10,Yes,3,61.5,1,6239.67,Education,19000.0,6.6,No,1
SHG24604,Andhra Pradesh,Women SHG,8,21,29.3,82.3,231.39,2990.17,76.7,48.6,12,Yes,1,79.5,0,1052.33,Small Business,18200.0,6.7,Yes,1
SHG24605,Tamil Nadu,Women SHG,14,87,29.5,74.9,265.17,26388.53,86.9,83.2,52,Yes,0,,0,0.0,Home Improvement,38500.0,5.6,Yes,1
SHG24606,Odisha,Women SHG,14,16,44.8,94.8,73.98,1362.83,80.7,84.8,11,Yes,2,53.1,0,17645.51,Emergency/Consumption,21400.0,8.2,Yes,0
SHG24607,Telangana,Women SHG,10,18,40.8,63.8,101.26,1428.2,65.0,91.3,9,Yes,2,80.7,0,14196.83,Livestock,109000.0,7.7,Yes,1
SHG24608,Maharashtra,Women SHG,11,29,39.7,75.5,172.19,4125.95,70.1,89.9,25,Yes,1,81.3,0,20544.0,Livestock,5700.0,7.5,Yes,1
SHG24609,Bihar,Women SHG,11,80,44.6,29.1,120.4,7219.53,87.7,92.5,56,Yes,2,80.7,0,20993.87,Emergency/Consumption,34700.0,2.9,Yes,1
SHG24610,Tamil Nadu,Farmer Producer Group,15,30,53.8,53.2,128.3,2923.9,63.3,87.4,23,Yes,0,,0,0.0,Livestock,41600.0,8.4,No,1
SHG24611,Telangana,Mixed SHG,20,42,40.8,40.0,149.31,7614.09,76.3,77.8,37,Yes,1,72.6,0,20914.11,Livestock,29200.0,5.5,Yes,1
SHG24612,Telangana,Women SHG,13,47,31.1,55.2,31.27,1045.28,73.5,79.6,31,Yes,1,39.3,0,43227.99,Agriculture,25000.0,6.6,No,1
SHG24613,Karnataka,Farmer Producer Group,12,34,36.2,54.5,57.74,1727.12,73.4,72.0,29,Yes,2,61.6,0,47615.6,Livestock,80400.0,7.8,Yes,0
SHG24614,Maharashtra,Farmer Producer Group,11,6,20.0,40.0,365.66,1310.05,63.5,89.9,5,Yes,1,49.3,0,17803.91,Agriculture,85800.0,3.3,Yes,1
SHG24615,Telangana,Women SHG,9,39,24.5,91.8,21.05,407.27,78.1,86.3,37,Yes,1,92.2,0,13450.79,Home Improvement,26100.0,7.4,Yes,0
SHG24616,Kerala,Women SHG,19,7,35.9,66.8,89.1,943.06,68.3,64.3,4,Yes,0,,0,0.0,Home Improvement,89200.0,9.3,No,1
SHG24617,Odisha,Women SHG,15,10,37.0,57.2,97.41,1031.03,80.0,60.4,7,Yes,2,88.7,0,11669.81,Small Business,26400.0,6.1,No,1
SHG24618,Bihar,Mixed SHG,15,9,40.6,64.1,41.34,379.51,72.0,59.3,5,Yes,0,,0,0.0,Agriculture,61000.0,5.0,Yes,1
SHG24619,West Bengal,Women SHG,18,49,44.9,41.3,113.47,5642.12,74.2,90.7,39,Yes,1,70.6,1,2690.57,Livestock,21500.0,5.6,Yes,1
SHG24620,Kerala,Women SHG,10,9,33.0,78.7,71.91,434.3,98.5,67.9,8,Yes,1,55.5,0,58092.35,Livestock,5000.0,6.7,Yes,1
SHG24621,Odisha,Women SHG,16,8,42.9,44.4,30.16,263.73,71.4,78.2,5,Yes,1,91.7,1,5195.03,Emergency/Consumption,57100.0,4.6,No,0
SHG24622,Andhra Pradesh,Women SHG,16,68,22.1,67.8,162.21,12131.12,48.7,90.6,43,No,1,97.6,0,13655.43,Small Business,80200.0,6.8,No,0
SHG24623,Andhra Pradesh,Women SHG,17,36,41.2,62.7,73.03,2799.51,76.8,50.4,30,Yes,0,,0,0.0,Emergency/Consumption,6800.0,4.7,Yes,1
SHG24624,Andhra Pradesh,Women SHG,15,56,46.4,69.5,136.85,7161.42,74.8,52.6,52,Yes,0,,0,0.0,Agriculture,43100.0,8.3,Yes,1
SHG24625,West Bengal,Mixed SHG,13,35,27.1,79.0,25.19,657.19,66.1,90.9,32,Yes,2,75.9,1,29275.33,Emergency/Consumption,122400.0,7.4,No,1
SHG24626,Karnataka,Farmer Producer Group,18,46,45.7,48.4,156.97,7211.48,66.2,72.6,32,Yes,3,43.5,0,17971.84,Home Improvement,32500.0,10.0,No,1
SHG24627,Bihar,Women SHG,18,37,31.7,73.0,61.17,2996.82,43.9,95.6,33,Yes,2,78.1,0,9385.51,Livestock,54800.0,7.0,Yes,1
SHG24628,Karnataka,Women SHG,10,50,44.9,31.1,103.27,3529.1,79.2,90.3,46,Yes,1,73.5,0,11372.21,Small Business,47200.0,6.3,Yes,1
SHG24629,Tamil Nadu,Women SHG,11,27,39.3,57.5,113.51,2517.53,84.7,97.4,18,Yes,0,,0,0.0,Livestock,48100.0,7.2,Yes,1
SHG24630,Andhra Pradesh,Women SHG,17,7,37.8,15.7,213.86,2010.09,66.2,77.0,6,Yes,4,63.4,2,17519.07,Home Improvement,7000.0,6.2,No,1
SHG24631,Telangana,Mixed SHG,15,15,42.7,68.0,65.52,791.71,65.2,43.7,9,Yes,0,,0,0.0,Small Business,28200.0,6.1,No,1
SHG24632,Tamil Nadu,Women SHG,17,46,34.9,79.3,245.08,14269.5,89.9,73.8,28,Yes,0,,0,0.0,Home Improvement,29900.0,5.6,Yes,0
SHG24633,Karnataka,Mixed SHG,16,30,41.2,42.4,38.66,961.47,49.5,78.1,15,Yes,1,53.4,0,52777.17,Livestock,71800.0,6.2,No,1
SHG24634,Andhra Pradesh,Farmer Producer Group,13,44,33.2,45.8,198.41,5692.95,86.3,78.3,40,Yes,1,74.4,0,13907.33,Agriculture,16400.0,8.7,No,1
SHG24635,West Bengal,Mixed SHG,13,27,34.7,67.9,33.03,933.09,88.9,89.9,15,Yes,3,62.4,0,30961.49,Agriculture,24400.0,8.2,Yes,1
SHG24636,Kerala,Women SHG,19,58,55.7,45.7,125.55,8374.84,74.7,87.5,52,Yes,3,81.5,0,13374.42,Education,30300.0,6.6,No,1
SHG24637,Bihar,Women SHG,12,82,43.9,58.9,105.67,6509.82,91.4,43.5,76,Yes,1,87.7,0,19474.59,Education,53700.0,7.7,No,1
SHG24638,Andhra Pradesh,Women SHG,14,57,40.4,44.7,147.62,7270.09,82.9,66.2,30,No,0,,0,0.0,Agriculture,25300.0,6.1,Yes,0
SHG24639,Bihar,Women SHG,11,46,38.7,82.2,157.32,4462.39,34.7,72.1,43,Yes,1,78.0,2,8107.24,Home Improvement,5000.0,6.9,No,1
SHG24640,Kerala,Mixed SHG,9,18,45.1,87.0,134.34,1258.32,45.9,69.8,12,Yes,0,,0,0.0,Agriculture,33000.0,6.8,Yes,0
SHG24641,Odisha,Women SHG,15,19,39.4,71.3,52.41,1123.04,64.1,73.8,13,Yes,2,88.6,1,21032.88,Small Business,45200.0,7.5,Yes,1
SHG24642,Maharashtra,Women SHG,15,31,38.6,71.6,104.81,2861.77,48.5,72.8,28,Yes,1,63.0,0,20808.29,Agriculture,37400.0,7.7,No,0
SHG24643,Tamil Nadu,Mixed SHG,15,37,37.4,61.0,77.32,2178.4,39.5,81.0,34,Yes,1,67.2,0,18653.06,Emergency/Consumption,25100.0,9.4,Yes,1
SHG24644,Tamil Nadu,Farmer Producer Group,10,34,35.9,76.8,35.57,800.86,86.4,64.9,19,Yes,3,57.6,0,45708.12,Agriculture,71000.0,5.2,No,1
SHG24645,West Bengal,Mixed SHG,16,15,38.2,39.7,84.84,1444.16,63.8,91.7,8,Yes,1,88.5,0,10346.27,Emergency/Consumption,29100.0,10.0,Yes,1
SHG24646,Maharashtra,Mixed SHG,14,42,26.6,70.1,205.86,6717.86,93.2,71.0,26,Yes,2,96.5,1,11622.8,Livestock,24300.0,7.2,No,1
SHG24647,Andhra Pradesh,Mixed SHG,17,13,42.4,77.2,177.23,2097.34,61.6,70.8,10,Yes,2,74.8,0,8294.46,Home Improvement,34100.0,8.3,Yes,0
SHG24648,Karnataka,Women SHG,14,17,29.2,47.7,21.61,411.05,71.2,67.2,12,Yes,3,58.7,1,14821.51,Emergency/Consumption,26500.0,6.3,No,1
SHG24649,Tamil Nadu,Mixed SHG,16,15,43.4,63.0,76.26,1268.3,54.9,95.9,13,Yes,1,80.5,1,20057.98,Livestock,81700.0,6.7,No,1
SHG24650,Tamil Nadu,Women SHG,13,23,38.1,66.8,71.03,1387.08,71.0,73.5,19,Yes,2,92.2,1,11016.31,Emergency/Consumption,21600.0,9.0,Yes,1
SHG24651,Odisha,Women SHG,17,19,40.0,62.2,210.38,5261.39,72.4,67.4,13,Yes,0,,0,0.0,Small Business,5800.0,4.6,Yes,1
SHG24652,Tamil Nadu,Mixed SHG,12,56,28.2,65.0,41.9,1527.32,87.3,72.8,29,Yes,2,67.4,0,21473.12,Small Business,84300.0,5.4,Yes,1
SHG24653,Maharashtra,Women SHG,13,38,38.2,58.1,225.75,8786.72,60.9,61.2,33,Yes,1,85.6,0,3944.06,Livestock,61800.0,5.1,No,1
SHG24654,West Bengal,Women SHG,14,50,43.3,100.0,53.71,2294.24,81.0,63.7,39,Yes,2,61.2,1,18369.68,Livestock,62000.0,8.5,Yes,1
SHG24655,Bihar,Women SHG,13,28,37.0,23.2,67.04,1939.25,69.4,70.2,16,Yes,2,84.2,1,5639.99,Small Business,53700.0,8.8,Yes,0
SHG24656,Kerala,Farmer Producer Group,10,8,36.1,48.3,55.82,275.49,80.5,76.1,4,Yes,0,,0,0.0,Agriculture,35600.0,5.2,No,1
SHG24657,Maharashtra,Women SHG,11,25,35.2,46.7,57.57,1152.13,87.4,76.8,15,Yes,1,95.8,0,4358.12,Livestock,13400.0,5.2,Yes,1
SHG24658,Telangana,Mixed SHG,12,66,48.3,88.9,246.51,15652.47,83.1,90.1,40,Yes,4,81.7,0,12116.13,Small Business,29900.0,6.6,Yes,1
SHG24659,Tamil Nadu,Women SHG,8,62,38.9,29.6,150.21,5412.3,67.2,88.8,42,Yes,1,85.8,1,28421.82,Agriculture,41800.0,2.9,No,1
SHG24660,Kerala,Mixed SHG,16,16,34.0,79.9,146.21,2065.36,65.3,78.1,13,Yes,1,75.2,0,35390.94,Agriculture,11700.0,7.2,Yes,1
SHG24661,Andhra Pradesh,Women SHG,11,70,33.1,67.2,87.24,4171.21,72.3,67.9,57,Yes,1,74.9,1,4735.32,Agriculture,22700.0,5.2,No,1
SHG24662,West Bengal,Women SHG,14,15,51.9,49.2,169.88,1846.34,72.5,61.0,8,No,0,,0,0.0,Agriculture,74900.0,5.2,No,0
SHG24663,West Bengal,Women SHG,11,10,45.3,78.0,88.5,734.84,74.1,77.7,8,Yes,4,92.2,0,17679.07,Education,77000.0,6.9,Yes,1
SHG24664,Andhra Pradesh,Mixed SHG,9,21,42.3,49.3,327.96,5162.85,90.8,84.2,15,Yes,0,,0,0.0,Small Business,23900.0,7.6,Yes,1
SHG24665,Maharashtra,Mixed SHG,8,3,36.5,57.2,70.77,127.91,88.7,80.3,2,No,0,,0,0.0,Agriculture,8800.0,5.8,Yes,0
SHG24666,Tamil Nadu,Women SHG,10,20,52.2,42.0,80.84,945.03,58.5,72.3,12,Yes,1,66.6,0,16238.66,Agriculture,38800.0,9.9,Yes,1
SHG24667,West Bengal,Women SHG,14,17,38.6,55.5,104.0,1966.55,59.1,87.0,14,Yes,1,85.7,0,21541.96,Home Improvement,14800.0,6.1,Yes,1
SHG24668,Tamil Nadu,Women SHG,11,11,30.7,65.7,69.92,477.6,72.3,69.6,7,Yes,1,75.4,0,17892.47,Livestock,38200.0,6.3,Yes,1
SHG24669,West Bengal,Women SHG,8,8,44.3,77.3,64.84,244.54,54.8,62.5,7,Yes,1,94.9,0,29325.62,Small Business,23400.0,5.8,No,0
SHG24670,Karnataka,Women SHG,13,17,52.0,51.1,180.1,2030.09,74.8,88.8,12,No,2,87.6,0,24455.24,Emergency/Consumption,27800.0,5.6,Yes,1
SHG24671,Bihar,Women SHG,16,44,45.4,81.0,120.44,4584.1,52.4,34.0,36,Yes,1,57.4,0,10305.82,Home Improvement,42900.0,6.8,Yes,0
SHG24672,Maharashtra,Women SHG,17,41,40.9,50.3,195.37,9664.53,74.0,57.7,36,Yes,1,52.5,3,20875.23,Small Business,32000.0,5.6,No,1
SHG24673,Karnataka,Women SHG,8,44,33.8,100.0,114.97,3304.93,81.7,81.4,33,Yes,1,75.0,2,4300.19,Emergency/Consumption,70400.0,6.0,Yes,0
SHG24674,Bihar,Women SHG,15,50,35.3,56.4,59.8,3409.97,86.4,67.2,25,Yes,1,72.2,0,4571.87,Small Business,21500.0,7.7,Yes,1
SHG24675,Karnataka,Women SHG,15,41,25.5,58.5,164.46,6877.53,63.0,89.1,21,No,1,73.3,2,3007.89,Livestock,64000.0,6.2,No,0
SHG24676,Karnataka,Women SHG,14,26,43.1,50.4,180.81,5359.11,50.0,78.6,18,Yes,1,71.7,0,29013.06,Emergency/Consumption,84400.0,9.1,Yes,1
SHG24677,West Bengal,Farmer Producer Group,15,67,33.2,58.4,93.88,5475.34,82.1,72.6,48,Yes,1,70.0,1,16832.42,Education,31500.0,5.9,No,1
SHG24678,West Bengal,Women SHG,12,10,55.3,41.4,341.37,2053.52,66.0,82.1,6,Yes,1,85.0,0,9111.89,Agriculture,33600.0,8.9,No,0
SHG24679,Telangana,Women SHG,13,33,37.6,84.6,208.68,6791.84,52.1,67.0,17,No,2,55.4,2,6853.43,Small Business,19500.0,8.6,No,0
SHG24680,Bihar,Mixed SHG,8,23,36.6,34.5,187.45,2842.45,82.3,83.4,13,Yes,3,77.5,0,1405.41,Small Business,10800.0,6.9,Yes,1
SHG24681,Bihar,Mixed SHG,13,14,38.6,64.8,142.73,1457.49,88.3,87.5,9,Yes,3,91.5,1,10370.39,Emergency/Consumption,35500.0,7.6,Yes,1
SHG24682,Bihar,Women SHG,12,47,41.3,64.8,165.24,5564.22,83.7,89.1,41,Yes,3,79.4,0,19279.55,Small Business,21800.0,6.2,Yes,1
SHG24683,Bihar,Women SHG,16,12,40.0,67.5,140.32,2044.08,65.0,91.4,7,Yes,1,59.0,0,9048.78,Livestock,5000.0,10.0,No,1
SHG24684,Kerala,Women SHG,15,9,41.5,47.1,103.51,906.61,90.4,72.4,6,Yes,0,,0,0.0,Education,29900.0,6.6,Yes,1
SHG24685,Tamil Nadu,Women SHG,15,32,28.5,53.7,83.69,2835.26,67.6,53.9,24,Yes,0,,0,0.0,Emergency/Consumption,61900.0,6.8,No,0
SHG24686,Telangana,Mixed SHG,15,37,39.6,47.0,172.02,5341.73,82.2,76.6,30,Yes,1,64.5,0,4369.63,Livestock,40000.0,6.3,No,0
SHG24687,Maharashtra,Women SHG,10,42,41.2,71.3,45.65,1477.65,87.5,92.3,38,Yes,4,85.9,0,6970.57,Education,23700.0,4.3,Yes,1
SHG24688,Tamil Nadu,Women SHG,12,14,41.1,59.8,224.99,2255.27,63.4,72.2,11,Yes,0,,0,0.0,Livestock,10100.0,7.9,No,1
SHG24689,Kerala,Women SHG,15,55,36.5,65.9,322.06,13360.66,68.7,76.5,47,Yes,0,,0,0.0,Small Business,20700.0,7.7,No,0
SHG24690,Telangana,Women SHG,16,30,28.5,32.0,78.28,2495.39,87.5,43.1,27,Yes,1,56.2,0,17045.15,Education,50400.0,7.9,No,0
SHG24691,Bihar,Women SHG,12,62,42.0,62.9,21.91,899.39,67.7,89.5,55,Yes,0,,0,0.0,Emergency/Consumption,57700.0,7.1,No,1
SHG24692,Andhra Pradesh,Women SHG,11,24,37.1,49.2,73.8,1392.05,76.9,80.4,20,Yes,1,94.4,0,9813.46,Home Improvement,49900.0,9.1,No,1
SHG24693,Uttar Pradesh,Women SHG,9,21,44.9,76.2,127.41,1453.63,57.9,78.8,20,No,2,85.3,0,15940.56,Home Improvement,48500.0,5.6,Yes,1
SHG24694,Kerala,Women SHG,12,42,26.8,55.2,99.61,3934.98,55.6,41.5,39,Yes,2,65.3,0,2702.09,Small Business,17300.0,6.6,Yes,1
SHG24695,Maharashtra,Women SHG,12,19,37.1,82.8,218.01,2773.13,87.7,60.8,17,Yes,2,92.0,1,10640.08,Emergency/Consumption,5000.0,6.5,Yes,1
SHG24696,Karnataka,Women SHG,15,39,43.6,83.3,149.84,6216.77,64.8,70.3,29,Yes,0,,0,0.0,Emergency/Consumption,10000.0,6.6,No,1
SHG24697,Andhra Pradesh,Women SHG,15,11,47.6,100.0,190.61,1785.03,71.4,76.0,6,Yes,2,83.7,1,19781.37,Agriculture,44400.0,7.7,No,1
SHG24698,Andhra Pradesh,Women SHG,12,16,42.3,59.3,159.82,1608.65,51.8,83.2,13,No,1,88.1,0,7437.53,Small Business,16900.0,7.2,Yes,0
SHG24699,Uttar Pradesh,Women SHG,17,11,33.7,49.4,35.9,355.4,75.4,64.0,7,No,1,56.1,1,9197.6,Emergency/Consumption,21100.0,9.9,Yes,1
SHG24700,Bihar,Women SHG,16,45,51.2,55.3,100.21,3740.71,49.5,84.2,25,Yes,5,80.8,1,30825.64,Livestock,45000.0,5.3,Yes,1
SHG24701,Bihar,Women SHG,13,3,41.0,54.7,46.17,96.75,76.6,72.9,2,Yes,0,,0,0.0,Small Business,13800.0,6.3,No,0
SHG24702,Tamil Nadu,Women SHG,12,27,43.8,58.4,76.89,1821.2,74.8,88.4,16,Yes,2,86.6,1,13553.29,Agriculture,31900.0,6.1,No,1
SHG24703,Maharashtra,Women SHG,13,21,28.5,64.9,74.62,1326.71,66.7,70.2,19,No,2,89.7,1,2199.7,Livestock,25400.0,8.0,Yes,1
SHG24704,Bihar,Women SHG,19,19,36.4,79.5,118.07,3487.66,75.7,90.3,14,Yes,1,75.9,1,24069.26,Agriculture,71100.0,7.3,Yes,1
SHG24705,Telangana,Women SHG,10,46,53.4,85.9,49.54,1666.15,77.3,57.8,26,Yes,1,62.8,0,45213.7,Education,37800.0,9.4,No,0
SHG24706,Tamil Nadu,Women SHG,13,21,40.0,58.5,175.41,3300.81,79.1,52.2,11,Yes,1,62.9,1,53429.16,Small Business,13900.0,8.3,No,1
SHG24707,Maharashtra,Women SHG,8,35,39.5,68.2,22.15,393.13,66.3,57.7,21,No,0,,0,0.0,Agriculture,14500.0,7.8,No,0
SHG24708,Telangana,Women SHG,12,9,50.3,79.2,378.75,2335.81,62.5,50.0,6,Yes,1,68.0,2,22858.58,Small Business,40300.0,5.0,Yes,0
SHG24709,Andhra Pradesh,Women SHG,11,14,41.0,81.4,27.47,327.06,89.9,77.8,7,Yes,2,83.9,0,9509.08,Livestock,75000.0,5.7,No,1
SHG24710,Bihar,Mixed SHG,13,53,36.6,95.1,42.52,1534.13,89.8,86.6,27,Yes,1,89.5,1,16152.19,Education,86400.0,9.5,No,1
SHG24711,Maharashtra,Women SHG,15,36,36.7,43.4,43.13,1567.74,65.7,78.4,30,Yes,3,92.7,0,17763.2,Small Business,48900.0,6.6,Yes,1
SHG24712,Karnataka,Women SHG,12,18,48.5,51.7,62.3,717.67,54.7,80.0,15,Yes,0,,0,0.0,Agriculture,35900.0,9.9,Yes,1
SHG24713,Andhra Pradesh,Women SHG,10,36,49.0,51.1,112.53,2521.31,69.1,51.3,21,Yes,1,81.0,0,37184.67,Home Improvement,35600.0,7.3,No,1
SHG24714,Bihar,Women SHG,13,72,41.0,60.7,96.69,7524.64,78.1,93.7,44,Yes,1,89.6,0,23740.2,Agriculture,64500.0,8.2,No,1
SHG24715,Karnataka,Women SHG,15,11,35.6,44.2,77.51,924.93,77.1,78.7,9,Yes,2,56.8,0,20078.94,Small Business,77400.0,4.9,No,1
SHG24716,West Bengal,Women SHG,11,11,54.2,51.3,65.07,499.7,79.6,90.3,6,Yes,1,68.7,0,22796.41,Emergency/Consumption,13500.0,6.4,Yes,1
SHG24717,Telangana,Mixed SHG,13,50,53.5,65.4,161.27,7284.55,87.7,64.2,25,No,1,67.8,1,6840.53,Livestock,20400.0,6.9,Yes,0
SHG24718,Karnataka,Farmer Producer Group,8,78,24.1,49.9,33.4,1594.82,65.9,53.6,57,Yes,2,80.2,0,18631.17,Livestock,48400.0,5.8,Yes,0
SHG24719,Karnataka,Women SHG,13,41,46.0,16.2,205.3,6279.72,27.0,75.2,22,Yes,2,81.9,0,13890.9,Agriculture,40100.0,5.5,No,1
SHG24720,Kerala,Mixed SHG,12,16,43.2,50.3,74.77,1003.55,70.8,48.3,12,Yes,0,,0,0.0,Emergency/Consumption,5000.0,7.8,Yes,1
SHG24721,Kerala,Farmer Producer Group,11,133,34.2,81.5,90.9,9123.48,57.7,83.4,85,No,2,97.8,1,16313.39,Emergency/Consumption,30700.0,7.1,Yes,1
SHG24722,Bihar,Women SHG,10,21,47.3,97.0,20.0,254.88,86.0,75.1,15,No,2,63.8,0,42697.19,Small Business,22400.0,6.9,No,1
SHG24723,Uttar Pradesh,Women SHG,12,24,27.3,70.7,99.35,2361.62,75.3,60.9,18,Yes,1,69.5,1,27597.87,Agriculture,32600.0,6.5,Yes,1
SHG24724,Telangana,Mixed SHG,12,35,20.0,22.4,235.72,5346.84,34.9,68.3,19,No,2,73.6,0,12003.13,Agriculture,12500.0,7.3,No,1
SHG24725,Bihar,Women SHG,14,42,35.3,34.3,78.8,2395.33,79.8,78.5,25,No,3,90.2,0,16141.52,Small Business,18700.0,9.2,No,0
SHG24726,Odisha,Mixed SHG,11,3,44.2,47.6,187.31,312.28,88.1,70.4,3,Yes,0,,0,0.0,Education,49600.0,3.6,No,0
SHG24727,Bihar,Mixed SHG,16,44,54.2,31.5,40.72,1710.76,84.0,39.5,29,Yes,0,,0,0.0,Agriculture,22400.0,8.9,No,1
SHG24728,Maharashtra,Women SHG,14,51,34.4,37.9,137.8,8092.37,73.4,74.2,30,Yes,1,85.9,2,32359.26,Home Improvement,29200.0,5.7,Yes,1
SHG24729,West Bengal,Mixed SHG,8,7,30.3,55.1,123.93,475.87,67.7,64.4,5,Yes,2,73.9,0,16006.57,Education,46400.0,8.4,No,1
SHG24730,Tamil Nadu,Mixed SHG,18,9,20.0,28.2,344.32,2795.4,95.9,69.9,5,Yes,2,73.8,0,26096.88,Home Improvement,180200.0,6.9,Yes,1
SHG24731,West Bengal,Women SHG,20,38,44.3,69.4,120.44,4699.38,60.8,68.8,29,Yes,1,44.8,0,14225.1,Home Improvement,23200.0,5.7,No,0
SHG24732,Uttar Pradesh,Women SHG,14,37,34.7,99.8,30.63,1289.84,61.2,84.3,29,Yes,2,44.3,0,10601.37,Livestock,22800.0,9.8,Yes,1
SHG24733,West Bengal,Mixed SHG,11,45,37.9,23.9,33.08,1260.73,64.3,61.5,34,Yes,0,,0,0.0,Agriculture,22100.0,7.6,Yes,1
SHG24734,Odisha,Women SHG,10,15,26.3,39.6,20.0,192.69,72.9,73.7,13,Yes,0,,0,0.0,Small Business,25500.0,5.5,No,0
SHG24735,Bihar,Mixed SHG,12,99,31.5,50.1,249.0,24072.51,54.7,84.7,85,Yes,2,79.2,1,19109.82,Emergency/Consumption,5600.0,8.0,Yes,1
SHG24736,Bihar,Mixed SHG,11,34,45.2,88.9,60.56,1631.66,81.2,82.5,26,Yes,3,89.6,0,26042.09,Small Business,30400.0,9.3,No,1
SHG24737,Telangana,Women SHG,12,22,52.8,73.3,144.81,2191.7,53.0,85.7,18,Yes,0,,0,0.0,Small Business,19000.0,4.9,Yes,1
SHG24738,Uttar Pradesh,Women SHG,18,10,47.3,99.2,190.4,1745.1,62.0,71.5,8,Yes,2,59.9,1,1899.28,Education,30900.0,6.7,Yes,1
SHG24739,Andhra Pradesh,Women SHG,11,53,34.1,97.8,72.51,2978.71,98.6,57.5,33,Yes,3,83.8,1,22803.3,Small Business,37300.0,8.1,Yes,1
SHG24740,Kerala,Women SHG,8,32,31.5,49.9,38.45,522.74,42.0,59.0,19,Yes,2,82.5,0,16866.4,Emergency/Consumption,19400.0,8.4,No,0
SHG24741,Kerala,Women SHG,11,67,40.0,44.0,113.33,6598.93,89.1,51.5,51,Yes,0,,0,0.0,Livestock,14800.0,9.5,No,1
SHG24742,Karnataka,Mixed SHG,14,67,43.6,71.0,207.68,12333.05,44.9,86.5,53,Yes,3,81.5,1,8847.39,Small Business,43400.0,9.1,Yes,1
SHG24743,Andhra Pradesh,Women SHG,9,9,37.6,34.9,47.66,307.51,81.1,89.4,6,Yes,1,97.4,0,31814.81,Small Business,19200.0,7.3,Yes,1
SHG24744,Odisha,Women SHG,10,23,28.9,70.6,205.22,2679.22,94.3,73.1,12,Yes,1,73.1,1,19855.48,Small Business,9100.0,7.3,No,1
SHG24745,Kerala,Women SHG,15,62,39.7,87.3,38.58,2703.47,78.1,76.2,44,Yes,0,,0,0.0,Emergency/Consumption,22300.0,8.4,No,0
SHG24746,West Bengal,Mixed SHG,17,14,35.3,66.0,79.17,994.43,37.8,80.2,11,Yes,1,75.6,1,6517.92,Home Improvement,5000.0,6.0,No,0
SHG24747,Bihar,Women SHG,15,15,41.3,83.2,91.85,1508.2,85.8,88.9,11,Yes,0,,0,0.0,Livestock,46100.0,10.0,Yes,1
SHG24748,Maharashtra,Women SHG,15,14,46.2,71.2,175.01,2168.59,59.3,73.5,12,No,0,,0,0.0,Home Improvement,26700.0,5.4,Yes,0
SHG24749,Tamil Nadu,Women SHG,16,24,41.1,59.6,102.48,2377.52,79.3,85.7,18,Yes,1,66.4,0,18111.83,Home Improvement,55700.0,8.2,Yes,1
SHG24750,Uttar Pradesh,Women SHG,18,47,29.1,87.1,140.63,6593.39,58.4,44.0,44,Yes,1,73.4,0,18018.82,Agriculture,33000.0,7.8,Yes,1
SHG24751,Maharashtra,Women SHG,11,29,41.0,38.2,142.84,3077.88,64.7,84.2,18,Yes,1,93.0,0,26103.22,Small Business,61100.0,6.5,Yes,1
SHG24752,Karnataka,Farmer Producer Group,9,63,32.4,64.5,37.47,1382.83,69.5,92.1,57,Yes,0,,0,0.0,Emergency/Consumption,20700.0,7.0,Yes,0
SHG24753,Karnataka,Farmer Producer Group,8,56,34.2,61.4,256.31,9485.9,91.1,77.2,42,Yes,0,,0,0.0,Education,22700.0,9.5,Yes,1
SHG24754,Andhra Pradesh,Women SHG,11,46,25.0,52.1,105.85,3277.38,95.5,74.4,29,Yes,2,80.8,0,26082.07,Small Business,25500.0,6.9,No,1
SHG24755,Andhra Pradesh,Mixed SHG,13,34,37.4,100.0,78.72,2550.66,94.5,73.0,32,Yes,3,84.6,0,17997.93,Home Improvement,16200.0,5.5,No,1
SHG24756,Tamil Nadu,Women SHG,12,21,30.0,78.7,101.8,1655.13,75.9,46.6,16,No,1,55.8,1,22986.48,Emergency/Consumption,16200.0,7.1,Yes,1
SHG24757,Karnataka,Women SHG,11,6,40.5,42.1,32.56,143.66,68.6,73.9,5,Yes,1,63.6,0,4386.45,Small Business,38700.0,8.5,Yes,0
SHG24758,Bihar,Women SHG,8,46,41.1,43.7,199.68,5294.41,89.0,69.4,35,Yes,0,,0,0.0,Livestock,21400.0,6.4,Yes,1
SHG24759,Telangana,Women SHG,14,42,51.4,53.6,20.0,835.83,58.7,48.3,33,Yes,2,87.6,0,1959.13,Livestock,56300.0,6.8,No,1
SHG24760,Uttar Pradesh,Women SHG,13,36,28.7,61.0,117.05,3677.4,69.5,45.1,31,Yes,0,,0,0.0,Emergency/Consumption,19900.0,7.1,Yes,1
SHG24761,Tamil Nadu,Women SHG,10,18,45.5,80.3,50.7,551.45,90.3,82.4,14,Yes,2,76.3,0,8166.71,Education,12100.0,5.8,No,0
SHG24762,Kerala,Farmer Producer Group,14,3,24.8,52.2,98.19,211.98,61.1,75.6,2,Yes,0,,0,0.0,Small Business,21600.0,5.7,Yes,1
SHG24763,Tamil Nadu,Women SHG,11,23,36.2,63.8,113.41,1587.09,27.6,86.0,12,Yes,3,81.9,1,8436.64,Small Business,17200.0,6.6,Yes,1
SHG24764,Bihar,Women SHG,16,3,39.5,58.5,146.52,484.03,61.1,99.4,2,Yes,0,,0,0.0,Small Business,25600.0,9.8,No,0
SHG24765,Odisha,Women SHG,11,42,43.4,63.2,173.36,4074.76,81.9,90.9,27,Yes,2,90.9,0,10402.04,Agriculture,9100.0,6.2,No,1
SHG24766,Karnataka,Women SHG,15,49,38.4,58.6,147.64,5442.81,69.6,73.4,43,Yes,2,83.5,0,9613.92,Small Business,66700.0,5.3,Yes,0
SHG24767,Andhra Pradesh,Women SHG,9,22,36.7,44.5,104.99,1197.58,86.1,91.2,12,Yes,2,64.2,1,16547.93,Small Business,15600.0,9.0,Yes,1
SHG24768,Karnataka,Farmer Producer Group,14,31,45.0,32.9,129.92,3145.49,81.1,76.6,23,Yes,3,74.4,1,4954.8,Small Business,77300.0,6.3,Yes,1
SHG24769,Kerala,Mixed SHG,17,23,35.2,45.2,63.95,1635.61,77.4,93.9,12,Yes,1,73.1,0,8185.64,Small Business,32700.0,6.2,Yes,1
SHG24770,Bihar,Women SHG,20,16,45.7,47.7,118.14,1922.67,72.6,63.0,14,No,0,,0,0.0,Education,17500.0,7.2,No,0
SHG24771,Karnataka,Farmer Producer Group,14,40,44.6,66.2,86.05,3967.84,93.7,62.0,23,Yes,1,89.4,0,1996.93,Small Business,15300.0,8.3,Yes,1
SHG24772,Kerala,Mixed SHG,20,10,55.1,30.2,98.0,1291.39,76.1,69.4,9,Yes,0,,0,0.0,Emergency/Consumption,38700.0,8.5,Yes,1
SHG24773,Tamil Nadu,Women SHG,11,32,32.7,49.2,142.61,2975.55,81.9,91.9,23,Yes,0,,0,0.0,Small Business,20000.0,8.3,No,0
SHG24774,Tamil Nadu,Mixed SHG,9,65,39.3,65.9,205.49,9663.2,66.4,87.4,58,Yes,2,65.1,1,15620.76,Agriculture,49500.0,5.8,Yes,1
SHG24775,Tamil Nadu,Women SHG,20,20,32.8,79.4,90.35,2162.29,47.1,65.5,17,Yes,2,79.0,1,8457.16,Home Improvement,14500.0,6.2,No,0
SHG24776,Karnataka,Women SHG,12,8,45.6,52.4,75.37,450.96,61.3,75.8,6,Yes,1,78.6,0,18902.41,Small Business,25800.0,8.5,Yes,1
SHG24777,Uttar Pradesh,Women SHG,14,9,45.2,55.3,20.0,146.37,72.2,72.0,7,Yes,0,,0,0.0,Agriculture,8600.0,7.9,No,0
SHG24778,Telangana,Women SHG,13,20,44.1,66.3,108.63,1749.44,74.9,62.3,11,Yes,2,67.7,0,4371.14,Home Improvement,47700.0,6.4,Yes,0
SHG24779,Andhra Pradesh,Women SHG,15,8,22.2,28.2,146.05,1060.25,37.2,80.0,7,Yes,1,75.3,0,2820.8,Small Business,35600.0,7.5,No,0
SHG24780,Odisha,Women SHG,10,54,42.8,57.1,98.86,3230.93,61.2,84.4,36,Yes,4,73.8,0,5267.48,Small Business,18000.0,7.5,Yes,1
SHG24781,Bihar,Women SHG,13,48,56.4,41.9,46.66,1818.99,77.0,57.6,41,Yes,0,,0,0.0,Agriculture,42400.0,6.6,No,1
SHG24782,Tamil Nadu,Mixed SHG,15,48,42.6,76.1,181.81,10077.58,69.8,54.0,36,Yes,3,69.5,1,22784.8,Emergency/Consumption,28700.0,4.6,No,0
SHG24783,Kerala,Farmer Producer Group,14,51,36.9,30.7,27.61,1193.15,87.9,88.6,45,Yes,3,80.7,1,3743.86,Small Business,28500.0,7.0,Yes,1
SHG24784,Maharashtra,Women SHG,12,15,36.3,32.8,34.7,394.57,79.9,53.7,10,Yes,0,,0,0.0,Agriculture,25200.0,7.7,Yes,0
SHG24785,Telangana,Women SHG,15,55,43.2,50.0,186.0,11973.26,92.3,73.8,49,Yes,0,,0,0.0,Livestock,18500.0,10.0,Yes,1
SHG24786,Kerala,Women SHG,9,20,29.2,60.3,40.89,414.56,73.2,59.6,10,No,0,,0,0.0,Agriculture,14600.0,7.6,No,1
SHG24787,Tamil Nadu,Mixed SHG,14,9,32.3,79.3,97.16,1009.91,88.5,92.3,5,Yes,4,65.0,0,8991.78,Home Improvement,51500.0,8.0,Yes,1
SHG24788,Maharashtra,Women SHG,17,13,44.7,54.5,20.0,346.7,57.7,79.1,8,Yes,1,68.6,1,21732.01,Livestock,51500.0,7.2,Yes,1
SHG24789,Odisha,Mixed SHG,17,54,32.6,57.0,86.07,6086.28,90.5,61.4,36,Yes,2,77.8,0,27754.29,Agriculture,33000.0,5.2,No,1
SHG24790,Andhra Pradesh,Farmer Producer Group,18,55,36.9,37.8,174.19,12936.02,89.5,92.5,48,Yes,0,,0,0.0,Livestock,39200.0,8.1,Yes,1
SHG24791,Bihar,Farmer Producer Group,19,13,48.8,55.8,115.2,1527.21,84.8,85.6,8,Yes,2,94.6,1,37889.41,Agriculture,34500.0,7.3,Yes,1
SHG24792,Bihar,Women SHG,11,30,28.7,84.5,60.38,1490.53,87.2,86.3,21,Yes,1,79.1,0,23922.94,Agriculture,66400.0,6.1,Yes,1
SHG24793,Odisha,Women SHG,12,32,27.7,57.2,98.14,3111.94,75.5,74.8,18,Yes,1,78.7,0,11551.01,Livestock,56000.0,5.7,Yes,0
SHG24794,Tamil Nadu,Mixed SHG,16,46,44.8,47.0,140.34,8395.4,75.6,69.2,42,Yes,1,87.3,0,29545.14,Livestock,24900.0,4.7,Yes,1
SHG24795,Bihar,Women SHG,14,11,39.3,35.7,160.2,1434.54,92.6,56.6,6,Yes,2,99.0,0,15154.22,Agriculture,50100.0,6.9,Yes,1
SHG24796,Maharashtra,Women SHG,13,41,32.7,67.7,35.73,1115.08,91.7,54.0,27,Yes,1,85.0,1,12536.92,Education,15400.0,7.1,Yes,1
SHG24797,Odisha,Women SHG,8,21,36.2,79.5,247.35,2446.32,41.7,73.1,14,Yes,0,,0,0.0,Small Business,73700.0,5.8,Yes,0
SHG24798,Bihar,Women SHG,13,60,30.2,80.8,108.59,5639.97,79.7,59.3,33,Yes,1,96.5,0,25935.5,Small Business,58700.0,7.2,Yes,1
SHG24799,Karnataka,Women SHG,11,13,41.3,50.1,146.06,1712.11,68.4,79.5,7,Yes,0,,0,0.0,Education,28600.0,6.4,Yes,0
SHG24800,Uttar Pradesh,Women SHG,9,94,40.1,54.1,45.96,2236.66,87.8,66.2,62,Yes,0,,0,0.0,Agriculture,27400.0,6.2,Yes,1
SHG24801,Andhra Pradesh,Farmer Producer Group,12,64,42.7,45.7,122.64,4808.81,34.4,62.6,50,Yes,1,80.2,0,21195.74,Home Improvement,8100.0,5.4,Yes,0
SHG24802,Kerala,Women SHG,13,92,28.3,99.4,198.42,17087.78,65.2,77.9,69,Yes,0,,0,0.0,Emergency/Consumption,40700.0,9.1,Yes,1
SHG24803,Andhra Pradesh,Women SHG,15,39,25.1,69.0,104.26,4162.39,84.2,66.0,24,No,0,,0,0.0,Home Improvement,50800.0,4.0,Yes,0
SHG24804,Andhra Pradesh,Women SHG,11,17,49.7,45.0,159.12,1706.17,48.2,71.4,13,Yes,2,71.0,0,5669.18,Agriculture,21000.0,6.4,Yes,1
SHG24805,Uttar Pradesh,Women SHG,8,5,42.0,59.7,47.67,104.63,79.2,66.6,4,Yes,0,,0,0.0,Agriculture,36200.0,8.5,Yes,1
SHG24806,Tamil Nadu,Women SHG,10,23,40.5,77.4,79.59,1392.78,61.7,84.5,17,Yes,1,89.1,1,6834.82,Small Business,44900.0,5.0,No,1
SHG24807,West Bengal,Women SHG,9,30,37.7,69.9,175.15,3275.92,68.7,77.0,17,Yes,0,,0,0.0,Agriculture,6400.0,8.4,Yes,0
SHG24808,Tamil Nadu,Women SHG,16,42,42.0,63.0,82.45,3651.96,27.2,64.6,31,Yes,0,,0,0.0,Livestock,27000.0,6.0,Yes,1
SHG24809,Andhra Pradesh,Mixed SHG,11,36,35.7,89.1,53.68,1488.94,38.2,67.0,29,Yes,0,,0,0.0,Small Business,98000.0,5.8,No,0
SHG24810,West Bengal,Farmer Producer Group,14,3,35.9,54.0,20.0,42.43,75.6,84.5,2,No,0,,0,0.0,Livestock,23100.0,7.0,Yes,0
SHG24811,Maharashtra,Women SHG,14,26,27.8,85.7,136.49,3879.89,85.3,79.3,20,Yes,0,,0,0.0,Livestock,33900.0,6.1,Yes,1
SHG24812,Uttar Pradesh,Women SHG,9,109,39.0,68.5,46.51,3081.61,86.3,45.8,86,Yes,1,40.5,0,4808.73,Education,67800.0,7.4,Yes,0
SHG24813,Bihar,Women SHG,14,27,30.4,64.1,149.79,4260.09,85.5,72.0,24,Yes,2,71.7,0,8424.87,Education,87100.0,9.4,Yes,1
SHG24814,Uttar Pradesh,Mixed SHG,11,38,31.5,60.4,61.16,1414.66,78.9,59.2,27,Yes,1,87.0,0,38532.51,Emergency/Consumption,54400.0,9.6,Yes,1
SHG24815,West Bengal,Mixed SHG,13,26,40.8,54.0,56.81,1577.02,86.4,78.6,21,Yes,2,70.7,0,6978.73,Emergency/Consumption,28700.0,6.1,No,0
SHG24816,Odisha,Women SHG,10,28,28.9,42.3,20.0,400.58,68.5,80.5,23,Yes,0,,0,0.0,Home Improvement,45500.0,5.3,Yes,1
SHG24817,Odisha,Women SHG,12,73,40.0,68.4,127.41,7490.57,91.1,87.7,65,Yes,0,,0,0.0,Agriculture,22300.0,6.5,Yes,1
SHG24818,Tamil Nadu,Women SHG,12,11,36.5,88.0,50.68,445.32,85.3,91.1,6,Yes,0,,0,0.0,Small Business,9000.0,6.1,Yes,0
SHG24819,Kerala,Mixed SHG,11,28,41.9,70.7,208.94,3825.67,67.9,94.4,24,Yes,2,73.3,0,39665.41,Education,18000.0,8.1,No,1
SHG24820,Tamil Nadu,Mixed SHG,11,15,47.6,52.4,80.23,1023.5,61.2,50.4,12,Yes,2,66.8,1,18669.1,Livestock,28700.0,7.2,Yes,1
SHG24821,Tamil Nadu,Women SHG,14,31,39.7,72.9,94.27,3091.77,95.9,49.0,28,Yes,0,,0,0.0,Agriculture,30500.0,5.8,Yes,1
SHG24822,Uttar Pradesh,Women SHG,12,21,48.7,56.4,308.08,4807.46,66.3,68.2,16,Yes,1,81.9,1,31077.4,Agriculture,20300.0,6.8,No,1
SHG24823,Andhra Pradesh,Mixed SHG,14,28,34.3,59.7,113.43,2618.63,35.8,54.1,22,Yes,3,66.9,1,8897.9,Small Business,17200.0,6.9,Yes,1
SHG24824,Kerala,Mixed SHG,14,4,40.8,81.8,23.93,90.98,69.8,90.6,3,No,0,,0,0.0,Agriculture,20800.0,7.5,No,0
SHG24825,Bihar,Women SHG,14,8,55.2,61.8,98.89,684.78,72.5,85.1,6,Yes,4,83.3,0,12773.84,Emergency/Consumption,75100.0,6.7,Yes,1
SHG24826,Karnataka,Women SHG,17,15,36.9,52.6,58.14,899.25,52.4,92.2,10,Yes,1,94.7,0,15263.22,Education,14800.0,6.2,No,0
SHG24827,Tamil Nadu,Women SHG,16,44,28.1,70.5,114.94,6065.34,81.7,76.2,30,Yes,1,74.7,0,2589.45,Agriculture,20200.0,9.1,Yes,1
SHG24828,Tamil Nadu,Women SHG,14,12,46.8,47.1,57.62,694.28,94.4,86.0,7,No,1,83.7,0,9623.75,Home Improvement,45400.0,6.3,No,0
SHG24829,West Bengal,Women SHG,16,20,34.9,76.4,66.92,1590.26,81.0,72.3,12,Yes,2,51.8,0,32406.58,Small Business,20800.0,7.5,Yes,1
SHG24830,Tamil Nadu,Mixed SHG,15,13,44.5,80.6,67.28,798.51,88.5,90.7,11,Yes,1,84.2,1,6457.91,Home Improvement,27300.0,5.7,Yes,1
SHG24831,Telangana,Mixed SHG,20,11,39.8,66.3,167.39,2224.82,85.4,97.3,7,Yes,3,74.1,1,3334.21,Livestock,22600.0,7.0,No,0
SHG24832,Bihar,Women SHG,14,45,28.6,54.5,124.8,4782.07,80.7,60.0,31,Yes,4,73.0,2,4827.35,Emergency/Consumption,12200.0,8.4,Yes,1
SHG24833,West Bengal,Women SHG,18,48,31.1,67.6,65.61,4003.73,52.6,72.0,38,Yes,1,63.4,0,12555.96,Livestock,5000.0,10.0,Yes,1
SHG24834,Maharashtra,Women SHG,17,39,34.0,57.6,49.89,2674.06,72.2,82.3,31,Yes,0,,0,0.0,Livestock,54100.0,7.5,Yes,0
SHG24835,Kerala,Mixed SHG,10,19,38.3,66.9,37.77,530.26,90.6,93.0,17,Yes,0,,0,0.0,Agriculture,31700.0,6.6,No,0
SHG24836,Andhra Pradesh,Women SHG,17,21,56.1,64.3,66.83,1473.87,52.1,86.3,16,Yes,1,56.1,1,13693.18,Agriculture,25200.0,6.8,No,1
SHG24837,Bihar,Women SHG,13,28,37.4,62.8,20.0,467.4,95.4,83.0,15,Yes,0,,0,0.0,Livestock,79300.0,7.7,No,1
SHG24838,Telangana,Women SHG,12,18,44.8,61.0,362.3,5776.19,45.9,67.1,11,Yes,1,49.3,1,6478.59,Agriculture,52900.0,5.4,No,0
SHG24839,Uttar Pradesh,Mixed SHG,14,4,34.2,70.7,104.49,333.78,60.7,57.0,3,Yes,0,,0,0.0,Agriculture,31800.0,8.9,No,0
SHG24840,Telangana,Women SHG,14,27,29.9,89.4,241.89,7430.0,61.6,83.4,20,Yes,0,,0,0.0,Agriculture,126000.0,6.4,Yes,1
SHG24841,Tamil Nadu,Women SHG,13,43,32.4,70.0,38.44,1719.66,82.7,94.9,39,Yes,2,71.6,0,10159.59,Emergency/Consumption,25500.0,6.9,Yes,1
SHG24842,Telangana,Women SHG,16,10,34.4,54.0,165.52,1869.22,91.4,86.5,8,Yes,1,82.5,0,3994.01,Emergency/Consumption,31500.0,2.2,Yes,1
SHG24843,Andhra Pradesh,Women SHG,16,50,26.6,66.5,37.08,2445.27,55.9,87.5,30,Yes,4,97.8,0,10239.43,Agriculture,15200.0,9.6,Yes,1
SHG24844,Odisha,Mixed SHG,17,39,44.7,76.6,111.37,5540.58,55.7,81.2,20,Yes,0,,0,0.0,Agriculture,9900.0,6.0,Yes,1
SHG24845,Tamil Nadu,Women SHG,17,33,37.6,53.0,20.44,870.23,65.2,92.9,21,Yes,0,,0,0.0,Small Business,26100.0,7.1,No,1
SHG24846,Andhra Pradesh,Women SHG,13,83,43.4,36.9,246.45,20019.41,80.1,74.1,72,Yes,2,86.3,0,13776.49,Emergency/Consumption,34200.0,7.2,Yes,1
SHG24847,Odisha,Women SHG,12,50,33.9,68.6,103.04,3145.13,56.7,68.1,36,Yes,0,,0,0.0,Agriculture,42100.0,7.1,Yes,0
SHG24848,Uttar Pradesh,Women SHG,11,65,32.2,88.4,123.05,5458.97,59.3,57.8,41,Yes,1,80.7,0,24821.76,Home Improvement,41600.0,4.7,Yes,1
SHG24849,Odisha,Women SHG,15,23,30.9,57.7,20.0,572.89,52.3,51.3,16,No,1,76.5,1,44778.59,Education,37100.0,6.8,Yes,1
SHG24850,West Bengal,Women SHG,8,40,22.5,30.0,131.56,2933.82,40.0,91.1,23,Yes,1,73.0,0,18093.89,Livestock,26500.0,10.0,Yes,1
SHG24851,Maharashtra,Farmer Producer Group,8,113,37.6,40.3,20.0,1436.72,85.8,89.2,71,No,0,,0,0.0,Emergency/Consumption,72500.0,8.4,Yes,1
SHG24852,Telangana,Women SHG,11,6,39.6,56.5,87.46,299.32,26.0,80.0,5,Yes,2,87.5,0,45069.37,Agriculture,15600.0,6.2,Yes,1
SHG24853,Tamil Nadu,Mixed SHG,8,15,46.0,86.5,190.69,1173.97,73.1,89.3,10,Yes,2,66.3,0,8573.46,Small Business,25900.0,8.7,No,0
SHG24854,Uttar Pradesh,Women SHG,16,3,35.0,62.1,36.78,94.78,85.8,71.5,2,Yes,0,,0,0.0,Agriculture,40500.0,6.9,Yes,0
SHG24855,Andhra Pradesh,Women SHG,14,20,46.2,64.8,113.49,2016.8,58.9,40.0,15,Yes,5,88.0,1,18407.72,Emergency/Consumption,17400.0,7.5,No,1
SHG24856,Maharashtra,Women SHG,16,70,30.5,45.1,241.11,14448.36,58.1,67.5,61,Yes,2,83.9,1,38059.9,Small Business,8100.0,6.9,No,1
SHG24857,West Bengal,Mixed SHG,10,14,46.1,53.2,41.68,307.94,90.9,89.1,9,Yes,0,,0,0.0,Livestock,13700.0,4.0,Yes,1
SHG24858,Bihar,Women SHG,15,26,37.9,65.5,235.27,6005.46,83.9,57.6,22,Yes,2,93.5,0,13137.39,Livestock,80500.0,7.6,Yes,1
SHG24859,Maharashtra,Women SHG,12,15,43.4,67.3,108.1,1566.35,66.6,60.3,8,No,4,91.5,1,11484.58,Livestock,26700.0,8.4,Yes,0
SHG24860,Andhra Pradesh,Farmer Producer Group,13,37,31.6,56.7,61.14,2322.34,51.4,89.2,21,Yes,0,,0,0.0,Emergency/Consumption,36300.0,7.1,No,1
SHG24861,Maharashtra,Women SHG,10,17,31.3,49.4,65.27,689.26,67.9,86.7,11,Yes,1,90.9,0,23004.84,Agriculture,40500.0,8.6,Yes,1
SHG24862,Uttar Pradesh,Women SHG,15,17,40.0,38.4,85.4,1207.78,68.0,90.7,14,Yes,2,83.1,0,15065.84,Education,77700.0,9.3,Yes,1
SHG24863,Odisha,Women SHG,11,20,22.1,63.7,59.09,793.74,62.3,78.0,16,No,3,86.4,0,8868.73,Livestock,51400.0,10.0,Yes,0
SHG24864,West Bengal,Women SHG,15,18,48.9,71.9,420.22,6620.5,77.9,43.6,14,Yes,1,81.4,0,23855.55,Small Business,20000.0,6.7,No,0
SHG24865,Uttar Pradesh,Women SHG,10,4,41.6,63.5,22.5,51.07,93.4,69.7,3,Yes,0,,0,0.0,Livestock,5000.0,6.2,Yes,1
SHG24866,Bihar,Women SHG,11,18,44.3,52.7,141.03,1863.54,85.9,81.3,13,No,1,44.6,0,8168.17,Emergency/Consumption,38200.0,8.3,No,1
SHG24867,Maharashtra,Women SHG,14,11,44.1,63.4,180.12,1646.34,48.3,97.3,8,Yes,3,79.6,1,22067.55,Agriculture,25700.0,7.7,Yes,1
SHG24868,West Bengal,Women SHG,19,21,31.6,28.5,184.42,5412.39,73.7,44.8,14,Yes,2,88.2,0,11925.5,Agriculture,18500.0,7.6,Yes,1
SHG24869,Karnataka,Women SHG,13,65,54.6,79.6,83.36,5302.0,80.2,62.3,47,No,2,77.1,1,14276.34,Emergency/Consumption,29000.0,6.7,Yes,1
SHG24870,Telangana,Mixed SHG,13,31,33.3,60.0,271.14,6678.96,84.3,50.6,19,Yes,1,77.2,0,13054.65,Emergency/Consumption,11300.0,8.5,Yes,1
SHG24871,Odisha,Women SHG,10,54,26.8,77.9,87.67,2451.61,56.8,87.2,43,Yes,0,,0,0.0,Livestock,31300.0,8.0,Yes,0
SHG24872,Telangana,Women SHG,12,25,49.4,41.6,274.77,6264.81,55.0,75.8,14,Yes,0,,0,0.0,Livestock,66500.0,7.4,Yes,0
SHG24873,Andhra Pradesh,Mixed SHG,10,23,38.9,72.3,71.58,1283.75,89.1,65.2,14,Yes,1,51.0,0,11079.82,Emergency/Consumption,36900.0,7.2,Yes,0
SHG24874,Bihar,Women SHG,17,68,35.4,62.6,94.31,8117.25,84.4,60.3,62,Yes,0,,0,0.0,Livestock,39200.0,7.4,Yes,1
SHG24875,Uttar Pradesh,Women SHG,14,52,20.0,97.3,146.83,6091.11,68.6,78.4,34,No,3,66.9,1,1431.46,Small Business,28200.0,6.3,No,1
SHG24876,Tamil Nadu,Mixed SHG,13,90,25.2,56.9,133.27,10686.9,66.1,87.1,61,Yes,0,,0,0.0,Agriculture,24700.0,6.4,Yes,1
SHG24877,Odisha,Farmer Producer Group,14,15,54.7,64.1,94.26,1225.46,64.7,80.1,12,Yes,0,,0,0.0,Small Business,24800.0,7.0,No,1
SHG24878,Karnataka,Women SHG,15,23,33.4,79.1,48.13,966.03,74.4,60.5,18,Yes,1,87.0,0,27102.34,Small Business,9100.0,6.9,No,1
SHG24879,Tamil Nadu,Mixed SHG,19,11,27.3,37.6,110.72,1600.41,88.6,60.3,8,Yes,4,91.2,1,39128.99,Agriculture,9600.0,6.6,Yes,1
SHG24880,West Bengal,Women SHG,16,13,40.5,87.5,88.03,1310.83,67.3,73.9,8,No,1,71.7,2,6992.86,Education,9400.0,5.9,Yes,0
SHG24881,Tamil Nadu,Farmer Producer Group,12,36,29.1,59.1,74.28,2340.87,88.3,73.8,26,Yes,2,71.3,1,29426.85,Agriculture,30300.0,7.9,No,0
SHG24882,Tamil Nadu,Women SHG,14,59,43.7,73.6,84.12,3859.64,78.1,80.2,54,No,1,75.3,1,5907.68,Agriculture,11200.0,5.9,Yes,0
SHG24883,Bihar,Women SHG,15,6,45.1,37.1,188.43,872.54,69.3,62.9,5,Yes,4,79.3,1,14968.56,Livestock,44700.0,8.1,Yes,1
SHG24884,Uttar Pradesh,Mixed SHG,13,19,42.4,72.5,315.8,4029.69,81.5,85.0,15,Yes,4,72.3,0,8066.51,Home Improvement,15500.0,7.0,Yes,1
SHG24885,Karnataka,Farmer Producer Group,14,7,29.7,70.3,97.95,699.42,75.1,76.9,5,Yes,1,81.2,1,6181.01,Emergency/Consumption,26800.0,6.3,Yes,1
SHG24886,West Bengal,Mixed SHG,11,27,50.9,45.7,69.86,1043.19,83.5,93.4,17,Yes,4,83.9,0,8744.58,Small Business,34600.0,6.9,Yes,1
SHG24887,Maharashtra,Women SHG,13,57,45.5,76.2,91.71,3828.06,45.4,89.4,36,Yes,2,89.6,1,25250.31,Small Business,43300.0,6.7,Yes,0
SHG24888,Odisha,Women SHG,11,11,36.8,44.1,180.35,1808.73,81.9,60.1,9,Yes,0,,0,0.0,Agriculture,10700.0,8.3,Yes,1
SHG24889,West Bengal,Women SHG,15,61,32.6,83.9,121.88,6577.72,69.8,84.4,55,Yes,2,68.1,0,7171.89,Agriculture,31200.0,5.2,No,1
SHG24890,Odisha,Mixed SHG,16,29,29.9,100.0,84.53,2003.64,94.2,87.7,20,Yes,1,62.1,1,32728.11,Home Improvement,39800.0,6.9,No,1
SHG24891,Tamil Nadu,Mixed SHG,15,24,45.4,68.9,84.93,1973.03,88.3,70.6,14,Yes,0,,0,0.0,Small Business,39500.0,9.0,Yes,1
SHG24892,Tamil Nadu,Women SHG,16,35,35.7,91.7,48.04,1772.47,73.2,63.4,31,No,2,78.1,0,19120.34,Emergency/Consumption,29900.0,7.2,Yes,0
SHG24893,Maharashtra,Women SHG,16,28,33.0,47.4,111.03,3255.42,93.4,79.2,20,Yes,2,85.0,1,16575.76,Agriculture,40700.0,8.3,Yes,1
SHG24894,Tamil Nadu,Women SHG,12,42,43.7,57.0,113.8,3698.09,90.4,94.8,30,Yes,3,53.5,0,6658.73,Livestock,14500.0,7.4,Yes,1
SHG24895,Telangana,Mixed SHG,13,57,37.3,57.6,20.0,1062.1,72.8,98.9,44,Yes,2,99.1,2,11998.87,Agriculture,24100.0,5.5,Yes,1
SHG24896,Telangana,Women SHG,14,45,35.4,61.1,29.34,1264.19,85.4,77.8,31,Yes,1,58.6,1,19157.87,Small Business,90500.0,8.6,Yes,1
SHG24897,West Bengal,Women SHG,10,41,30.0,64.5,20.0,559.48,81.8,91.9,33,Yes,2,34.8,0,10998.63,Education,28300.0,6.8,Yes,1
SHG24898,West Bengal,Women SHG,14,23,28.4,100.0,136.22,3372.84,54.9,72.2,15,Yes,0,,0,0.0,Small Business,48800.0,7.6,Yes,0
SHG24899,Karnataka,Mixed SHG,8,19,44.2,38.4,198.38,2002.0,91.2,74.6,17,Yes,1,59.8,0,15454.31,Education,45000.0,3.5,Yes,0
SHG24900,Uttar Pradesh,Women SHG,16,61,29.8,52.5,52.5,2569.67,52.7,83.5,46,Yes,3,81.3,2,12533.5,Livestock,43400.0,7.7,Yes,0
SHG24901,West Bengal,Women SHG,12,53,20.2,22.9,54.43,2796.31,56.3,65.4,29,Yes,1,71.4,0,9521.16,Emergency/Consumption,50700.0,7.6,Yes,1
SHG24902,Odisha,Women SHG,11,15,32.5,37.7,66.5,862.13,58.1,68.9,12,Yes,0,,0,0.0,Agriculture,76200.0,8.4,No,1
SHG24903,Telangana,Women SHG,13,4,42.8,70.7,173.38,551.0,88.3,62.5,3,Yes,0,,0,0.0,Livestock,49700.0,7.8,Yes,0
SHG24904,Telangana,Women SHG,15,4,36.6,69.3,113.71,384.15,81.4,65.1,2,Yes,0,,0,0.0,Education,10800.0,7.1,No,0
SHG24905,Kerala,Mixed SHG,8,33,34.1,65.3,20.0,422.68,85.6,85.0,21,Yes,2,72.4,0,9881.79,Small Business,37100.0,9.0,Yes,1
SHG24906,Uttar Pradesh,Women SHG,11,11,45.9,56.4,156.87,961.41,62.9,94.7,9,Yes,0,,0,0.0,Small Business,60800.0,5.3,No,1
SHG24907,Bihar,Women SHG,15,26,31.3,52.4,384.68,11508.64,79.4,74.9,21,No,1,97.2,0,41564.14,Home Improvement,21100.0,7.8,No,1
SHG24908,Maharashtra,Farmer Producer Group,10,13,35.7,65.9,102.16,1039.54,91.4,82.9,11,Yes,2,78.4,0,10892.7,Small Business,8700.0,8.8,Yes,0
SHG24909,Andhra Pradesh,Women SHG,10,41,30.5,58.1,213.75,7078.1,69.8,86.9,30,Yes,1,83.7,0,3098.57,Agriculture,44400.0,9.8,No,1
SHG24910,Andhra Pradesh,Women SHG,13,33,46.8,60.4,47.22,1337.25,80.0,80.5,22,Yes,1,53.0,0,19936.5,Small Business,31600.0,7.8,No,0
SHG24911,Andhra Pradesh,Women SHG,13,17,37.6,33.1,90.35,1447.09,85.1,48.9,13,Yes,1,82.8,0,22049.68,Agriculture,21900.0,9.4,Yes,1
SHG24912,Maharashtra,Women SHG,19,29,50.1,58.9,20.0,908.11,71.0,91.6,25,Yes,0,,0,0.0,Small Business,6600.0,6.6,Yes,1
SHG24913,Telangana,Women SHG,12,30,28.3,88.6,94.07,2176.25,68.9,81.2,22,Yes,0,,0,0.0,Home Improvement,7000.0,7.7,Yes,1
SHG24914,Kerala,Women SHG,8,19,39.0,47.6,128.16,1012.31,57.6,92.1,11,Yes,2,84.1,0,13862.65,Small Business,55400.0,8.7,Yes,1
SHG24915,Maharashtra,Women SHG,14,86,34.6,66.6,44.43,3939.4,72.5,90.4,76,No,2,91.8,0,535.23,Small Business,24800.0,6.1,Yes,1
SHG24916,Odisha,Mixed SHG,15,32,54.9,84.3,45.29,1378.76,83.9,66.3,29,Yes,1,52.7,1,27446.76,Agriculture,8000.0,5.1,Yes,1
SHG24917,Odisha,Women SHG,12,38,48.7,56.9,144.82,3649.4,49.6,94.2,30,Yes,3,71.7,0,7436.55,Emergency/Consumption,14300.0,7.3,No,1
SHG24918,Maharashtra,Mixed SHG,12,14,38.2,53.3,39.57,529.67,32.4,61.6,9,Yes,1,74.4,0,12545.68,Agriculture,72500.0,7.2,Yes,1
SHG24919,Uttar Pradesh,Women SHG,8,10,40.5,48.6,35.17,206.14,84.6,50.6,9,Yes,1,69.9,0,33133.1,Small Business,68900.0,5.0,Yes,1
SHG24920,Andhra Pradesh,Women SHG,12,51,32.6,58.4,171.45,7231.49,93.6,70.2,30,Yes,5,30.6,1,14375.19,Home Improvement,28500.0,7.0,No,1
SHG24921,Maharashtra,Women SHG,11,21,37.4,41.2,29.73,523.96,75.8,62.7,19,Yes,0,,0,0.0,Emergency/Consumption,41400.0,6.4,Yes,1
SHG24922,Odisha,Farmer Producer Group,11,50,41.2,84.8,152.0,4258.03,59.8,78.9,47,Yes,2,72.9,0,17884.56,Agriculture,45300.0,5.4,Yes,1
SHG24923,Odisha,Farmer Producer Group,14,12,37.8,40.7,128.82,1534.64,92.9,89.1,7,Yes,1,88.4,1,6011.92,Small Business,92000.0,7.0,No,1
SHG24924,Kerala,Women SHG,14,52,32.0,95.9,498.52,18673.32,44.4,81.2,45,Yes,2,93.7,0,20143.63,Home Improvement,9600.0,6.4,No,1
SHG24925,Telangana,Women SHG,13,23,33.2,32.7,54.56,1164.67,35.8,78.7,19,Yes,2,70.1,0,17759.63,Small Business,14200.0,8.1,No,1
SHG24926,Uttar Pradesh,Women SHG,13,8,33.0,56.3,121.45,749.57,86.8,49.0,4,Yes,2,56.6,0,6266.28,Small Business,32100.0,6.8,Yes,1
SHG24927,Telangana,Mixed SHG,17,12,36.6,56.2,341.71,5172.76,39.9,57.0,11,Yes,0,,0,0.0,Emergency/Consumption,82500.0,6.2,Yes,1
SHG24928,Tamil Nadu,Women SHG,14,111,25.3,35.4,147.7,18922.58,64.9,71.5,84,Yes,2,70.9,3,7020.29,Agriculture,43200.0,10.0,Yes,1
SHG24929,Telangana,Farmer Producer Group,12,48,33.8,78.6,71.06,3045.5,58.0,85.5,34,Yes,1,88.8,0,14952.45,Livestock,80400.0,9.5,Yes,1
SHG24930,West Bengal,Farmer Producer Group,15,55,49.4,60.4,187.87,9390.71,74.0,73.9,38,Yes,1,86.1,1,20249.55,Agriculture,21900.0,9.1,No,1
SHG24931,Andhra Pradesh,Women SHG,15,20,40.9,44.5,216.58,4845.3,59.0,75.9,11,Yes,2,80.1,0,3504.19,Education,33300.0,6.7,Yes,1
SHG24932,Maharashtra,Women SHG,8,6,39.5,83.0,24.8,64.71,73.1,66.2,4,Yes,2,77.1,1,8047.04,Agriculture,64900.0,4.7,Yes,1
SHG24933,Karnataka,Women SHG,15,27,52.5,59.7,102.24,2278.14,41.6,66.6,14,Yes,3,75.7,0,12388.68,Home Improvement,22100.0,6.7,No,0
SHG24934,Telangana,Women SHG,13,37,29.2,48.2,164.4,4697.46,94.1,81.2,23,Yes,0,,0,0.0,Agriculture,15500.0,8.1,Yes,1
SHG24935,Tamil Nadu,Women SHG,13,35,51.5,52.3,124.96,3378.16,67.7,89.5,31,No,1,90.1,0,7730.81,Livestock,20400.0,6.4,Yes,1
SHG24936,Odisha,Women SHG,15,19,27.5,66.0,176.19,3166.12,72.1,49.2,15,No,1,93.4,0,22636.85,Emergency/Consumption,34600.0,6.1,No,0
SHG24937,Karnataka,Women SHG,15,50,31.0,67.4,113.49,5760.34,80.7,67.5,41,Yes,2,73.6,0,5917.91,Education,30700.0,7.4,No,1
SHG24938,Odisha,Farmer Producer Group,14,22,51.4,49.2,23.51,487.08,74.4,90.4,12,Yes,2,76.3,1,7751.41,Small Business,61800.0,10.0,Yes,1
SHG24939,Andhra Pradesh,Women SHG,14,20,29.6,61.8,42.65,834.51,71.9,98.8,18,Yes,3,80.3,0,10649.65,Emergency/Consumption,8500.0,6.0,Yes,1
SHG24940,Uttar Pradesh,Women SHG,15,61,33.7,52.3,71.5,5261.63,73.6,59.2,39,Yes,1,91.2,0,1852.1,Agriculture,7700.0,4.9,No,1
SHG24941,Uttar Pradesh,Mixed SHG,14,24,37.6,27.8,20.76,364.16,88.5,57.7,16,Yes,1,88.6,2,13386.61,Livestock,66500.0,7.5,Yes,0
SHG24942,West Bengal,Women SHG,12,7,41.2,87.9,35.91,168.77,54.5,98.8,6,Yes,2,79.4,0,9834.27,Emergency/Consumption,30100.0,9.2,Yes,1
SHG24943,Uttar Pradesh,Women SHG,15,46,26.4,41.8,20.0,779.76,44.2,93.4,41,Yes,1,69.2,1,16709.03,Home Improvement,45900.0,6.8,Yes,0
SHG24944,Tamil Nadu,Women SHG,15,16,41.9,97.3,58.79,777.51,75.0,89.3,14,Yes,0,,0,0.0,Education,16300.0,7.5,Yes,1
SHG24945,Maharashtra,Mixed SHG,15,42,39.3,50.8,25.01,869.39,83.5,74.7,39,Yes,1,88.5,0,16759.79,Home Improvement,40200.0,8.7,Yes,1
SHG24946,Andhra Pradesh,Women SHG,13,9,46.9,66.7,83.26,755.1,93.2,84.9,5,Yes,1,77.4,0,16461.85,Agriculture,15700.0,6.1,Yes,1
SHG24947,Uttar Pradesh,Women SHG,13,33,37.9,37.7,183.41,5160.93,70.3,83.6,19,Yes,3,63.8,0,11201.28,Small Business,51600.0,5.8,No,1
SHG24948,Maharashtra,Women SHG,15,33,43.6,78.7,165.23,5564.02,58.4,55.7,30,Yes,2,87.2,0,7046.93,Home Improvement,39100.0,6.6,No,0
SHG24949,West Bengal,Farmer Producer Group,13,34,27.6,30.3,90.39,2138.09,48.3,93.0,30,Yes,1,63.9,0,8280.4,Agriculture,37200.0,7.0,Yes,0
SHG24950,Uttar Pradesh,Women SHG,8,24,39.4,69.1,342.9,3553.65,52.1,66.0,14,Yes,0,,0,0.0,Agriculture,27100.0,8.4,No,1
SHG24951,Andhra Pradesh,Women SHG,15,19,29.4,74.4,27.4,540.82,91.6,87.8,10,Yes,0,,0,0.0,Small Business,63800.0,4.8,No,1
SHG24952,Telangana,Women SHG,13,83,32.1,67.5,80.47,6471.39,90.5,74.6,78,Yes,2,79.3,0,22620.36,Small Business,32000.0,5.8,No,1
SHG24953,Karnataka,Women SHG,10,27,39.2,70.2,192.59,2870.26,85.2,66.3,19,Yes,1,86.3,0,5283.83,Emergency/Consumption,20600.0,8.0,Yes,1
SHG24954,Odisha,Mixed SHG,9,21,28.8,81.2,78.33,1197.88,59.1,85.1,17,Yes,1,64.2,0,4665.9,Agriculture,22900.0,7.1,No,1
SHG24955,Odisha,Women SHG,12,28,37.8,29.4,257.56,5939.83,72.5,83.6,16,Yes,1,69.6,1,3892.56,Small Business,35600.0,7.1,Yes,1
SHG24956,Bihar,Women SHG,8,42,33.5,86.2,54.6,980.12,49.4,80.7,23,Yes,1,75.0,0,6061.02,Agriculture,5000.0,8.9,No,1
SHG24957,Telangana,Farmer Producer Group,12,7,40.8,79.7,209.34,1193.81,65.7,84.7,6,Yes,1,72.6,0,19918.68,Small Business,52500.0,8.2,No,1
SHG24958,Maharashtra,Women SHG,12,74,39.6,73.8,111.17,7520.36,73.2,76.4,57,Yes,1,94.0,0,6977.35,Home Improvement,86300.0,6.1,Yes,1
SHG24959,Maharashtra,Women SHG,12,27,37.0,59.6,212.91,4407.21,96.0,66.7,18,Yes,1,93.9,1,4682.77,Small Business,22600.0,7.4,No,1
SHG24960,Uttar Pradesh,Women SHG,9,40,37.8,21.8,70.41,1323.83,51.8,97.7,24,Yes,3,81.1,0,7003.04,Agriculture,39100.0,9.0,No,1
SHG24961,West Bengal,Mixed SHG,12,30,40.2,66.0,24.55,518.32,76.2,95.1,17,Yes,3,88.7,1,2812.98,Home Improvement,21600.0,9.4,Yes,1
SHG24962,West Bengal,Farmer Producer Group,16,11,28.6,65.1,98.75,1341.05,85.0,64.3,9,Yes,1,93.7,1,34799.06,Small Business,28000.0,6.8,Yes,1
SHG24963,Bihar,Women SHG,11,32,32.6,44.7,196.08,5593.63,37.9,84.1,28,Yes,5,81.9,0,6364.64,Small Business,64100.0,7.7,No,0
SHG24964,Uttar Pradesh,Women SHG,11,42,36.8,83.3,37.06,1230.29,73.7,94.7,26,Yes,2,89.1,0,4682.69,Home Improvement,42300.0,4.9,Yes,0
SHG24965,Andhra Pradesh,Women SHG,15,19,35.4,83.3,69.11,1197.33,73.0,85.7,13,Yes,2,67.5,0,38844.65,Livestock,8700.0,5.8,Yes,1
SHG24966,Odisha,Women SHG,11,37,28.2,74.7,414.78,9461.14,93.6,90.3,19,Yes,2,80.5,1,39420.56,Home Improvement,58000.0,5.2,No,1
SHG24967,Karnataka,Women SHG,8,18,45.4,56.7,160.49,1630.13,63.2,79.1,13,No,0,,0,0.0,Livestock,10500.0,5.2,No,0
SHG24968,Tamil Nadu,Women SHG,19,25,38.9,78.2,130.15,5088.3,77.8,84.6,22,No,1,59.1,2,21033.2,Emergency/Consumption,46800.0,8.4,Yes,0
SHG24969,Uttar Pradesh,Women SHG,16,24,33.6,59.0,126.91,2726.77,48.7,67.8,14,Yes,2,87.0,1,11521.86,Small Business,56800.0,7.7,Yes,0
SHG24970,Odisha,Farmer Producer Group,10,29,51.2,58.3,21.04,395.45,64.0,74.2,20,Yes,2,78.2,0,19224.84,Small Business,26800.0,6.7,Yes,1
SHG24971,Karnataka,Women SHG,10,86,32.7,69.5,43.23,3024.13,84.4,75.9,61,Yes,0,,0,0.0,Agriculture,33500.0,6.0,No,1
SHG24972,West Bengal,Women SHG,18,33,40.7,47.0,75.58,3723.58,76.1,80.7,29,Yes,0,,0,0.0,Home Improvement,31700.0,7.1,Yes,1
SHG24973,Andhra Pradesh,Mixed SHG,10,35,47.3,70.3,311.71,7139.55,51.7,63.9,28,Yes,1,80.2,1,35600.54,Livestock,57800.0,8.6,No,1
SHG24974,Kerala,Mixed SHG,13,25,25.6,69.3,33.3,819.03,75.8,94.8,22,Yes,0,,0,0.0,Livestock,9300.0,9.1,Yes,1
SHG24975,Tamil Nadu,Women SHG,12,15,43.1,46.1,124.48,1428.46,74.1,54.3,12,Yes,6,81.6,0,11485.29,Small Business,17400.0,8.6,Yes,0
SHG24976,Uttar Pradesh,Women SHG,16,25,32.5,76.6,66.19,2045.05,74.9,94.4,23,Yes,4,59.5,1,14311.2,Agriculture,11300.0,5.9,Yes,1
SHG24977,Uttar Pradesh,Women SHG,9,17,34.4,70.6,158.94,1653.25,60.6,70.1,16,Yes,2,68.7,0,43107.68,Home Improvement,35400.0,9.5,Yes,0
SHG24978,Odisha,Women SHG,20,20,39.6,68.1,230.45,5353.46,67.7,78.3,10,Yes,1,83.0,0,2838.54,Home Improvement,55600.0,6.5,Yes,1
SHG24979,Telangana,Mixed SHG,11,25,33.1,59.2,306.8,6244.53,74.3,91.8,14,No,1,63.8,0,8730.63,Education,5000.0,5.9,Yes,1
SHG24980,Uttar Pradesh,Women SHG,8,25,23.2,55.2,104.59,1142.27,74.7,84.0,15,Yes,1,88.7,0,11148.01,Livestock,73600.0,7.5,Yes,1
SHG24981,Andhra Pradesh,Women SHG,13,37,34.9,63.5,77.95,1897.11,62.8,57.4,32,Yes,1,90.2,0,6795.08,Home Improvement,16400.0,6.5,Yes,0
SHG24982,Kerala,Mixed SHG,13,14,33.7,80.0,42.13,552.78,60.3,87.6,10,Yes,1,82.3,0,34700.89,Small Business,23400.0,7.8,Yes,1
SHG24983,Maharashtra,Women SHG,8,10,44.6,46.0,20.0,85.99,25.6,74.4,6,Yes,2,88.7,0,12390.91,Small Business,13500.0,7.6,No,1
SHG24984,Uttar Pradesh,Mixed SHG,13,54,41.6,27.8,154.51,8207.5,64.5,65.9,29,Yes,2,97.5,0,10558.5,Home Improvement,50500.0,8.1,No,1
SHG24985,Uttar Pradesh,Women SHG,17,20,43.2,73.3,51.99,1049.59,77.6,53.3,13,Yes,0,,0,0.0,Agriculture,26900.0,9.8,No,0
SHG24986,Telangana,Farmer Producer Group,16,23,34.6,60.1,163.63,4444.67,25.2,73.1,16,Yes,1,95.9,2,5331.66,Home Improvement,17800.0,5.9,Yes,1
SHG24987,Maharashtra,Women SHG,13,11,49.9,56.5,134.9,1355.08,82.4,66.9,10,Yes,2,76.6,0,27770.47,Small Business,32700.0,6.9,No,1
SHG24988,Tamil Nadu,Mixed SHG,13,26,40.0,57.1,142.64,3148.98,68.5,81.7,13,Yes,0,,0,0.0,Agriculture,20800.0,7.7,Yes,0
SHG24989,Uttar Pradesh,Women SHG,10,11,40.7,50.7,87.39,568.06,53.8,93.6,9,Yes,2,73.8,1,29392.79,Small Business,19400.0,4.3,Yes,1
SHG24990,Uttar Pradesh,Women SHG,8,27,44.1,48.0,144.51,2277.27,86.5,91.3,14,Yes,3,78.0,2,3282.66,Livestock,22900.0,5.8,Yes,1
SHG24991,Uttar Pradesh,Women SHG,12,39,31.1,48.1,110.66,3558.01,71.4,90.4,22,Yes,2,51.2,0,12327.95,Small Business,108800.0,8.5,Yes,1
SHG24992,Maharashtra,Women SHG,16,79,40.0,98.3,45.37,4638.21,65.3,76.4,71,Yes,0,,0,0.0,Home Improvement,5000.0,4.0,No,1
SHG24993,Tamil Nadu,Women SHG,9,14,30.8,100.0,105.37,765.65,66.4,80.4,10,No,1,71.5,0,30374.4,Emergency/Consumption,45900.0,8.0,Yes,0
SHG24994,West Bengal,Women SHG,17,77,23.9,56.9,29.71,2544.53,75.8,29.9,56,No,1,54.9,1,10272.3,Small Business,7400.0,9.0,No,0
SHG24995,Kerala,Mixed SHG,9,30,57.2,64.4,56.17,1224.48,80.1,71.4,20,Yes,0,,0,0.0,Small Business,35800.0,8.9,Yes,1
SHG24996,Uttar Pradesh,Women SHG,15,65,39.7,66.4,213.51,16223.21,78.0,86.9,47,No,1,69.5,0,19660.17,Small Business,5900.0,6.8,Yes,1
SHG24997,Uttar Pradesh,Mixed SHG,16,35,47.2,59.7,195.97,6909.61,65.0,82.9,19,Yes,1,47.6,1,13175.35,Livestock,52900.0,8.4,Yes,0
SHG24998,Karnataka,Women SHG,15,3,44.0,59.6,39.72,130.99,62.4,80.9,2,Yes,0,,0,0.0,Agriculture,32300.0,6.0,Yes,0
SHG24999,Bihar,Farmer Producer Group,17,10,44.7,73.7,278.61,3284.17,74.0,52.0,9,Yes,0,,0,0.0,Agriculture,5000.0,8.7,Yes,1
